State,City,Scale_of_Operation,Monthly_Production_Tons,Machine_Utilization_Pct,Skilled_Labor_Pct,Transport_Cost_Rs_per_Ton,Quality_Rejection_Rate_Pct,Avg_Selling_Price_Rs_sqm,Net_Profit_Margin_Pct,Profitability_Class
Tamil Nadu,Dharmapuri,Medium,2813.9,98.0,61.77,1302.87,5.19,2415.96,22.405,High
Rajasthan,Makrana,Medium,3256.29,85.5,53.27,2438.38,8.63,2235.77,14.283,Medium
Andhra Pradesh,Ongole,Small,1723.55,58.63,51.31,1914.61,5.0,1965.24,9.746,Medium
Rajasthan,Udaipur,Small,1954.08,78.71,55.6,1779.59,8.15,2324.9,12.879,Medium
Andhra Pradesh,Guntur,Medium,2098.17,76.42,61.81,1508.74,9.52,2267.57,13.316,Medium
Telangana,Karimnagar,Medium,1918.22,80.77,52.32,1864.56,5.63,1329.5,12.992,Medium
Rajasthan,Jodhpur,Medium,3078.99,94.22,55.39,,2.66,2125.74,16.408,High
Telangana,Warangal,Medium,2630.04,77.46,50.56,2079.45,4.43,1760.67,9.713,Medium
Rajasthan,Makrana,Medium,2873.7,71.0,88.77,1210.09,8.76,2744.85,18.35,High
Telangana,Warangal,Large,4533.01,98.0,80.7,1708.28,7.7,2178.19,17.946,High
Andhra Pradesh,Kadapa,Medium,2998.54,65.62,45.04,1322.64,3.5,2110.77,8.466,Medium
Rajasthan,Udaipur,Large,5050.0,76.25,44.14,2346.92,5.38,2128.51,13.817,Medium
Telangana,Warangal,Small,1472.54,85.28,50.82,1433.54,9.64,1551.38,9.568,Medium
Rajasthan,Kishangarh,Medium,2985.52,63.79,34.83,3005.79,4.18,2066.91,9.335,Medium
Tamil Nadu,Madurai,Small,1817.44,81.5,69.62,1225.56,7.15,2147.39,13.278,Medium
Tamil Nadu,Krishnagiri,Small,1621.5,67.44,20.0,1145.46,1.8,2367.41,10.736,Medium
Andhra Pradesh,Nellore,Small,1677.56,73.55,50.6,1814.85,11.07,1956.36,5.828,Low
Karnataka,Ramanagara,Medium,3619.78,71.91,39.81,1464.37,8.23,2274.97,11.635,Medium
Andhra Pradesh,Ongole,Small,1260.32,74.77,62.74,1758.26,7.65,1622.1,8.429,Medium
Gujarat,Bhavnagar,Small,1219.26,80.67,48.62,2119.98,8.6,1566.76,7.586,Low
Andhra Pradesh,Ongole,Large,3944.5,98.0,75.91,2212.45,,1755.32,19.187,High
Tamil Nadu,Dharmapuri,Large,5369.56,84.56,38.12,1313.85,2.35,2730.57,21.746,High
Tamil Nadu,Krishnagiri,Medium,2832.39,84.4,70.72,973.59,3.7,3027.44,22.424,High
Andhra Pradesh,Kadapa,Medium,2317.86,76.11,72.77,2592.26,4.35,2189.36,14.958,Medium
Andhra Pradesh,Nellore,Large,4604.67,77.05,69.1,2098.84,2.61,1893.13,18.759,High
Gujarat,Bhavnagar,Medium,2773.17,76.28,47.13,1608.3,5.06,1624.28,10.32,Medium
Rajasthan,Kishangarh,Small,1357.47,82.72,47.45,2515.74,5.96,2149.7,10.598,Medium
Tamil Nadu,Salem,Large,5422.14,48.98,67.51,1669.98,4.39,2520.79,22.922,High
Andhra Pradesh,Guntur,Medium,3124.34,75.17,37.62,1241.2,5.13,1881.66,11.361,Medium
Gujarat,Ahmedabad,Medium,2069.75,83.17,52.06,2314.32,3.88,1887.22,11.08,Medium
Andhra Pradesh,Ongole,Medium,2401.03,64.46,51.62,1262.93,2.05,2096.48,11.383,Medium
Karnataka,Chitradurga,Medium,3062.09,80.54,63.14,1715.12,7.72,2023.23,17.271,High
Rajasthan,Makrana,Large,5191.58,84.99,49.72,2315.98,6.69,2228.42,20.217,High
Tamil Nadu,Salem,Small,1588.54,69.98,72.33,1235.5,6.67,2124.17,15.94,Medium
Andhra Pradesh,Ongole,Large,4428.45,85.52,80.41,1958.67,5.23,2239.92,21.568,High
Gujarat,Bhavnagar,Large,3480.41,74.71,40.46,1981.26,7.33,1096.44,11.168,Medium
Andhra Pradesh,Kurnool,Medium,2216.86,77.78,34.88,961.39,10.68,2000.83,11.205,Medium
Tamil Nadu,Dharmapuri,Medium,3114.75,74.62,74.76,1381.94,5.27,2511.5,19.363,High
Rajasthan,Jaipur,Small,1522.28,84.11,51.67,2259.09,7.5,1978.61,12.523,Medium
Karnataka,Chitradurga,Small,1380.1,91.61,27.54,2426.84,2.01,2429.47,12.198,Medium
Tamil Nadu,Madurai,Small,1644.92,67.48,41.99,2015.43,10.23,2451.11,10.287,Medium
Rajasthan,Udaipur,Medium,2865.13,83.81,47.98,1630.13,3.61,2118.02,15.107,Medium
Karnataka,Hassan,Medium,2473.08,69.68,68.37,2249.41,6.98,2595.59,12.716,Medium
Rajasthan,Jodhpur,Small,1640.5,69.16,74.24,1704.83,8.52,2206.77,13.947,Medium
Rajasthan,Jaipur,Small,1958.83,65.95,54.21,1970.2,6.51,2079.65,9.382,Medium
Telangana,Warangal,Large,3811.53,57.41,66.57,2025.81,5.81,1923.93,13.924,Medium
Rajasthan,Makrana,Small,1217.95,81.81,44.0,1547.99,12.19,2073.2,2.084997832149817,Medium
Telangana,Karimnagar,Large,4841.97,81.48,87.3,2447.35,4.52,2022.89,18.373,High
Andhra Pradesh,Nellore,Small,1625.86,76.06,40.43,2247.31,7.56,1969.68,9.505,Medium
Rajasthan,Udaipur,Medium,2474.75,92.66,60.92,1840.52,7.86,2059.35,15.459,Medium
Karnataka,Mysuru,Small,1733.41,95.35,39.41,1594.97,9.78,2270.61,11.956,Medium
Tamil Nadu,Madurai,Medium,3010.15,87.71,39.32,1881.02,4.74,2080.01,15.713,Medium
Andhra Pradesh,Ongole,Medium,2330.96,61.25,54.01,1205.14,,1900.7,10.263,Medium
Rajasthan,Makrana,Small,1611.12,68.72,45.01,1732.42,7.44,2097.44,9.304,Medium
Tamil Nadu,Chennai,Medium,3060.64,59.01,42.44,1214.43,5.15,2154.56,13.72,Medium
Tamil Nadu,Krishnagiri,Medium,3249.38,68.44,50.99,1283.41,6.61,2312.11,20.418,High
Gujarat,Rajkot,Medium,2263.91,72.44,83.76,2464.45,4.01,2003.12,10.733,Medium
Andhra Pradesh,Guntur,Medium,1865.03,78.41,64.5,1334.22,,1945.1,17.548,High
Tamil Nadu,Madurai,Small,2411.43,61.09,48.26,1616.76,3.02,2676.04,13.718,Medium
Telangana,Khammam,Medium,2440.91,71.08,60.34,2211.0,7.02,1928.89,9.509,Medium
Gujarat,Rajkot,Large,4207.01,65.28,84.19,2027.56,6.52,1849.29,15.653,Medium
Tamil Nadu,Dharmapuri,Large,5585.74,71.69,61.37,1839.24,,2332.67,22.231,High
Karnataka,Chitradurga,Large,5124.14,90.8,70.9,1611.83,5.34,2104.45,21.473,High
Tamil Nadu,Krishnagiri,Small,1839.32,66.78,63.3,1238.99,9.69,2805.15,16.824,High
Karnataka,Hassan,Medium,3783.37,91.12,83.6,2405.58,6.23,2284.18,18.141,High
Tamil Nadu,Krishnagiri,Medium,2920.95,82.5,52.96,1291.53,7.23,2069.39,17.452,High
Tamil Nadu,Chennai,Small,1446.19,81.82,41.27,2025.97,8.73,2041.97,9.991,Medium
Tamil Nadu,Madurai,Large,5213.55,98.0,57.54,1893.77,0.5,2631.17,24.026,High
Andhra Pradesh,Kadapa,Medium,2668.34,76.84,67.47,1464.98,2.54,2016.58,17.154,High
Tamil Nadu,Madurai,Small,1521.22,59.74,60.43,2006.89,12.58,2112.93,9.268,Medium
Rajasthan,Udaipur,Small,1817.07,67.52,59.05,1891.47,8.74,1909.99,11.586,Medium
Tamil Nadu,Dharmapuri,Large,5726.26,59.02,78.02,1766.93,3.52,2937.59,21.522,High
Telangana,Warangal,Small,1476.37,90.42,61.79,2194.12,5.25,2015.9,8.03,Medium
Tamil Nadu,Madurai,Small,1668.66,68.67,43.57,1276.9,11.27,1999.15,11.25,Medium
Tamil Nadu,Chennai,Medium,3259.4,61.41,34.5,1918.93,4.6,1788.54,13.376,Medium
Tamil Nadu,Chennai,Small,2058.5,62.51,44.06,2521.89,11.33,2640.66,8.495,Medium
Tamil Nadu,Krishnagiri,Large,5223.85,83.31,73.53,1744.28,0.59,2399.54,25.92,High
Tamil Nadu,Salem,Medium,3356.53,78.64,64.6,2007.84,10.01,2334.93,15.804,High
Telangana,Nizamabad,Medium,2518.26,74.14,38.58,2283.5,7.54,1673.57,10.448,Medium
Tamil Nadu,Chennai,Large,5355.99,78.04,26.83,1673.29,10.82,1857.46,17.726,High
Tamil Nadu,Salem,Medium,3334.36,77.99,69.92,1419.04,3.48,2721.21,19.583,High
Andhra Pradesh,Guntur,Small,2027.98,55.09,60.08,1893.43,11.47,1629.45,5.595,Low
Tamil Nadu,Chennai,Medium,3007.27,72.2,61.64,1786.71,6.84,2300.63,19.621,High
Tamil Nadu,Salem,Medium,3069.01,64.07,61.17,1385.7,7.31,2857.5,17.453,High
Andhra Pradesh,Ongole,Small,908.7,49.12,51.96,1286.36,10.63,1792.66,5.059,Low
Gujarat,Bhavnagar,Medium,2283.66,62.4,41.47,1930.91,11.1,1573.38,5.561,Low
Rajasthan,Udaipur,Large,4621.37,70.69,58.89,2226.48,4.69,1825.1,19.964,High
Tamil Nadu,Dharmapuri,Medium,3310.92,98.0,55.01,1364.12,6.57,1869.12,18.032,High
Telangana,Karimnagar,Large,4685.15,85.97,56.8,1534.74,5.94,2008.27,18.418,High
Karnataka,Bengaluru,Medium,2610.42,72.32,50.58,1302.01,7.38,2341.9,14.552,Medium
Rajasthan,Udaipur,Medium,2526.64,67.75,63.35,1553.44,8.0,2211.69,15.712,Medium
Rajasthan,Makrana,Large,4876.87,73.53,54.11,,,2242.59,18.362,High
Karnataka,Chitradurga,Small,1522.88,61.3,33.73,2202.45,4.33,2082.23,10.572,Medium
Telangana,Karimnagar,Small,1122.96,72.63,63.84,1193.96,9.29,2163.28,7.034,Low
Telangana,Karimnagar,Medium,2091.62,91.92,81.99,2802.65,8.01,2119.5,10.883,Medium
Tamil Nadu,Krishnagiri,Medium,2862.88,56.72,31.2,1037.76,6.72,2394.77,13.491,Medium
Gujarat,Ahmedabad,Small,1304.1,71.1,55.71,2078.92,8.24,1710.9,7.335,Low
Karnataka,Hassan,Small,1612.25,87.62,43.92,,7.82,1843.8,11.983,Medium
Tamil Nadu,Chennai,Small,2284.34,77.31,69.97,1549.3,7.91,2338.48,7.2520983384402555,High
Tamil Nadu,Salem,Medium,3138.89,67.64,63.78,,3.67,1925.53,16.661,High
Tamil Nadu,Krishnagiri,Large,6009.51,91.31,81.81,1729.43,4.58,2472.96,28.0,High
Rajasthan,Jaipur,Large,4579.8,69.52,57.27,2008.86,6.38,1859.3,15.001,Medium
Andhra Pradesh,Kurnool,Medium,2278.19,60.96,58.52,1364.4,5.88,2319.77,11.942,Medium
Tamil Nadu,Krishnagiri,Large,6029.4,98.0,92.0,1017.54,9.09,2663.47,28.0,High
Andhra Pradesh,Nellore,Medium,2263.46,74.94,55.91,961.67,2.55,2457.45,17.367,High
Rajasthan,Jaipur,Small,1181.88,71.12,63.31,1980.47,9.74,1929.98,9.115,Medium
Tamil Nadu,Madurai,Small,1402.56,76.39,66.89,1836.9,8.81,2707.24,12.156,Medium
Karnataka,Bengaluru,Medium,3609.91,69.53,45.49,2422.35,4.24,2212.37,14.153,Medium
Telangana,Karimnagar,Small,1357.46,66.45,20.79,1360.65,7.11,1770.3,5.479,Low
Gujarat,Bhavnagar,Medium,2208.1,94.19,34.03,1418.7,5.02,1495.73,7.611,Low
Karnataka,Chitradurga,Medium,2762.7,95.12,35.06,1266.65,4.94,2027.71,17.694,High
Andhra Pradesh,Kurnool,Medium,2558.38,58.9,54.53,2145.69,2.87,2176.98,15.331,Medium
Telangana,Nizamabad,Large,3910.92,79.56,71.41,2143.77,5.62,1922.03,13.049,Medium
Tamil Nadu,Salem,Medium,3554.89,70.75,75.59,1011.55,3.98,2592.33,15.793,Medium
Andhra Pradesh,Nellore,Small,1169.25,78.65,36.73,2123.36,6.15,1474.13,3.826,Low
Telangana,Hyderabad,Medium,2780.56,61.57,91.39,1702.34,6.66,2333.29,16.416,High
Rajasthan,Kishangarh,Medium,3213.77,79.53,74.34,1926.82,,1838.41,15.986,Medium
Tamil Nadu,Dharmapuri,Small,1677.44,81.46,48.12,975.69,8.8,2416.7,12.81,Medium
Rajasthan,Udaipur,Small,2009.27,77.45,92.0,1482.73,9.72,2341.3,14.593,Medium
Telangana,Hyderabad,Medium,2057.65,79.88,63.26,1386.87,1.83,1469.23,14.161,Medium
Andhra Pradesh,Nellore,Large,3816.73,81.38,68.31,1647.79,4.94,2012.68,19.866,High
Tamil Nadu,Dharmapuri,Medium,3296.69,85.14,39.91,1793.66,9.62,2282.59,17.165,High
Andhra Pradesh,Nellore,Large,4245.81,83.69,49.84,1301.58,1.5,2043.37,20.0,High
Andhra Pradesh,Guntur,Large,4827.88,66.64,71.73,1244.22,6.73,2100.15,16.825,High
Andhra Pradesh,Kadapa,Small,1473.25,53.3,56.0,1371.37,11.03,1572.5,5.231,Low
Telangana,Hyderabad,Medium,2324.47,82.01,61.58,2644.27,2.16,2157.51,11.101,Medium
Rajasthan,Makrana,Medium,2722.67,89.87,45.07,1560.89,8.8,1853.85,16.682,High
Andhra Pradesh,Kadapa,Small,1291.23,78.56,60.84,1179.87,8.88,1830.27,11.093,Medium
Rajasthan,Jaipur,Medium,2485.0,81.34,58.08,1096.84,5.73,2086.88,16.387,High
Rajasthan,Kishangarh,Medium,2221.92,62.17,45.92,1142.94,9.02,2291.84,9.497,Medium
Gujarat,Rajkot,Small,1021.23,71.94,36.33,1754.95,10.34,1532.91,1.5,Low
Tamil Nadu,Madurai,Large,5803.49,90.92,64.86,964.83,2.63,2435.03,23.732,High
Telangana,Nizamabad,Medium,2331.17,78.75,71.99,1381.46,3.64,2340.24,15.854,Medium
Gujarat,Surat,Large,3819.71,82.57,79.95,2196.38,4.22,1616.65,14.864,Medium
Andhra Pradesh,Nellore,Small,1442.96,83.12,44.3,2302.98,9.59,1703.37,10.02,Medium
Gujarat,Bhavnagar,Large,3324.61,86.45,55.57,2235.1,4.95,1963.01,11.706,Medium
Tamil Nadu,Dharmapuri,Small,1915.64,84.41,49.7,2265.9,7.3,2467.22,13.854,Medium
Rajasthan,Jaipur,Small,1288.33,77.78,55.44,2473.4,6.98,1942.1,11.271,Medium
Tamil Nadu,Salem,Medium,3078.4,73.59,39.23,2258.41,7.98,2062.53,9.335,Medium
Andhra Pradesh,Ongole,Medium,3599.33,59.83,52.6,1691.29,7.34,1994.21,12.289,Medium
Gujarat,Ahmedabad,Medium,1640.17,94.58,55.65,2010.5,5.21,1401.57,10.354,Medium
Telangana,Warangal,Medium,2971.46,64.01,59.01,2476.13,4.19,2086.58,5.097,Low
Tamil Nadu,Salem,Small,1746.12,81.14,38.62,1972.94,9.47,2324.63,10.976,Medium
Karnataka,Bengaluru,Medium,3145.02,73.52,41.85,2220.89,2.68,2110.73,16.334,High
Karnataka,Bengaluru,Medium,2671.47,98.0,61.45,1594.72,4.75,2343.7,17.543,High
Telangana,Nizamabad,Medium,2634.27,78.33,66.52,1444.08,5.43,2297.61,10.947,Medium
Tamil Nadu,Salem,Medium,3049.24,92.8,60.9,1396.87,6.05,2559.15,17.152,High
Karnataka,Bengaluru,Large,4841.12,79.45,74.51,1626.15,3.14,2436.08,22.052,High
Telangana,Khammam,Medium,2778.81,73.61,65.13,2559.03,2.36,2146.24,14.132,Medium
Andhra Pradesh,Kurnool,Medium,2319.54,98.0,47.01,2463.11,9.91,2225.97,12.655,Medium
Telangana,Khammam,Large,3578.2,65.33,82.28,2177.08,4.53,2214.73,12.213,Medium
Telangana,Khammam,Medium,2199.82,98.0,50.82,1804.16,8.64,1739.13,10.635,Medium
Karnataka,Chitradurga,Small,1825.4,93.42,41.34,1261.63,15.11,2105.69,12.168,Medium
Andhra Pradesh,Nellore,Small,1833.9,66.58,22.25,1836.12,8.9,1780.24,2.354,Low
Andhra Pradesh,Guntur,Medium,2424.57,85.01,48.76,1454.93,6.63,1837.31,11.721,Medium
Karnataka,Mysuru,Small,1359.65,59.13,47.06,1211.79,7.55,1993.54,6.754,Low
Rajasthan,Kishangarh,Medium,2433.99,84.64,51.16,1803.0,6.74,2284.22,14.72,Medium
Rajasthan,Udaipur,Small,1661.0,77.54,59.69,2375.28,9.07,2215.78,11.634,Medium
Rajasthan,Jaipur,Small,1765.97,83.38,72.14,2453.05,7.17,2424.11,17.243,High
Karnataka,Chitradurga,Medium,3190.39,71.8,74.23,1255.58,8.19,2056.2,16.763,High
Tamil Nadu,Dharmapuri,Large,5367.75,82.38,36.54,1617.42,4.41,2232.42,20.527,High
Andhra Pradesh,Guntur,Medium,2469.96,72.63,71.1,1924.75,6.48,1899.37,13.191,Medium
Rajasthan,Udaipur,Large,4754.99,72.78,74.53,1849.11,5.1,2099.18,19.09,High
Telangana,Khammam,Large,4182.66,90.31,88.04,2550.25,1.11,2122.74,20.715,High
Rajasthan,Jodhpur,Small,1427.01,73.12,40.27,1673.01,9.45,1788.93,11.768,Medium
Andhra Pradesh,Nellore,Small,1808.36,81.21,41.9,2166.63,,2096.0,6.829,Low
Karnataka,Hassan,Medium,3034.55,63.0,67.33,1383.73,2.56,2336.18,14.857,Medium
Andhra Pradesh,Ongole,Large,4465.36,59.38,78.59,1972.4,8.45,1950.32,15.909,Medium
Rajasthan,Makrana,Medium,2974.5,57.26,50.11,1509.33,5.37,2061.32,10.303,Medium
Rajasthan,Jaipur,Large,4569.71,87.19,62.4,2870.15,8.13,2362.63,20.027,High
Telangana,Hyderabad,Small,1346.23,63.51,59.77,1337.67,8.88,1414.76,4.053,Low
Rajasthan,Jaipur,Small,1414.15,88.2,59.61,2301.56,13.92,2225.89,13.807,Medium
Andhra Pradesh,Kurnool,Medium,2756.37,88.75,63.24,2123.88,6.64,1745.25,14.218,Medium
Telangana,Nizamabad,Medium,2257.59,83.94,55.53,1574.39,6.24,1544.52,10.562,Medium
Telangana,Nizamabad,Small,1971.66,80.78,36.64,2108.51,8.74,1516.2,6.927,Low
Telangana,Nizamabad,Small,760.24,79.18,48.78,2349.86,5.84,1577.65,7.688,Low
Telangana,Karimnagar,Small,355.43,89.19,34.02,1078.62,7.87,1727.94,8.05,Medium
Tamil Nadu,Madurai,Medium,3094.98,75.74,59.05,1678.53,3.32,2096.04,17.741,High
Karnataka,Bengaluru,Large,4915.47,89.4,53.7,1922.95,7.47,1974.39,18.895,High
Tamil Nadu,Krishnagiri,Large,5363.74,69.43,46.72,2020.92,7.51,2553.25,20.867,High
Rajasthan,Jaipur,Medium,2513.48,62.55,92.0,1519.52,7.27,2579.85,16.569,High
Tamil Nadu,Krishnagiri,Medium,3601.88,74.62,33.46,1662.51,6.43,2126.7,13.681,Medium
Rajasthan,Jodhpur,Medium,2832.47,67.37,72.54,1747.35,2.33,2143.37,17.49,High
Karnataka,Ramanagara,Small,1513.08,68.35,55.26,2385.89,10.62,2042.33,9.789,Medium
Andhra Pradesh,Kurnool,Small,1979.91,92.71,59.43,1559.24,5.8,1963.16,11.044,Medium
Andhra Pradesh,Guntur,Small,1653.24,45.12,30.53,1381.81,11.67,1858.06,5.011,Low
Tamil Nadu,Salem,Large,5950.24,82.68,69.29,1924.11,7.39,2484.28,20.36,High
Gujarat,Bhavnagar,Large,3631.05,87.81,32.55,2346.34,7.72,1619.74,7.98,Low
Rajasthan,Jodhpur,Medium,2647.38,83.52,48.25,1711.33,5.06,2133.83,18.367,Low
Telangana,Warangal,Medium,2063.58,65.56,63.15,1898.6,4.25,1841.9,10.529,Medium
Andhra Pradesh,Guntur,Small,1226.68,92.53,69.35,1761.16,4.99,2041.65,13.946,Medium
Telangana,Warangal,Medium,2387.04,54.04,67.33,2453.67,7.79,2370.42,7.801,Low
Rajasthan,Udaipur,Medium,2593.14,66.08,53.18,2728.24,2.71,2120.44,12.569,Medium
Karnataka,Chitradurga,Medium,3669.43,68.78,60.28,1363.31,8.6,1928.62,16.769,High
Tamil Nadu,Krishnagiri,Small,1780.86,66.33,56.58,1404.5,8.94,2787.24,14.314,Medium
Rajasthan,Makrana,Large,5374.74,94.29,45.42,1462.34,4.75,2401.06,22.116,High
Andhra Pradesh,Guntur,Medium,2058.79,71.17,77.68,2428.45,10.0,2425.09,9.856,Medium
Telangana,Hyderabad,Large,4871.97,85.37,60.38,2037.02,6.85,1722.09,15.388,Medium
Gujarat,Ahmedabad,Large,3009.04,91.74,58.59,1340.27,1.55,2042.35,18.251,High
Tamil Nadu,Dharmapuri,Large,4839.63,70.61,47.9,1557.04,6.92,2450.46,15.333,Medium
Rajasthan,Jodhpur,Small,1013.57,71.12,20.0,1571.35,5.87,1464.58,5.325,Low
Rajasthan,Jodhpur,Small,1506.92,95.9,79.14,2021.99,7.04,2139.62,17.65,High
Telangana,Hyderabad,Small,1498.25,77.47,27.39,2150.32,11.42,1459.29,1.5,Low
Telangana,Nizamabad,Small,1649.16,59.07,57.75,2579.48,6.94,1697.39,4.392,Low
Karnataka,Mysuru,Medium,3061.34,59.74,61.57,2101.63,7.78,2398.57,15.318,Medium
Tamil Nadu,Madurai,Medium,3631.59,88.62,57.79,1961.09,6.1,2233.62,19.386,High
Tamil Nadu,Krishnagiri,Medium,2794.75,55.58,46.62,1904.4,5.84,2271.9,14.311,Medium
Telangana,Warangal,Small,1787.24,67.38,40.34,,5.66,1833.46,7.213,Low
Telangana,Nizamabad,Large,4315.01,79.78,67.01,1134.38,2.75,1828.93,18.841,High
Rajasthan,Jaipur,Small,2325.15,74.6,48.49,2718.9,9.49,1820.67,9.268,Medium
Karnataka,Bengaluru,Small,1698.61,90.46,47.94,1431.83,6.73,2007.01,11.464,Medium
Andhra Pradesh,Guntur,Medium,2491.01,44.84,54.02,2172.24,6.73,1883.77,6.765,Low
Karnataka,Hassan,Medium,2741.33,77.26,68.87,1532.48,5.84,2435.25,17.012,High
Gujarat,Bhavnagar,Medium,1963.02,69.25,59.44,1505.52,6.95,1738.6,6.235,Low
Tamil Nadu,Dharmapuri,Small,1892.25,85.76,51.71,882.39,11.36,1830.7,12.505,Medium
Tamil Nadu,Dharmapuri,Medium,3199.82,68.15,53.26,1290.05,7.94,2329.93,14.888,Medium
Telangana,Karimnagar,Small,1603.26,70.13,62.57,2583.37,14.42,1841.75,7.464,Low
Rajasthan,Jaipur,Small,1231.9,74.44,41.94,2096.15,12.43,1879.37,4.115,Low
Andhra Pradesh,Kadapa,Medium,2401.82,65.63,44.73,1596.31,5.45,1789.05,1.0,Medium
Karnataka,Ramanagara,Small,1159.96,71.0,30.77,1512.98,9.42,1789.34,8.56,Medium
Karnataka,Bengaluru,Small,1410.66,67.67,52.4,2412.8,13.72,1933.74,8.802,Medium
Rajasthan,Makrana,Medium,3096.01,92.95,74.1,2871.37,10.05,2021.02,17.869,High
Gujarat,Bhavnagar,Large,4271.95,67.28,61.16,1410.14,7.73,1645.59,10.335,Medium
Tamil Nadu,Krishnagiri,Large,4580.2,71.25,78.56,1160.95,2.08,2558.45,23.304,High
Gujarat,Bhavnagar,Medium,2875.23,67.19,57.16,1067.21,9.04,1878.89,10.436,Medium
Andhra Pradesh,Guntur,Small,2034.01,72.49,49.42,1112.64,7.92,1960.1,8.748,Low
Rajasthan,Kishangarh,Small,1001.38,93.46,54.83,2082.35,8.27,2276.05,13.123,Medium
Tamil Nadu,Madurai,Small,2052.04,66.14,63.49,2001.45,6.55,2448.71,15.801,Medium
Tamil Nadu,Dharmapuri,Medium,2910.22,98.0,22.96,1252.06,6.69,2037.13,17.613,High
Karnataka,Bengaluru,Medium,2716.11,75.81,61.0,1683.97,6.11,2175.38,16.744,High
Rajasthan,Makrana,Medium,3098.04,61.32,71.55,2268.8,,2161.9,16.751,High
Andhra Pradesh,Ongole,Medium,2620.45,62.87,71.91,1225.27,0.85,2304.41,13.94,Medium
Andhra Pradesh,Guntur,Small,1147.8,45.64,43.85,1589.69,5.81,1732.6,4.343,Low
Tamil Nadu,Salem,Medium,3028.46,76.48,83.04,1514.89,,2516.98,19.741,High
Gujarat,Surat,Small,1141.02,83.21,64.64,1238.38,,1645.23,6.193,Low
Karnataka,Chitradurga,Medium,3167.38,72.53,71.29,1884.42,4.98,2417.28,19.617,High
Karnataka,Ramanagara,Medium,2480.6,84.29,57.92,1442.33,8.94,2667.03,17.42,High
Tamil Nadu,Chennai,Medium,2934.3,79.09,54.33,2211.29,5.11,2556.77,17.777,High
Karnataka,Mysuru,Medium,3600.66,92.73,66.35,2259.36,4.88,2225.7,16.407,High
Rajasthan,Makrana,Medium,3120.35,58.47,54.4,2186.8,5.47,2199.43,10.483,Medium
Rajasthan,Udaipur,Small,1833.31,88.25,52.47,2006.52,2.74,1840.18,12.068,Medium
Andhra Pradesh,Guntur,Small,1234.76,98.0,46.12,1633.91,10.56,1825.65,5.357,Low
Tamil Nadu,Krishnagiri,Medium,2655.86,98.0,45.94,1927.19,4.33,2275.85,18.607,High
Tamil Nadu,Chennai,Small,1600.32,89.87,35.7,1964.97,12.92,2251.93,6.652,Low
Andhra Pradesh,Kadapa,Medium,2428.28,73.2,76.16,2211.97,6.16,2191.44,13.217,Medium
Tamil Nadu,Madurai,Medium,3756.56,62.7,90.39,1400.05,6.14,2409.59,22.199,High
Karnataka,Hassan,Large,4942.39,67.33,84.76,,6.0,2645.15,22.292,High
Tamil Nadu,Madurai,Large,5731.84,74.96,77.27,1274.61,2.39,2857.74,24.322,High
Rajasthan,Udaipur,Small,1977.01,96.77,70.34,1153.44,4.09,2345.03,17.935,High
Tamil Nadu,Salem,Large,5108.8,76.79,77.2,1261.08,3.93,2706.82,26.172,High
Andhra Pradesh,Ongole,Medium,1748.32,71.34,56.45,1251.99,7.64,1841.05,11.478,Medium
Telangana,Nizamabad,Medium,2642.72,89.21,50.81,2201.35,8.14,1734.27,9.148,Medium
Karnataka,Bengaluru,Small,1862.11,35.0,39.71,1988.33,15.63,2032.99,2.786,Low
Telangana,Khammam,Large,4186.75,66.32,86.6,1082.4,3.08,2170.74,18.56,High
Gujarat,Bhavnagar,Small,667.4,96.57,48.02,952.77,9.31,1711.48,6.112,Low
Tamil Nadu,Chennai,Large,5408.18,91.06,68.36,1382.42,3.41,2915.62,27.786,High
Tamil Nadu,Salem,Small,1559.19,85.89,40.41,1798.04,10.31,2161.71,7.282,Low
Rajasthan,Makrana,Medium,2779.33,63.13,46.48,2471.86,5.35,2058.66,11.596,Medium
Rajasthan,Makrana,Medium,2278.66,95.24,34.4,2789.72,3.9,1866.6,13.226,Medium
Rajasthan,Makrana,Small,1668.77,63.59,44.61,2296.89,8.98,2082.66,6.674,Low
Gujarat,Rajkot,Small,1509.62,72.36,66.76,2034.33,12.45,1408.13,3.59,Low
Tamil Nadu,Madurai,Medium,2755.51,79.13,65.16,1267.63,6.06,2258.71,22.516,High
Gujarat,Ahmedabad,Small,1644.43,84.95,57.53,1993.77,7.45,1627.41,6.826,Low
Rajasthan,Jaipur,Medium,2894.39,82.37,53.74,2310.64,8.09,1739.02,12.595,Medium
Telangana,Hyderabad,Medium,2868.82,69.64,69.98,1864.1,3.28,1896.29,13.364,Medium
Telangana,Karimnagar,Large,3803.48,60.58,61.19,1879.34,9.95,1979.38,10.617,Medium
Gujarat,Surat,Medium,2447.86,81.49,64.49,998.12,6.19,1274.49,10.148,Medium
Gujarat,Ahmedabad,Small,882.08,51.94,43.44,2230.91,11.59,1639.55,1.5,Low
Gujarat,Bhavnagar,Small,1104.21,78.64,63.89,1729.62,8.44,1913.17,7.228,Low
Rajasthan,Makrana,Small,1593.89,65.35,37.93,1745.57,8.25,2371.63,10.684,Medium
Tamil Nadu,Krishnagiri,Large,5390.67,80.86,81.28,2298.24,3.65,2529.95,24.322,High
Telangana,Warangal,Large,4201.12,74.05,70.84,2586.17,5.86,1887.0,17.654,High
Tamil Nadu,Krishnagiri,Small,2410.05,83.48,72.13,1233.74,7.36,2768.16,20.185,High
Rajasthan,Jaipur,Small,1719.14,66.8,47.14,1685.76,6.74,1847.57,11.813,Medium
Tamil Nadu,Madurai,Large,5575.97,86.82,61.14,1990.35,0.5,2666.49,25.268,High
Telangana,Hyderabad,Large,4306.18,83.95,68.14,2130.34,3.64,2284.89,18.108,High
Tamil Nadu,Dharmapuri,Large,5456.1,83.05,53.27,2108.38,2.81,2802.46,23.891,High
Karnataka,Chitradurga,Large,4674.03,81.65,90.97,1364.74,5.11,2399.68,25.84,High
Tamil Nadu,Dharmapuri,Medium,3336.72,59.56,49.21,1445.1,7.45,2309.23,11.927,Medium
Gujarat,Rajkot,Small,1992.21,57.76,42.05,1959.65,6.86,1511.81,4.51,Low
Gujarat,Vadodara,Medium,2076.28,94.79,75.06,958.64,4.98,1802.16,14.473,Medium
Telangana,Hyderabad,Medium,2511.92,51.45,62.99,2722.41,8.85,2201.52,6.884,Low
Tamil Nadu,Salem,Medium,3435.1,93.43,59.32,1672.0,6.34,2488.55,20.26,High
Andhra Pradesh,Guntur,Medium,2943.92,68.1,37.42,1810.16,6.54,1362.08,5.689,Low
Rajasthan,Jaipur,Small,1803.68,63.11,78.15,2038.42,6.03,2170.08,15.711,Medium
Karnataka,Mysuru,Small,1680.67,78.26,76.26,1837.76,6.35,2783.43,15.277,Medium
Gujarat,Surat,Medium,2715.37,61.57,65.94,2065.82,6.34,1819.63,7.964,Low
Tamil Nadu,Salem,Small,1753.72,80.05,54.5,2247.03,11.91,2286.82,12.835,Medium
Tamil Nadu,Madurai,Medium,3410.68,84.74,64.98,2296.24,4.02,2013.75,19.3,High
Karnataka,Ramanagara,Large,4725.18,91.57,60.86,1376.44,4.53,2497.67,20.571,High
Rajasthan,Jaipur,Large,4697.37,81.15,84.74,1506.66,6.74,2822.07,25.67,High
Tamil Nadu,Chennai,Medium,3309.74,75.45,53.15,1735.6,4.1,2565.96,15.614,Medium
Rajasthan,Kishangarh,Medium,2495.51,71.39,65.83,2629.98,3.5,2330.39,14.734,Medium
Karnataka,Ramanagara,Small,1281.38,79.87,55.89,1993.82,2.99,2222.91,10.909,Medium
Gujarat,Rajkot,Medium,1637.15,57.25,57.83,1140.63,8.94,1687.08,10.724,Medium
Andhra Pradesh,Guntur,Medium,2275.2,91.18,50.74,1610.73,5.09,1792.52,14.637,Medium
Gujarat,Ahmedabad,Medium,3119.01,72.64,35.66,1871.34,10.09,1733.62,5.683,Low
Tamil Nadu,Dharmapuri,Large,5224.59,86.27,69.46,783.01,3.93,2801.65,25.528,High
Andhra Pradesh,Kurnool,Medium,2480.06,69.15,50.51,1100.05,11.13,1914.19,7.795,Low
Gujarat,Rajkot,Small,1151.53,82.13,53.28,1382.74,3.4,1936.21,11.092,Medium
Tamil Nadu,Chennai,Small,1482.38,82.66,58.81,1192.34,10.72,2225.19,11.146,Medium
Telangana,Warangal,Medium,2280.79,59.37,56.88,1147.34,6.08,2144.04,11.36,Medium
Tamil Nadu,Salem,Medium,3764.94,77.07,58.49,1305.8,2.36,2387.12,17.859,High
Andhra Pradesh,Nellore,Large,4614.56,86.25,74.52,1729.9,4.34,1880.44,22.041,High
Andhra Pradesh,Kadapa,Medium,2887.72,84.0,60.27,1404.52,0.5,2267.23,15.556,Medium
Karnataka,Chitradurga,Medium,3286.62,70.12,56.21,1571.99,1.15,2296.15,17.299,High
Andhra Pradesh,Nellore,Medium,2846.63,64.84,67.83,1689.45,6.33,1976.34,15.329,Medium
Tamil Nadu,Dharmapuri,Medium,3207.82,82.29,54.4,1296.08,5.66,2352.2,18.964,High
Telangana,Warangal,Medium,2068.27,79.12,62.62,2589.15,6.79,1957.24,11.716,Medium
Karnataka,Chitradurga,Medium,2951.7,74.89,69.66,2026.86,5.42,2056.08,16.32,Low
Gujarat,Ahmedabad,Medium,2214.13,89.33,63.48,1365.67,4.67,1871.93,12.442,Medium
Andhra Pradesh,Nellore,Small,1065.53,60.2,68.18,1716.23,9.87,1696.79,7.79,Low
Rajasthan,Jodhpur,Large,5498.56,86.49,49.77,1499.49,0.94,2676.1,22.639,High
Tamil Nadu,Chennai,Small,1987.84,84.24,82.48,2373.28,9.95,2411.47,17.119,High
Karnataka,Chitradurga,Small,1886.57,56.76,65.23,1002.48,8.01,2216.85,14.549,Medium
Tamil Nadu,Salem,Small,1577.56,92.07,65.58,1251.84,7.8,2194.27,16.312,High
Karnataka,Ramanagara,Small,1233.88,82.35,49.41,1757.47,10.9,1984.04,9.751,Medium
Karnataka,Mysuru,Medium,3396.69,89.15,32.39,801.05,2.82,1809.84,15.22,Medium
Gujarat,Ahmedabad,Small,1161.56,66.87,63.5,1759.09,9.32,1574.04,6.058,Low
Karnataka,Chitradurga,Small,1684.47,81.61,66.8,1188.49,3.71,2344.89,18.036,High
Andhra Pradesh,Ongole,Medium,2871.67,63.7,48.18,1163.8,8.96,2094.15,9.559,Medium
Telangana,Warangal,Medium,2611.23,58.4,71.74,2178.8,10.17,2143.87,9.874,Medium
Tamil Nadu,Madurai,Small,2365.46,74.22,71.68,1746.55,8.74,2598.4,14.614,Medium
Andhra Pradesh,Nellore,Medium,2262.29,83.27,73.17,1255.48,8.22,1664.31,14.917,Medium
Rajasthan,Jaipur,Medium,2673.45,86.6,61.55,1878.89,1.85,2312.39,16.864,High
Andhra Pradesh,Nellore,Large,5178.44,83.48,68.45,1072.09,4.28,2083.7,21.017,High
Rajasthan,Kishangarh,Medium,2900.55,73.43,64.34,2593.15,6.45,1902.56,13.293,Medium
Rajasthan,Jaipur,Small,1343.65,87.57,51.0,2245.15,9.03,1822.63,7.071,Low
Karnataka,Hassan,Medium,3006.7,78.44,67.09,1610.18,5.52,2249.72,17.721,High
Andhra Pradesh,Ongole,Medium,2706.72,67.27,49.12,978.81,3.94,2291.42,13.511,Medium
Telangana,Karimnagar,Small,1134.78,89.09,28.35,1946.01,5.5,1766.56,6.376,Low
Rajasthan,Makrana,Large,4774.65,74.79,80.31,1456.99,5.34,1956.92,17.837,High
Tamil Nadu,Salem,Medium,3243.0,83.62,52.5,1354.19,2.48,2630.65,20.574,High
Rajasthan,Makrana,Large,5123.44,93.66,45.9,2194.85,0.5,2339.9,21.135,High
Andhra Pradesh,Guntur,Medium,2107.57,76.89,39.79,2303.6,0.5,1909.36,11.375,Medium
Andhra Pradesh,Ongole,Medium,2532.82,79.56,57.34,2015.69,7.16,1759.15,12.072,High
Karnataka,Bengaluru,Medium,3299.34,91.67,41.15,1610.2,8.39,2020.32,16.933,High
Andhra Pradesh,Guntur,Medium,2842.28,53.22,79.1,,6.4,2305.55,9.764,Medium
Tamil Nadu,Salem,Medium,3392.32,65.52,67.23,847.2,7.85,2441.41,15.736,Medium
Karnataka,Bengaluru,Large,4673.93,86.97,78.2,1465.31,0.5,2698.04,26.816,High
Telangana,Karimnagar,Medium,2645.6,73.34,49.19,1520.18,4.53,1716.79,13.404,Medium
Gujarat,Rajkot,Large,3664.08,92.62,52.36,1831.6,,1807.08,15.686,Medium
Rajasthan,Kishangarh,Large,4612.74,77.51,87.78,2143.28,4.48,2794.37,22.309,High
Karnataka,Bengaluru,Large,4892.62,87.63,57.04,1462.5,5.59,1806.59,19.259,High
Andhra Pradesh,Kadapa,Medium,2668.86,61.61,62.0,1027.1,9.63,1832.71,12.917,Medium
Tamil Nadu,Salem,Medium,3387.84,80.03,48.67,1201.4,4.94,2480.21,20.407,High
Karnataka,Mysuru,Small,1842.61,69.85,34.98,2112.29,2.73,1940.54,9.862,Medium
Telangana,Karimnagar,Medium,2334.86,78.46,78.28,1941.66,3.89,2265.5,16.287,High
Tamil Nadu,Madurai,Small,1294.39,98.0,48.49,1511.34,5.68,2582.18,18.535,High
Karnataka,Hassan,Small,1872.44,62.43,71.83,2369.63,5.92,1943.91,9.82,Medium
Andhra Pradesh,Guntur,Small,1815.21,65.36,30.7,1316.3,13.23,1984.72,2.35,Low
Karnataka,Hassan,Large,5129.84,79.02,64.1,2085.27,4.63,2052.3,20.202,High
Tamil Nadu,Chennai,Large,4899.52,91.08,63.8,1516.62,6.71,2779.35,20.724,High
Telangana,Khammam,Medium,2496.44,43.98,54.56,1481.39,0.5,1979.66,8.597,Medium
Rajasthan,Jaipur,Medium,3330.96,74.79,52.99,2082.52,5.23,2193.96,14.742,Medium
Karnataka,Mysuru,Medium,3213.18,71.8,61.29,1519.76,7.27,1971.72,14.777,Medium
Andhra Pradesh,Kurnool,Medium,2496.74,77.12,53.89,2089.21,6.15,1649.21,8.041,Medium
Karnataka,Chitradurga,Medium,2913.1,74.72,57.0,1975.28,9.39,1908.71,14.591,Medium
Andhra Pradesh,Ongole,Small,1150.52,81.06,75.13,1997.58,5.55,1957.29,11.246,Medium
Karnataka,Ramanagara,Small,1209.18,73.79,37.54,2305.93,8.51,2021.4,5.458,Low
Andhra Pradesh,Kadapa,Medium,2921.94,61.74,49.42,1651.27,6.14,2136.93,11.231,Medium
Andhra Pradesh,Ongole,Medium,2651.56,73.21,82.79,1207.2,6.07,1942.92,15.509,Medium
Andhra Pradesh,Kurnool,Medium,3073.88,73.5,86.5,2286.72,6.48,2004.8,16.095,High
Andhra Pradesh,Ongole,Large,4157.54,82.22,41.61,1790.18,5.08,1861.64,14.97,Medium
Tamil Nadu,Krishnagiri,Small,1916.23,56.37,83.23,1256.92,9.69,2734.83,14.772,Medium
Telangana,Warangal,Small,1307.15,75.73,60.15,2589.15,8.77,1748.98,7.482,Low
Tamil Nadu,Madurai,Medium,2989.26,91.6,49.66,1496.93,5.95,2595.43,17.454,High
Gujarat,Rajkot,Small,1884.67,37.81,48.8,915.94,5.57,1541.15,3.678,Low
Gujarat,Rajkot,Small,937.73,68.04,43.07,1524.63,7.88,1444.35,5.581,Low
Rajasthan,Kishangarh,Small,1872.22,48.75,49.61,2135.87,4.32,2176.9,10.958,Medium
Karnataka,Bengaluru,Medium,2618.26,79.13,45.19,1776.03,4.45,1660.63,17.517,High
Rajasthan,Udaipur,Small,1234.81,80.33,30.67,2344.22,8.04,2036.75,9.641,Medium
Rajasthan,Makrana,Medium,3009.17,70.54,39.13,1614.42,9.55,2069.32,9.497,Medium
Gujarat,Ahmedabad,Medium,2330.03,80.7,58.71,1957.45,3.56,1984.95,12.876,Medium
Andhra Pradesh,Nellore,Small,1510.09,88.07,40.61,2307.92,7.46,1810.45,8.168,Medium
Karnataka,Bengaluru,Medium,2755.43,74.22,40.57,1907.1,9.84,2375.0,14.981,Medium
Andhra Pradesh,Nellore,Small,1629.6,74.34,60.44,1951.01,10.38,2045.03,6.888,Low
Karnataka,Mysuru,Large,5520.05,89.3,72.85,1399.3,5.06,2466.72,26.358,High
Andhra Pradesh,Ongole,Large,4334.49,98.0,65.91,1853.2,7.62,2275.93,22.028,High
Tamil Nadu,Krishnagiri,Small,2077.42,59.98,53.29,2128.5,,2398.84,13.113,Medium
Tamil Nadu,Salem,Large,5665.8,90.88,51.02,1094.91,4.06,2624.27,26.896,High
Tamil Nadu,Madurai,Medium,3223.16,58.64,77.62,1130.47,6.22,2408.87,20.153,High
Rajasthan,Kishangarh,Large,4525.95,58.65,75.15,2574.82,1.27,2597.4,19.401,High
Tamil Nadu,Chennai,Medium,2998.22,67.28,84.63,1702.74,5.37,2643.3,16.849,High
Telangana,Nizamabad,Small,1475.25,70.15,75.33,2487.14,6.03,1860.91,7.698,Low
Andhra Pradesh,Kadapa,Large,4546.09,92.57,63.25,1950.46,9.81,2116.54,14.77,Medium
Tamil Nadu,Madurai,Small,1439.1,54.68,83.49,2208.9,4.66,2353.56,15.593,Medium
Rajasthan,Jodhpur,Small,1800.12,85.56,53.46,1630.51,3.45,2045.86,13.051,Medium
Andhra Pradesh,Guntur,Small,1903.94,73.97,51.8,1074.16,8.4,1784.21,8.6,Medium
Rajasthan,Kishangarh,Small,1384.58,60.52,49.61,2432.64,9.08,2016.25,8.48,Medium
Tamil Nadu,Salem,Medium,3728.93,79.03,54.46,1435.09,4.51,2369.69,19.274,High
Rajasthan,Makrana,Medium,2433.38,66.24,90.03,1735.46,7.55,2530.04,15.908,Medium
Rajasthan,Jaipur,Large,4548.8,98.0,55.06,1568.67,7.06,2006.78,21.277,High
Andhra Pradesh,Nellore,Small,935.68,80.66,28.53,2311.34,6.17,1964.3,9.691,Medium
Tamil Nadu,Chennai,Large,5532.46,84.28,57.63,2240.3,12.21,2491.91,21.294,High
Karnataka,Chitradurga,Large,4633.64,91.35,76.11,1760.01,4.44,2300.02,23.172,High
Gujarat,Rajkot,Small,1217.12,91.85,42.53,2429.04,13.16,1399.73,5.74,Low
Telangana,Hyderabad,Small,2119.52,94.43,41.89,1817.94,12.7,1328.29,4.521,Low
Tamil Nadu,Madurai,Large,5109.67,92.75,40.33,2073.56,10.39,2310.79,18.501,High
Rajasthan,Kishangarh,Medium,2732.96,91.66,34.78,2810.05,8.4,1558.29,11.178,Medium
Karnataka,Hassan,Medium,2370.58,87.47,45.44,2274.74,5.86,2454.04,16.024,High
Karnataka,Chitradurga,Medium,2903.81,79.84,71.37,1557.87,4.12,2514.26,15.888,Medium
Rajasthan,Makrana,Medium,2783.56,67.36,29.92,2010.63,6.69,1824.91,11.298,Medium
Rajasthan,Udaipur,Small,1324.47,93.43,44.43,2113.76,7.18,1805.72,8.262,Medium
Telangana,Warangal,Medium,2168.38,69.72,53.86,1876.87,6.57,1512.33,14.162,Medium
Gujarat,Surat,Small,1444.59,75.96,42.0,2151.14,12.14,1480.38,1.5,Low
Karnataka,Bengaluru,Medium,3449.61,73.09,61.3,2311.0,6.46,2165.09,14.653,Medium
Telangana,Karimnagar,Large,4017.33,86.74,71.83,2267.6,8.02,1514.36,19.043,High
Telangana,Hyderabad,Medium,2468.68,91.48,76.87,1753.74,,1806.87,15.086,Medium
Telangana,Hyderabad,Large,4289.81,79.11,64.86,1369.0,4.44,1761.78,19.663,High
Tamil Nadu,Chennai,Medium,2734.09,58.88,20.05,944.92,8.31,2353.74,11.448,Medium
Tamil Nadu,Salem,Medium,3004.98,89.31,47.64,1048.51,7.06,2389.22,20.959,High
Andhra Pradesh,Nellore,Medium,2359.73,87.85,50.0,1333.76,8.6,1729.47,14.123,Medium
Andhra Pradesh,Nellore,Large,4996.98,93.06,82.36,1196.9,10.25,1941.79,21.73,High
Telangana,Warangal,Medium,3062.12,88.66,59.17,1676.56,8.3,1566.36,11.369,Medium
Rajasthan,Makrana,Small,1229.52,87.41,64.18,1541.84,5.35,2359.18,15.522,Medium
Andhra Pradesh,Nellore,Large,4933.45,70.48,62.6,2295.51,5.18,1923.47,15.274,Medium
Karnataka,Bengaluru,Medium,2510.0,81.08,63.17,1812.56,,2218.68,17.201,High
Tamil Nadu,Dharmapuri,Small,1893.65,98.0,37.5,,7.64,2131.62,11.097,Medium
Karnataka,Bengaluru,Medium,3056.94,63.77,32.62,1660.37,1.17,1988.2,14.683,Medium
Rajasthan,Jodhpur,Large,4441.52,68.21,24.2,1578.28,0.5,2176.95,17.886,High
Karnataka,Hassan,Medium,2816.66,75.23,64.22,2558.02,1.7,2632.08,17.64,High
Karnataka,Ramanagara,Small,1408.43,82.55,56.36,1633.52,9.97,2050.89,12.496,Medium
Rajasthan,Kishangarh,Large,4326.59,84.59,72.38,2545.77,7.17,1859.64,19.416,High
Andhra Pradesh,Kadapa,Medium,1770.07,96.83,60.07,1481.33,3.15,2150.37,16.268,Low
Tamil Nadu,Dharmapuri,Medium,2997.5,66.13,22.84,2304.33,5.37,1867.81,13.542,Medium
Andhra Pradesh,Guntur,Small,1520.21,51.96,39.11,2377.68,10.69,1971.97,2.87,Low
Tamil Nadu,Krishnagiri,Small,1492.59,93.36,46.83,1364.56,9.32,2115.94,16.144,High
Karnataka,Hassan,Medium,3109.32,62.46,45.99,2753.6,2.3,2485.23,13.855,Medium
Telangana,Karimnagar,Large,3507.2,83.68,74.37,1946.93,2.85,2037.02,17.581,High
Andhra Pradesh,Ongole,Small,1164.54,90.5,46.75,1916.21,7.41,2057.43,14.108,Medium
Tamil Nadu,Dharmapuri,Small,2475.71,72.42,73.86,1135.05,6.17,2249.02,15.072,Medium
Karnataka,Mysuru,Small,1947.88,65.87,73.08,1595.99,6.2,1950.58,12.161,Medium
Tamil Nadu,Salem,Medium,3330.26,86.2,60.06,2103.16,3.74,2615.72,19.81,High
Gujarat,Bhavnagar,Small,916.69,79.55,59.68,1207.14,3.7,2145.36,7.667,Low
Gujarat,Ahmedabad,Small,1184.44,78.63,40.26,1887.39,10.85,1688.62,1.744,Low
Telangana,Khammam,Small,618.89,98.0,47.82,1565.77,8.22,1708.52,10.899,Medium
Andhra Pradesh,Kadapa,Medium,2799.17,66.92,30.82,1056.41,2.44,1982.97,13.147,Medium
Andhra Pradesh,Kadapa,Medium,2894.89,64.59,41.61,1516.1,6.31,1464.76,8.037,Medium
Karnataka,Ramanagara,Small,1018.45,64.98,60.3,1382.41,1.34,2487.85,11.945,Medium
Telangana,Warangal,Large,3949.18,93.9,49.59,2572.99,7.31,1749.52,14.525,Medium
Karnataka,Mysuru,Small,1585.7,79.17,76.87,1553.52,8.65,2212.46,14.39,Medium
Rajasthan,Udaipur,Small,1671.48,75.51,61.62,1627.47,,1792.05,10.337,Medium
Telangana,Hyderabad,Large,4054.61,59.48,64.34,1848.5,6.57,1974.93,14.634,Medium
Gujarat,Surat,Medium,1754.56,91.7,22.23,1927.23,9.33,1306.02,5.296,Low
Rajasthan,Makrana,Medium,2661.0,69.47,25.75,2817.9,2.31,1873.06,11.414,Medium
Rajasthan,Kishangarh,Small,1350.04,55.32,78.86,1600.17,6.24,2653.9,12.356,Medium
Rajasthan,Jaipur,Medium,3164.83,72.46,50.57,1965.71,4.6,2108.1,14.189,Medium
Tamil Nadu,Madurai,Medium,2970.37,90.84,74.56,2061.28,3.9,2483.81,18.042,High
Andhra Pradesh,Guntur,Large,4508.61,89.43,62.32,919.36,3.56,2309.85,24.014,High
Tamil Nadu,Dharmapuri,Small,967.47,72.49,35.52,1394.05,5.84,2243.79,11.962,Medium
Tamil Nadu,Krishnagiri,Medium,3535.43,68.16,47.39,1703.91,1.37,2755.04,17.823,High
Karnataka,Mysuru,Medium,3075.53,70.28,40.16,1235.58,4.3,1765.16,14.45,Medium
Tamil Nadu,Krishnagiri,Large,5143.8,98.0,73.53,1360.84,,2557.44,21.49,High
Andhra Pradesh,Nellore,Small,1429.96,49.51,55.17,1297.64,8.04,1769.44,6.464,Low
Gujarat,Ahmedabad,Large,3386.33,74.96,65.18,1999.59,3.11,1897.44,11.822,Medium
Andhra Pradesh,Nellore,Small,1411.71,76.58,24.81,1572.77,6.85,2008.06,6.033,Low
Andhra Pradesh,Nellore,Medium,2559.01,48.54,53.35,1390.23,7.09,1970.31,8.034,Medium
Rajasthan,Udaipur,Small,1358.4,73.19,55.97,1446.39,6.13,1673.73,12.281,Medium
Rajasthan,Jaipur,Medium,2089.07,61.89,92.0,2591.47,4.72,2424.62,15.676,Medium
Andhra Pradesh,Guntur,Small,937.47,78.98,63.76,,10.21,1635.87,6.626,Low
Gujarat,Surat,Small,1364.4,65.19,52.54,1023.93,4.95,1535.27,9.481,Medium
Karnataka,Hassan,Small,1675.04,68.8,37.14,1591.56,15.23,1952.1,4.718,Low
Telangana,Khammam,Small,1414.56,65.12,67.95,1200.73,5.2,1913.33,10.639,Medium
Tamil Nadu,Chennai,Large,4888.92,88.94,69.2,1266.19,0.5,2664.72,27.326,High
Rajasthan,Kishangarh,Large,4924.66,85.72,66.16,2338.06,8.19,2048.03,19.454,High
Andhra Pradesh,Kadapa,Medium,2531.83,86.73,74.14,1660.15,6.29,1960.22,15.651,Medium
Tamil Nadu,Krishnagiri,Small,1519.67,93.92,45.77,1788.7,7.57,2668.7,16.291,High
Andhra Pradesh,Kurnool,Medium,2448.95,72.26,72.51,1211.87,6.07,1991.8,13.615,Medium
Tamil Nadu,Dharmapuri,Medium,3313.1,74.31,40.79,1452.6,3.32,2086.26,17.858,High
Tamil Nadu,Madurai,Large,6183.95,72.53,51.08,1623.48,4.88,2089.08,19.961,High
Tamil Nadu,Madurai,Medium,3468.6,98.0,64.1,1420.06,8.06,2228.59,21.466,High
Tamil Nadu,Dharmapuri,Large,5810.43,73.41,66.09,1063.96,4.97,2900.38,24.586,High
Telangana,Nizamabad,Large,4520.73,79.1,60.71,2142.61,3.92,1790.14,16.161,High
Andhra Pradesh,Nellore,Large,4240.43,87.3,41.04,989.37,9.7,1594.79,11.593,Medium
Rajasthan,Udaipur,Small,1264.74,86.27,70.46,1759.45,8.11,2220.13,14.978,Medium
Andhra Pradesh,Ongole,Small,1106.94,70.56,24.87,2102.66,10.49,1999.17,2.767,Low
Andhra Pradesh,Kurnool,Medium,2244.24,94.77,72.74,1238.92,1.82,2103.8,18.906,High
Tamil Nadu,Madurai,Medium,2864.7,77.25,57.2,1965.36,6.52,2251.78,17.693,High
Rajasthan,Jaipur,Small,3910.503418024491,68.75,52.55,2503.9,9.97,2350.79,8.506,Medium
Tamil Nadu,Madurai,Small,1964.12,85.05,50.51,1410.98,2.76,2544.82,14.032,Medium
Tamil Nadu,Salem,Medium,3417.93,66.63,49.91,2289.57,4.95,2392.84,15.963,Medium
Karnataka,Mysuru,Medium,2359.38,83.96,58.44,1767.14,9.64,2385.28,14.321,Medium
Tamil Nadu,Krishnagiri,Small,1765.49,70.67,57.7,2400.86,9.23,2423.77,14.503,Medium
Karnataka,Ramanagara,Medium,2660.24,94.52,58.9,2338.91,2.73,2537.47,16.152,High
Tamil Nadu,Chennai,Medium,2631.89,91.4,62.59,1777.49,3.72,2514.96,20.702,High
Tamil Nadu,Madurai,Medium,2912.3,75.75,50.34,842.18,4.53,2220.59,17.238,High
Andhra Pradesh,Kurnool,Small,1694.49,61.04,55.52,1632.97,2.27,2130.89,9.792,Medium
Karnataka,Hassan,Medium,3356.12,49.34,47.11,1987.15,6.61,2328.72,13.105,Medium
Karnataka,Chitradurga,Medium,2311.94,82.93,40.54,1209.01,2.22,2206.68,16.75,High
Tamil Nadu,Salem,Small,1867.03,46.94,46.36,2095.68,8.35,2198.78,8.534,Medium
Karnataka,Hassan,Medium,2259.69,76.02,41.39,2031.12,2.78,2631.17,14.22,Medium
Gujarat,Bhavnagar,Small,1222.42,65.69,44.2,2363.44,11.28,1740.66,2.455,Low
Telangana,Nizamabad,Small,1254.2,81.87,39.09,1868.15,9.12,1710.81,3.008,Low
Tamil Nadu,Salem,Medium,3421.1,73.43,64.66,1239.28,2.28,2330.84,19.058,High
Rajasthan,Jaipur,Small,1557.03,69.35,68.87,1972.02,4.06,2275.49,12.528,Medium
Tamil Nadu,Madurai,Small,1451.07,86.32,45.9,1972.8,,2069.28,13.722,Medium
Rajasthan,Udaipur,Large,4523.91,64.92,66.9,1936.24,5.68,2340.44,18.253,High
Andhra Pradesh,Kadapa,Small,1394.76,83.01,50.1,1390.27,7.16,2170.0,10.366,Medium
Telangana,Hyderabad,Large,4047.22,98.0,63.28,1102.03,5.31,2098.87,19.507,High
Karnataka,Chitradurga,Medium,2953.93,90.76,78.53,1573.56,4.97,2612.65,20.077,High
Tamil Nadu,Salem,Small,2149.13,70.21,32.55,1491.16,12.09,2073.95,5.502,Low
Tamil Nadu,Krishnagiri,Small,1687.67,52.7,37.59,1932.58,13.22,2459.01,2.907,Low
Karnataka,Ramanagara,Medium,3217.08,81.29,59.07,1823.86,4.38,2127.94,16.602,High
Tamil Nadu,Chennai,Medium,2773.77,61.36,60.92,786.39,4.9,2656.34,14.196,Medium
Andhra Pradesh,Kadapa,Small,1313.39,76.95,47.91,1414.71,8.48,1886.63,13.958,Medium
Tamil Nadu,Salem,Small,1689.34,81.52,37.26,2080.51,6.99,2213.76,11.806,Medium
Karnataka,Bengaluru,Medium,3562.51,62.36,62.36,2399.6,2.55,2346.12,19.276,High
Karnataka,Hassan,Small,1513.41,63.41,54.94,1076.33,6.72,2277.2,9.385,Medium
Karnataka,Bengaluru,Large,5070.89,68.12,82.81,1769.16,5.39,2247.06,22.651,High
Andhra Pradesh,Kurnool,Medium,2920.46,95.86,69.44,1677.72,5.34,1641.33,15.722,Medium
Tamil Nadu,Salem,Medium,3283.08,92.7,60.55,783.26,10.73,2644.97,16.564,High
Telangana,Hyderabad,Small,1635.31,98.0,65.05,1981.72,3.21,1955.84,13.309,Medium
Rajasthan,Udaipur,Small,2129.53,89.29,69.07,2727.12,7.79,2475.96,12.734,Medium
Andhra Pradesh,Ongole,Large,4585.78,71.56,61.65,1642.88,5.24,2139.82,18.38,Low
Andhra Pradesh,Guntur,Small,1545.92,54.11,67.93,1625.41,9.35,2034.97,6.767,Low
Telangana,Nizamabad,Small,1627.21,90.82,64.89,2579.23,4.0,2167.44,9.834,Medium
Rajasthan,Jodhpur,Medium,2484.09,85.32,71.91,1067.77,7.14,2094.81,19.145,High
Andhra Pradesh,Ongole,Small,885.59,85.85,34.13,1029.76,8.22,1926.22,11.785,Medium
Andhra Pradesh,Ongole,Medium,2748.16,59.19,67.96,984.8,8.26,1993.94,11.512,Medium
Andhra Pradesh,Kurnool,Large,4231.15,81.74,69.75,1738.82,6.07,1590.44,17.141,High
Andhra Pradesh,Kadapa,Medium,2817.66,72.24,43.89,1799.77,8.46,1722.92,8.938,Medium
Tamil Nadu,Salem,Large,5604.15,82.26,47.45,1062.75,7.69,2159.91,18.938,High
Rajasthan,Udaipur,Large,5378.14,71.4,65.26,2779.65,2.65,2199.27,19.215,High
Gujarat,Vadodara,Small,721.96,53.41,53.27,1913.48,2.78,1661.41,5.216,Low
Andhra Pradesh,Kadapa,Small,1626.94,64.76,40.76,1368.13,,1377.85,1.5,Low
Telangana,Nizamabad,Medium,1732.52,35.0,46.43,1437.39,4.14,1810.59,2.733,Low
Rajasthan,Makrana,Medium,2490.05,68.65,47.36,1442.54,8.38,1898.21,10.128,Medium
Karnataka,Ramanagara,Small,1776.22,71.8,35.71,1591.41,9.27,2027.29,7.458,Low
Tamil Nadu,Salem,Large,5102.52,69.04,78.47,1322.67,8.37,2671.32,20.647,High
Andhra Pradesh,Ongole,Medium,2306.7,84.05,42.3,1668.67,4.83,1769.04,15.395,Medium
Rajasthan,Udaipur,Small,1685.25,70.05,37.04,2168.99,10.33,2121.34,8.438,Medium
Rajasthan,Makrana,Medium,3235.73,68.67,76.51,2739.47,14.29,2321.79,12.123,Medium
Telangana,Warangal,Small,848.22,92.45,66.21,2346.46,4.89,1774.31,11.003,Medium
Rajasthan,Udaipur,Large,5329.48,75.57,56.99,1346.12,6.39,2148.79,19.148,High
Tamil Nadu,Krishnagiri,Medium,3565.88,77.77,44.04,1776.2,5.97,2469.5,15.789,Medium
Telangana,Karimnagar,Small,1332.28,55.8,23.98,1200.88,10.38,1532.34,1.539,Low
Gujarat,Rajkot,Small,853.48,78.07,56.95,1753.2,8.78,1823.11,5.479,Low
Andhra Pradesh,Ongole,Large,4529.46,81.58,77.25,1992.18,1.18,2383.3,19.898,High
Rajasthan,Kishangarh,Medium,2394.08,71.62,43.59,2082.0,8.03,1915.33,10.945,Medium
Rajasthan,Kishangarh,Large,4953.9,69.77,75.77,2450.73,7.25,2358.9,18.959,Medium
Rajasthan,Udaipur,Small,1551.24,61.19,30.2,2810.42,12.36,1833.49,3.722,Low
Andhra Pradesh,Ongole,Small,807.88,70.18,51.33,2449.65,4.36,2020.57,6.369,Low
Telangana,Warangal,Small,1199.4,86.31,20.0,1353.39,8.87,1332.96,6.709,Low
Rajasthan,Jaipur,Medium,2465.03,58.3,46.25,2149.17,3.1,2255.81,11.507,Medium
Tamil Nadu,Chennai,Small,1930.56,90.71,27.8,2463.29,10.65,2248.84,9.108,Medium
Andhra Pradesh,Nellore,Small,1686.55,62.66,58.59,2099.09,10.1,2026.71,11.664,Medium
Andhra Pradesh,Kurnool,Medium,2295.56,69.98,63.87,1666.8,4.54,1950.04,8.523,Medium
Tamil Nadu,Madurai,Medium,3189.73,94.13,92.0,2419.91,3.74,2759.77,23.42,High
Rajasthan,Kishangarh,Small,1231.87,69.59,59.38,1345.64,5.72,1867.18,11.185,Medium
Telangana,Warangal,Medium,2655.58,69.25,55.57,1047.18,7.04,1732.73,13.285,Medium
Rajasthan,Makrana,Medium,2515.92,91.23,47.69,2705.06,8.53,1902.1,15.533,Medium
Rajasthan,Udaipur,Small,1514.45,85.65,62.21,2250.39,3.85,2507.32,15.546,Low
Gujarat,Surat,Small,1493.75,81.87,84.52,1272.99,6.64,1995.33,12.155,Medium
Gujarat,Surat,Small,1763.06,73.36,69.93,1143.14,6.1,1378.93,7.277,Low
Rajasthan,Udaipur,Medium,2192.89,71.86,67.8,1565.29,5.43,2546.64,18.094,High
Telangana,Nizamabad,Large,4588.7,67.5,70.37,1989.27,3.59,2205.01,15.777,Medium
Karnataka,Ramanagara,Small,1491.42,77.59,30.48,1133.66,10.78,1965.16,11.54,Medium
Telangana,Hyderabad,Small,3442.4240382947364,69.31,64.34,1149.17,8.12,1969.51,9.362,Medium
Gujarat,Bhavnagar,Large,3401.91,76.18,67.39,1310.32,7.83,1550.3,12.504,Medium
Tamil Nadu,Salem,Large,4905.58,85.03,52.51,1510.92,7.2,2184.64,21.815,High
Rajasthan,Jodhpur,Medium,2638.72,91.44,54.58,2057.86,1.83,1958.09,16.868,High
Rajasthan,Jodhpur,Large,4882.92,70.84,63.03,1843.41,5.34,2118.19,17.97,High
Andhra Pradesh,Kurnool,Medium,2207.06,67.64,51.95,1766.4,4.91,2071.0,10.938,Medium
Rajasthan,Makrana,Medium,2568.09,84.08,45.42,2348.08,3.75,2302.25,15.973,Medium
Andhra Pradesh,Guntur,Small,1825.21,98.0,20.62,1176.8,8.55,1681.84,9.496,Medium
Telangana,Karimnagar,Medium,2897.27,61.49,53.53,1696.37,6.58,1804.23,7.52,Low
Gujarat,Ahmedabad,Small,1439.72,66.75,60.48,2393.94,6.09,2119.9,9.024,Medium
Andhra Pradesh,Guntur,Large,4703.12,58.47,49.83,1161.47,5.18,2108.03,12.55,High
Andhra Pradesh,Kadapa,Large,4356.74,59.07,80.78,2366.66,4.39,1876.25,15.766,Medium
Karnataka,Mysuru,Medium,2497.29,74.53,53.25,1222.77,7.45,1900.55,13.399,Medium
Andhra Pradesh,Kurnool,Small,1322.81,82.83,29.19,1423.34,12.19,1716.58,6.988,Low
Telangana,Karimnagar,Small,1196.59,70.61,62.03,1468.65,9.45,1758.64,6.656,Low
Andhra Pradesh,Guntur,Small,897.45,71.11,48.61,1401.2,11.99,2048.96,8.645,Medium
Rajasthan,Makrana,Small,1921.4,72.82,70.75,1925.69,0.5,2219.73,17.184,High
Andhra Pradesh,Ongole,Medium,3102.15,64.91,76.71,1614.47,3.79,2454.94,13.974,Medium
Telangana,Khammam,Large,4101.92,76.95,46.05,2421.21,1.87,1976.03,15.999,Medium
Andhra Pradesh,Kurnool,Small,1765.48,93.49,84.85,1547.06,10.47,1908.87,16.309,High
Andhra Pradesh,Kurnool,Small,1644.04,64.02,20.0,2071.03,5.52,1406.48,4.726,Low
Telangana,Hyderabad,Medium,2101.08,68.64,38.1,1024.97,9.57,1702.9,8.105,Medium
Karnataka,Mysuru,Small,975.02,70.93,31.92,2210.53,7.94,1919.64,8.008,Medium
Karnataka,Mysuru,Large,4756.73,75.25,92.0,2142.43,3.18,2785.98,24.781,High
Rajasthan,Jodhpur,Small,1444.14,72.78,62.8,1749.23,9.28,2095.71,10.831,Medium
Gujarat,Vadodara,Small,765.52,48.79,54.94,1820.58,12.25,1062.76,1.5,Low
Karnataka,Ramanagara,Small,2172.67,80.41,20.0,932.98,8.15,1955.8,11.687,Medium
Tamil Nadu,Madurai,Small,2198.12,61.28,53.49,960.23,9.36,2024.68,13.171,Medium
Rajasthan,Kishangarh,Medium,2701.21,65.77,89.09,2307.01,6.23,2124.15,15.676,Medium
Rajasthan,Jaipur,Small,1232.2,71.14,59.23,2012.22,4.91,1824.29,11.363,Medium
Tamil Nadu,Dharmapuri,Medium,3279.09,58.47,49.11,1959.39,4.5,2302.1,14.694,Medium
Andhra Pradesh,Kadapa,Medium,2120.92,89.81,69.16,1524.22,2.95,1808.06,18.86,High
Gujarat,Ahmedabad,Small,1489.58,58.91,57.54,1409.9,8.41,1433.21,2.788,Low
Rajasthan,Kishangarh,Small,1371.05,98.0,49.02,2070.88,5.11,2312.99,14.803,Medium
Telangana,Hyderabad,Medium,2507.21,82.44,53.1,1390.33,4.93,1790.78,12.748,Medium
Rajasthan,Jodhpur,Medium,3014.86,65.83,65.31,1449.77,2.68,2249.25,18.048,High
Tamil Nadu,Dharmapuri,Large,5411.99,82.5,60.09,1340.17,4.53,2264.96,22.035,High
Rajasthan,Jaipur,Small,2171.91,73.42,54.38,2431.3,5.42,1871.71,10.841,Medium
Gujarat,Surat,Small,1462.44,90.46,20.0,799.62,,1840.88,5.968,Low
Rajasthan,Jaipur,Small,1432.6,85.52,56.02,1719.29,7.1,2001.58,11.39,Medium
Telangana,Khammam,Medium,1671.73,85.26,32.32,1629.23,5.07,1221.33,10.475,Medium
Gujarat,Rajkot,Medium,1536.3,72.98,76.41,1726.9,10.0,1615.2,8.207,Medium
Karnataka,Hassan,Large,5312.26,65.68,47.21,1502.41,2.24,2536.5,18.294,High
Andhra Pradesh,Nellore,Medium,2679.87,86.17,47.25,1266.67,,2117.44,14.632,Medium
Gujarat,Ahmedabad,Small,997.82,86.08,29.66,1424.88,9.66,1130.07,3.728,Low
Rajasthan,Kishangarh,Medium,2497.18,75.61,66.26,1748.91,5.95,1971.93,15.741,Medium
Rajasthan,Kishangarh,Large,5025.77,77.66,63.48,2004.33,3.88,2031.95,21.025,High
Karnataka,Ramanagara,Small,1246.52,63.84,31.57,1026.67,7.35,1670.33,10.521,Medium
Karnataka,Mysuru,Medium,3359.58,50.48,48.68,1452.23,2.91,2435.2,12.264,Medium
Rajasthan,Jaipur,Large,5456.89,74.06,72.2,2175.55,7.39,2234.3,19.327,High
Tamil Nadu,Chennai,Medium,2737.3,73.21,81.53,1702.06,7.11,2498.64,18.801,High
Gujarat,Rajkot,Medium,2408.77,73.86,63.84,1719.3,6.3,1648.89,11.954,Medium
Rajasthan,Jaipur,Small,1720.75,77.35,58.76,1786.49,10.31,2212.58,11.312,Medium
Andhra Pradesh,Kadapa,Medium,2457.78,68.67,52.9,1240.7,5.06,1960.61,10.183,Medium
Gujarat,Rajkot,Small,791.41,93.99,38.16,1647.4,8.13,1615.62,6.179,Low
Tamil Nadu,Madurai,Medium,2921.74,62.14,57.14,1528.71,2.5,2635.9,15.6,Medium
Karnataka,Bengaluru,Small,1378.49,79.01,63.05,2613.56,,2720.33,12.37,Medium
Rajasthan,Udaipur,Large,5425.94,59.56,62.9,2079.33,11.28,1838.54,13.918,Medium
Tamil Nadu,Dharmapuri,Large,5341.43,66.74,65.24,1814.65,6.58,2215.0,18.926,High
Andhra Pradesh,Kurnool,Medium,2087.49,72.26,82.24,1994.57,0.5,2407.54,17.641,High
Karnataka,Ramanagara,Small,1560.68,84.64,79.55,2075.44,8.39,2540.14,13.295,Medium
Rajasthan,Jaipur,Small,1533.03,72.66,54.61,2788.54,7.66,2690.6,11.896,Low
Tamil Nadu,Madurai,Medium,3021.45,73.83,76.55,2374.05,5.94,2362.73,20.417,High
Rajasthan,Jaipur,Medium,2245.47,89.08,38.89,2156.34,9.59,2134.22,13.665,Medium
Rajasthan,Jodhpur,Medium,2736.89,56.32,62.14,1754.55,14.07,2086.19,9.678,Medium
Karnataka,Bengaluru,Small,1360.24,83.3,52.9,2178.21,6.37,2318.07,14.134,Medium
Tamil Nadu,Chennai,Medium,2901.16,62.86,65.41,1608.41,6.32,2006.29,13.467,Medium
Andhra Pradesh,Nellore,Medium,2931.42,73.35,40.76,1802.3,8.44,1772.12,9.117,Medium
Tamil Nadu,Krishnagiri,Medium,3104.06,79.8,37.67,2158.86,5.62,2238.08,13.766,Medium
Tamil Nadu,Madurai,Medium,2856.16,57.86,45.85,1841.27,4.58,2112.01,13.819,Medium
Telangana,Warangal,Medium,2713.06,56.6,44.34,1913.37,4.91,1777.49,7.048,Low
Andhra Pradesh,Guntur,Small,1336.12,81.75,43.48,1381.78,7.97,1596.37,6.659,Low
Tamil Nadu,Dharmapuri,Small,2534.16,67.96,89.19,1845.58,7.62,2613.52,15.644,Medium
Karnataka,Ramanagara,Medium,3334.47,62.31,71.43,2463.67,7.18,2202.49,12.545,Medium
Karnataka,Ramanagara,Small,1323.92,80.52,57.9,1961.79,7.74,2087.12,10.27,Medium
Andhra Pradesh,Guntur,Medium,2317.09,63.61,62.59,2484.61,3.79,2159.83,11.58,Medium
Gujarat,Vadodara,Medium,1661.17,60.93,62.43,1282.37,2.08,1995.68,11.844,Medium
Tamil Nadu,Salem,Large,5734.53,51.52,66.01,1314.77,2.41,2520.67,22.032,High
Andhra Pradesh,Guntur,Medium,3060.62,80.14,60.85,1421.18,8.51,1740.96,10.859,Medium
Tamil Nadu,Madurai,Small,1609.82,73.21,70.91,842.77,8.22,2449.49,14.343,Medium
Karnataka,Chitradurga,Small,985.66,80.72,51.29,1299.2,7.3,2243.58,10.881,Medium
Karnataka,Hassan,Large,5280.4,93.45,90.24,1417.12,6.43,2542.93,23.025,High
Rajasthan,Makrana,Small,1407.39,71.44,45.01,2092.58,4.32,1904.74,6.407,Low
Karnataka,Bengaluru,Medium,2593.77,74.02,41.64,2366.99,9.88,1866.66,7.99,Low
Gujarat,Bhavnagar,Medium,2188.06,78.79,56.7,1335.46,4.49,1614.71,11.432,Medium
Telangana,Khammam,Small,1782.31,66.06,54.59,1413.58,2.73,1968.75,8.986,Medium
Rajasthan,Udaipur,Small,1942.53,58.58,59.94,2573.94,8.45,1664.86,8.642,Medium
Gujarat,Surat,Medium,2276.7,59.57,72.4,1951.98,8.82,1765.03,8.441,Medium
Rajasthan,Jodhpur,Large,4758.66,78.84,61.95,2458.5,5.14,1888.0,22.026,High
Rajasthan,Udaipur,Small,1007.91,80.53,37.03,927.89,7.93,1892.27,10.985,Medium
Tamil Nadu,Salem,Large,5438.14,96.25,67.0,1801.44,3.51,2556.64,26.346,High
Karnataka,Ramanagara,Medium,2983.65,73.18,47.47,1640.31,5.48,1993.4,16.981,High
Andhra Pradesh,Ongole,Large,4398.28,84.37,52.9,1900.54,11.77,1772.43,14.568,Medium
Tamil Nadu,Madurai,Small,1500.09,96.38,59.8,1716.96,8.25,2655.79,19.937,High
Gujarat,Surat,Small,1611.19,78.53,33.51,1770.31,9.05,1475.28,4.716,Low
Rajasthan,Jodhpur,Large,4607.62,82.1,67.94,2315.93,3.31,2982.8,21.603,High
Telangana,Nizamabad,Large,3959.6,75.34,54.02,2544.06,0.72,1834.29,17.119,High
Karnataka,Hassan,Medium,2886.17,81.4,51.56,1079.49,2.0,2084.5,17.535,High
Karnataka,Mysuru,Medium,3117.59,55.62,36.14,1141.51,6.39,2270.68,9.132,Medium
Andhra Pradesh,Ongole,Large,4552.47,88.85,78.33,2199.16,3.58,1999.49,21.257,High
Tamil Nadu,Krishnagiri,Small,1906.02,79.91,46.77,2251.42,2.43,2400.01,12.39,Medium
Rajasthan,Makrana,Medium,3160.54,86.01,75.37,1315.17,5.09,1745.46,16.661,High
Rajasthan,Kishangarh,Large,4713.22,88.17,68.54,1550.61,0.5,2299.42,24.802,High
Rajasthan,Kishangarh,Small,1258.03,84.36,55.8,1769.5,7.3,2532.52,15.459,Medium
Rajasthan,Udaipur,Small,2013.96,60.74,50.65,1825.74,8.45,2156.04,7.828,Low
Rajasthan,Kishangarh,Medium,2841.32,68.72,92.0,1331.96,8.83,2286.36,17.953,High
Rajasthan,Jodhpur,Small,1310.88,74.75,36.21,2730.82,6.66,1825.53,8.041,Medium
Andhra Pradesh,Ongole,Small,1346.66,69.03,62.21,1632.28,5.5,1626.68,6.478,Low
Rajasthan,Jodhpur,Large,4419.02,90.31,68.83,2888.14,3.53,2780.32,21.164,Low
Karnataka,Ramanagara,Medium,3057.81,58.67,27.9,1448.41,9.49,1569.51,10.773,Medium
Andhra Pradesh,Nellore,Large,3981.82,80.88,66.41,1054.4,3.41,2310.4,18.834,High
Rajasthan,Makrana,Large,5247.53,72.99,46.99,2779.36,5.11,2015.6,14.488,Medium
Tamil Nadu,Dharmapuri,Small,1446.77,60.51,57.05,1086.61,6.53,2455.61,15.588,Medium
Rajasthan,Udaipur,Small,1290.99,59.43,32.33,1920.76,6.56,2281.23,4.799,Low
Tamil Nadu,Salem,Small,1982.7,78.08,53.62,1461.63,10.71,2126.22,10.63,Medium
Rajasthan,Jodhpur,Small,2413.58,72.21,38.51,2034.67,5.8,2076.75,10.908,Medium
Gujarat,Surat,Medium,2298.88,98.0,58.05,1125.56,6.87,1412.28,13.342,Medium
Rajasthan,Jaipur,Medium,2607.09,98.0,28.93,2004.41,4.89,2381.73,13.807,Medium
Rajasthan,Makrana,Medium,2383.24,61.63,64.32,1312.83,3.73,2290.29,12.58,Medium
Telangana,Khammam,Small,1543.86,50.31,46.19,1604.25,6.92,1441.71,5.58,Low
Karnataka,Chitradurga,Small,1722.26,54.86,48.87,2411.28,5.02,2085.22,7.452,Low
Telangana,Karimnagar,Medium,2337.63,74.45,62.87,1416.0,0.5,2089.54,11.927,Medium
Karnataka,Chitradurga,Medium,3065.34,84.84,60.83,2445.41,8.74,2584.57,14.152,Medium
Rajasthan,Makrana,Small,2208.97,69.35,41.15,2148.83,4.45,1919.11,10.181,Medium
Gujarat,Rajkot,Medium,1694.8,77.95,62.09,,3.64,1754.7,11.39,Medium
Telangana,Karimnagar,Small,1313.07,59.39,42.97,2304.88,8.72,1922.01,2.677,Low
Tamil Nadu,Madurai,Small,1273.49,66.01,69.09,1848.38,5.62,2474.96,13.88,Medium
Tamil Nadu,Salem,Medium,2999.86,79.11,56.56,1449.13,6.46,2379.6,18.774,High
Karnataka,Mysuru,Small,1724.92,73.39,45.19,1180.14,7.33,2167.11,12.789,Medium
Tamil Nadu,Chennai,Medium,3230.91,73.67,32.3,1274.39,9.43,1810.28,15.463,Medium
Telangana,Khammam,Small,704.44,61.44,44.09,2314.71,10.13,1676.07,2.27,Low
Andhra Pradesh,Kadapa,Small,1599.76,89.02,45.49,2487.41,11.79,1684.68,8.612,Medium
Andhra Pradesh,Kadapa,Small,1384.31,94.24,56.14,2004.68,6.42,1740.79,12.224,Medium
Rajasthan,Jaipur,Large,5280.91,94.7,68.49,1501.38,8.65,2214.48,20.826,High
Rajasthan,Udaipur,Medium,2881.93,60.16,58.41,1266.25,5.16,1557.92,15.787,Medium
Karnataka,Chitradurga,Large,4644.45,80.32,46.53,2786.32,7.34,1893.25,20.294,High
Rajasthan,Makrana,Medium,2960.63,67.91,20.0,1237.54,7.61,1850.9,9.756,Medium
Rajasthan,Makrana,Medium,3010.38,58.52,60.88,1728.58,3.51,2394.95,14.383,Medium
Gujarat,Ahmedabad,Small,1451.91,76.71,62.03,2257.48,4.94,1695.18,9.173,Low
Telangana,Hyderabad,Small,1073.79,47.86,49.39,,8.67,1458.66,1.557,Low
Rajasthan,Jaipur,Small,1314.43,89.49,76.3,1495.39,5.53,2129.69,17.512,High
Telangana,Khammam,Small,1077.2,58.01,55.29,1352.14,6.0,1982.41,9.984,Medium
Andhra Pradesh,Kurnool,Medium,2530.9,73.09,47.64,1061.72,4.95,2058.02,13.75,Medium
Rajasthan,Makrana,Small,1645.96,46.33,55.77,1356.44,10.94,1969.59,6.324,Low
Tamil Nadu,Madurai,Small,1211.44,98.0,68.41,1153.25,9.34,2200.6,17.819,High
Gujarat,Surat,Small,1588.3,86.09,47.25,1174.53,,2171.32,10.621,Medium
Rajasthan,Jodhpur,Medium,3458.53,76.17,69.81,1418.22,0.5,2885.47,17.831,High
Telangana,Warangal,Medium,2110.78,65.57,59.92,2465.44,5.2,1916.78,10.97,Medium
Andhra Pradesh,Nellore,Large,4957.88,70.66,63.54,2000.67,4.43,1918.44,15.68,Medium
Telangana,Hyderabad,Small,1134.49,67.21,69.31,2310.16,11.07,1612.85,8.769,Medium
Gujarat,Surat,Small,1545.99,78.15,22.27,2083.65,9.73,1505.86,5.013,Low
Rajasthan,Udaipur,Small,1173.07,67.5,32.59,2231.92,6.91,1936.61,9.984,Medium
Rajasthan,Jaipur,Large,5249.72,88.77,77.93,2016.05,1.18,2232.8,24.609,High
Rajasthan,Kishangarh,Small,1216.03,96.56,49.03,,8.21,1868.28,13.813,Medium
Telangana,Warangal,Medium,2719.78,60.91,59.64,1535.39,2.88,1834.77,12.885,Medium
Karnataka,Mysuru,Medium,3165.5,75.73,58.6,2478.94,4.54,2450.52,18.945,High
Tamil Nadu,Salem,Small,1187.97,96.92,32.75,1834.91,9.88,2325.68,11.965,Medium
Andhra Pradesh,Kurnool,Small,2174.11,64.91,29.84,2457.43,5.95,1970.49,4.674,Low
Tamil Nadu,Chennai,Small,1859.73,78.04,66.03,,7.42,2411.4,12.866,High
Karnataka,Mysuru,Large,4399.02,85.11,55.46,1759.32,6.13,2234.65,19.217,High
Tamil Nadu,Salem,Medium,3002.42,78.21,51.76,2192.98,3.34,2489.37,17.296,High
Gujarat,Ahmedabad,Medium,2363.44,78.71,60.74,1261.08,5.32,1439.34,8.734,Medium
Telangana,Warangal,Medium,2569.38,74.81,73.76,2198.92,5.21,1994.23,13.521,Medium
Karnataka,Mysuru,Medium,3112.0,65.15,70.45,1457.93,0.59,2310.84,20.091,High
Rajasthan,Jaipur,Medium,2909.2,81.65,62.14,1641.02,,2204.24,15.239,Medium
Gujarat,Rajkot,Small,1031.01,58.05,67.47,1770.65,5.02,1418.18,6.878,Low
Telangana,Hyderabad,Small,1471.71,74.29,66.17,1915.31,5.77,2018.86,9.328,Medium
Gujarat,Surat,Small,850.24,79.0,40.13,2004.14,10.64,1688.13,4.211,Low
Telangana,Warangal,Medium,2329.02,69.98,58.31,1861.67,4.94,1609.02,11.521,Medium
Telangana,Khammam,Small,1806.26,73.35,54.57,1292.19,12.32,1805.16,6.199,Low
Tamil Nadu,Madurai,Medium,3455.7,84.87,46.08,1106.02,0.5,2504.76,19.356,High
Andhra Pradesh,Nellore,Small,1346.68,79.81,35.67,2059.6,9.74,2163.67,5.055,Low
Karnataka,Chitradurga,Large,5276.58,87.51,66.81,2073.75,4.27,2186.8,20.675,High
Andhra Pradesh,Ongole,Small,1826.76,66.82,54.39,1537.38,6.09,1907.42,9.953,Medium
Andhra Pradesh,Kurnool,Small,1972.91,52.58,54.58,2187.02,4.95,1611.56,7.009,Low
Rajasthan,Udaipur,Large,5275.26,78.23,68.94,1344.57,6.54,2227.8,18.614,High
Telangana,Khammam,Medium,2790.67,78.02,20.0,1212.76,3.06,1952.76,8.367,Medium
Tamil Nadu,Dharmapuri,Large,5692.0,76.73,84.52,1966.26,10.59,2789.2,22.968,High
Andhra Pradesh,Nellore,Small,1660.61,68.56,60.95,2407.76,9.2,1945.56,10.547,Medium
Tamil Nadu,Krishnagiri,Small,1679.71,73.48,64.3,909.02,5.7,2481.96,14.917,Medium
Telangana,Nizamabad,Medium,2526.28,67.53,70.47,1885.45,6.42,1945.67,9.227,Medium
Karnataka,Hassan,Large,5415.08,84.95,77.81,2228.69,7.4,2394.02,20.618,High
Rajasthan,Jodhpur,Small,1641.51,49.58,72.69,1640.93,7.68,2237.0,10.384,Medium
Telangana,Nizamabad,Large,4027.77,85.37,83.32,2194.37,8.91,1572.88,14.414,Medium
Gujarat,Surat,Medium,2035.8,81.05,66.59,1712.38,3.74,2096.1,12.892,Medium
Andhra Pradesh,Kadapa,Large,4442.15,98.0,77.33,2272.58,7.51,2043.93,20.652,High
Rajasthan,Udaipur,Small,1982.51,64.84,55.02,2136.79,8.7,2023.31,9.462,Medium
Tamil Nadu,Chennai,Small,2269.37,66.5,42.09,,10.11,2001.97,9.876,Medium
Karnataka,Bengaluru,Large,5580.25,77.93,63.55,1236.33,6.21,2409.25,23.004,High
Karnataka,Mysuru,Large,4620.74,78.34,50.71,1296.86,6.07,2566.07,21.115,High
Telangana,Khammam,Medium,2394.62,90.58,46.44,2229.49,3.8,2159.88,11.367,Medium
Telangana,Khammam,Small,1040.95,68.73,50.92,2013.89,5.56,1633.07,6.259,Low
Tamil Nadu,Krishnagiri,Small,1362.96,73.42,32.24,1320.86,8.8,1867.33,13.166,Medium
Andhra Pradesh,Ongole,Medium,3075.91,72.51,61.23,1256.44,6.94,1630.6,13.103,Medium
Karnataka,Bengaluru,Small,1762.03,94.61,62.2,1513.8,,2226.32,17.76,High
Andhra Pradesh,Guntur,Small,1413.03,71.7,54.13,1259.58,3.85,2157.49,9.694,Medium
Tamil Nadu,Krishnagiri,Small,1502.01,93.52,50.16,1033.78,5.67,2550.44,15.124,Medium
Karnataka,Mysuru,Medium,3072.98,98.0,72.58,2244.72,6.7,2337.51,18.369,High
Karnataka,Mysuru,Small,2231.26,64.42,53.41,1962.59,11.71,2006.29,8.573,Medium
Gujarat,Ahmedabad,Medium,2402.88,91.61,67.12,1678.86,7.44,1768.45,13.02,Medium
Gujarat,Bhavnagar,Medium,2324.23,67.61,64.91,1673.16,8.43,1611.57,9.82,Medium
Tamil Nadu,Salem,Medium,3145.3,63.12,51.83,1784.46,0.5,2627.96,16.44,High
Telangana,Hyderabad,Medium,2325.87,55.9,63.27,2326.49,9.93,2035.85,5.327,Low
Rajasthan,Kishangarh,Small,1622.46,98.0,60.71,2580.26,7.2,2025.73,14.015,Medium
Gujarat,Ahmedabad,Medium,2112.99,88.53,55.1,1366.9,2.98,1919.14,15.235,Medium
Tamil Nadu,Salem,Large,5236.91,77.3,49.11,1400.86,1.55,2492.54,25.435,High
Rajasthan,Makrana,Medium,2625.96,81.14,54.66,1555.27,3.7,2192.38,12.667,Medium
Rajasthan,Jaipur,Large,4850.07,65.72,35.25,1357.24,5.12,1825.26,16.581,High
Tamil Nadu,Krishnagiri,Medium,2949.98,70.53,20.0,1403.89,9.12,2287.03,14.301,Medium
Tamil Nadu,Chennai,Medium,3513.93,68.72,60.93,1002.36,4.53,2644.05,17.717,High
Telangana,Hyderabad,Small,1390.68,92.59,41.17,1594.03,8.0,1794.07,8.884,Medium
Tamil Nadu,Chennai,Medium,3452.42,91.05,60.21,1028.3,4.58,2487.67,22.263,High
Tamil Nadu,Madurai,Medium,3445.13,85.46,63.0,2212.32,7.81,2462.3,19.41,High
Telangana,Hyderabad,Small,1155.33,82.92,50.64,1504.72,6.98,1550.8,7.415,Low
Karnataka,Chitradurga,Medium,2888.52,66.46,54.97,1649.44,0.5,2662.04,19.422,High
Gujarat,Vadodara,Small,984.21,82.59,80.83,1275.3,5.42,1833.61,11.356,Medium
Karnataka,Mysuru,Medium,2958.02,58.88,50.46,947.26,7.2,2119.0,12.2,Medium
Andhra Pradesh,Kadapa,Medium,2321.82,55.48,92.0,2479.29,8.69,2286.43,10.116,Medium
Karnataka,Bengaluru,Medium,2826.64,77.73,49.71,1610.26,6.09,2141.83,16.489,High
Andhra Pradesh,Nellore,Large,4947.7,83.72,61.4,2039.85,10.72,1908.67,13.94,Medium
Gujarat,Surat,Small,925.96,79.11,58.56,1910.19,3.22,1661.28,10.676,Medium
Rajasthan,Kishangarh,Small,2219.53,59.63,48.75,2228.57,8.2,1866.31,10.082,Medium
Tamil Nadu,Madurai,Small,2387.13,52.96,65.52,1714.19,3.14,2590.34,11.554,Medium
Telangana,Nizamabad,Large,3948.19,76.6,34.81,2354.32,8.38,1915.13,11.668,Medium
Andhra Pradesh,Kurnool,Medium,3045.72,67.43,74.4,1957.6,9.19,1774.67,8.973,Medium
Karnataka,Chitradurga,Medium,2534.19,79.79,31.73,,3.63,1974.88,11.34,Medium
Andhra Pradesh,Kadapa,Small,1602.6,62.11,42.82,1729.74,10.73,1617.51,8.115,Medium
Andhra Pradesh,Kadapa,Medium,2599.56,98.0,53.67,,9.48,2016.4,13.761,Medium
Tamil Nadu,Salem,Small,1246.54,81.0,51.82,1429.59,6.12,2301.6,13.182,Medium
Rajasthan,Makrana,Medium,2778.55,82.67,59.96,2378.39,10.57,1929.53,11.283,Medium
Gujarat,Rajkot,Large,3949.99,62.16,59.76,1787.6,3.83,2031.18,15.288,Medium
Telangana,Karimnagar,Medium,2632.22,62.63,48.72,,6.56,1537.48,10.182,Medium
Andhra Pradesh,Guntur,Medium,2501.93,68.22,49.71,1635.56,10.84,1866.05,9.389,Medium
Rajasthan,Jaipur,Medium,2604.87,65.25,73.49,2850.11,2.79,2107.28,15.438,Medium
Andhra Pradesh,Kadapa,Medium,2734.32,53.65,58.58,2111.12,4.27,2201.27,11.18,Medium
Rajasthan,Makrana,Medium,3104.66,90.65,60.57,1721.55,6.04,2357.97,18.234,High
Andhra Pradesh,Nellore,Medium,2382.33,64.49,71.04,1253.94,4.3,1988.42,15.005,Medium
Rajasthan,Jodhpur,Small,1456.19,73.82,55.59,2762.74,11.85,2418.21,8.0,Medium
Tamil Nadu,Dharmapuri,Small,2154.7,70.38,44.44,1862.26,11.63,2180.62,7.619,Low
Karnataka,Hassan,Medium,2650.09,60.38,34.91,1073.61,11.84,1813.67,11.838,Medium
Andhra Pradesh,Kadapa,Medium,2412.41,65.06,82.47,1571.88,7.85,2376.92,11.725,Medium
Andhra Pradesh,Guntur,Small,1108.75,60.1,66.95,1508.27,4.29,1754.15,10.665,Medium
Rajasthan,Jodhpur,Medium,3129.43,83.08,42.31,1759.58,9.79,1978.53,13.7,Medium
Tamil Nadu,Salem,Small,1598.7,78.15,54.81,1717.01,7.52,2872.06,14.108,Medium
Rajasthan,Makrana,Small,1232.19,74.61,61.31,2704.93,7.72,1972.49,9.234,Medium
Andhra Pradesh,Guntur,Medium,2061.41,66.4,46.9,1662.62,9.36,1818.83,9.052,Medium
Gujarat,Ahmedabad,Medium,2234.41,86.6,79.33,1591.6,4.65,2044.28,16.824,High
Telangana,Warangal,Medium,2621.22,63.72,59.6,2286.46,4.79,1938.63,7.658,Low
Tamil Nadu,Salem,Medium,2834.06,55.23,41.13,1163.97,10.44,2028.91,11.275,Medium
Tamil Nadu,Salem,Large,5535.92,67.04,48.46,1042.8,5.04,2530.55,23.713,High
Karnataka,Bengaluru,Medium,2686.94,47.08,64.12,1457.49,6.64,2176.73,14.172,Medium
Rajasthan,Jaipur,Small,1302.4,66.3,41.8,2662.28,,2156.98,5.415,Low
Telangana,Hyderabad,Small,1939.93,57.24,44.73,1695.7,10.49,1400.22,2.139,Low
Telangana,Nizamabad,Small,1296.8,86.1,56.82,1498.4,6.26,2222.6,12.486,Medium
Telangana,Hyderabad,Large,3675.7,86.66,59.11,1448.17,1.91,1919.12,15.239,Medium
Rajasthan,Kishangarh,Small,1483.57,75.07,47.38,2796.27,5.37,2139.61,9.693,Medium
Rajasthan,Jaipur,Small,1872.62,84.44,43.71,2238.26,9.63,1810.55,8.793,Medium
Karnataka,Bengaluru,Small,1205.18,59.39,59.87,2134.25,4.79,1851.75,10.268,Medium
Karnataka,Bengaluru,Large,4627.8,80.71,88.48,1699.77,6.19,2306.96,24.429,High
Rajasthan,Jaipur,Small,1681.69,53.62,31.34,1410.42,10.83,2104.6,5.678,Low
Rajasthan,Jodhpur,Large,5041.34,70.35,47.87,1726.84,5.36,2226.94,16.65,High
Tamil Nadu,Krishnagiri,Small,1894.55,73.84,20.0,2119.92,15.92,2015.37,6.441,Low
Telangana,Warangal,Small,1376.5,65.05,59.85,1108.9,9.8,2144.73,7.697,Low
Karnataka,Bengaluru,Small,1915.67,93.16,47.45,2266.58,2.37,2084.81,13.308,Medium
Tamil Nadu,Dharmapuri,Large,5732.65,79.13,52.6,1709.61,4.51,2298.32,20.747,High
Karnataka,Bengaluru,Large,4913.44,84.88,68.29,2069.71,0.5,2538.01,20.449,High
Tamil Nadu,Chennai,Small,1834.06,73.57,62.71,1778.39,6.79,2199.01,13.187,Medium
Tamil Nadu,Dharmapuri,Small,1483.05,70.75,77.83,2334.64,10.87,1895.57,14.997,Medium
Tamil Nadu,Dharmapuri,Medium,2228.53,69.91,42.88,1161.41,7.99,2470.03,15.415,Medium
Andhra Pradesh,Kurnool,Small,1596.19,71.57,56.71,1785.25,5.03,1919.08,9.267,Medium
Andhra Pradesh,Nellore,Small,1621.11,90.93,65.78,1159.89,11.1,1968.38,13.368,Medium
Tamil Nadu,Salem,Small,1148.11,93.47,75.92,1093.69,5.04,2301.05,21.441,High
Andhra Pradesh,Ongole,Small,1152.24,69.07,57.64,2076.39,8.99,1900.89,7.51,Low
Karnataka,Bengaluru,Small,1530.82,73.5,82.78,1165.54,7.41,2235.18,14.085,Medium
Tamil Nadu,Salem,Small,2114.75,71.82,30.96,1933.99,11.33,2051.01,8.378,Medium
Gujarat,Ahmedabad,Small,730.49,84.7,51.71,1755.99,5.39,1879.35,8.997,Medium
Andhra Pradesh,Guntur,Large,4481.85,98.0,51.32,2487.57,2.52,1843.86,20.023,High
Karnataka,Bengaluru,Small,684.74,90.13,52.92,1208.75,1.92,2332.37,15.951,Medium
Tamil Nadu,Salem,Medium,3368.86,65.44,38.97,1518.58,7.8,2288.81,13.246,Medium
Andhra Pradesh,Kadapa,Small,1308.46,73.05,58.11,2248.43,9.48,1741.19,9.284,Medium
Andhra Pradesh,Nellore,Medium,2241.76,77.17,62.95,2128.61,6.27,1843.39,10.427,Medium
Karnataka,Mysuru,Small,2039.81,65.01,53.43,2342.19,6.67,2284.04,10.909,Medium
Telangana,Karimnagar,Medium,1653.1,83.18,32.07,2253.58,2.65,2062.04,11.823,Medium
Rajasthan,Udaipur,Small,1517.21,43.33,69.31,2052.44,6.81,2158.9,9.249,Medium
Rajasthan,Makrana,Large,5103.8,91.0,59.33,2254.12,6.08,2206.67,19.939,High
Karnataka,Bengaluru,Small,1712.23,78.46,40.44,1800.14,14.14,1962.99,6.181,Low
Telangana,Karimnagar,Small,1814.07,49.68,25.8,1774.77,6.36,1481.36,1.5,Low
Rajasthan,Makrana,Large,4828.43,73.44,64.16,1412.46,4.81,1954.68,19.719,High
Andhra Pradesh,Nellore,Medium,2430.99,45.95,56.14,1183.67,5.22,1963.94,11.286,Medium
Rajasthan,Makrana,Small,2052.92,93.55,77.71,1873.58,7.34,2064.63,13.839,Medium
Telangana,Nizamabad,Large,4477.92,61.98,50.85,1709.18,4.33,1647.14,11.639,Medium
Tamil Nadu,Madurai,Small,2487.3,81.45,44.3,1527.02,7.05,2245.79,13.491,Medium
Gujarat,Bhavnagar,Small,1261.23,81.45,41.15,1266.72,10.17,1293.44,5.623,Low
Andhra Pradesh,Ongole,Large,4528.8,76.94,51.24,2463.62,5.45,1686.76,13.034,Medium
Telangana,Warangal,Small,1072.41,65.28,36.3,2028.97,4.49,1706.58,4.251,Low
Tamil Nadu,Dharmapuri,Large,5161.61,84.89,70.08,1433.71,3.93,2530.32,27.044,High
Tamil Nadu,Chennai,Small,2008.63,74.94,47.64,1356.82,5.08,2732.07,15.18,Medium
Andhra Pradesh,Kadapa,Medium,2593.96,85.88,55.04,1767.61,7.45,2077.98,12.429,Medium
Rajasthan,Makrana,Medium,2638.79,60.79,46.88,1666.09,9.81,2244.58,11.845,Medium
Rajasthan,Jaipur,Large,4606.31,85.12,63.63,1730.03,4.72,1879.23,17.545,High
Andhra Pradesh,Ongole,Medium,2740.69,93.35,56.96,1726.59,5.8,1748.13,13.713,Medium
Gujarat,Bhavnagar,Small,877.98,71.7,53.3,1905.87,6.64,1579.61,4.43,Low
Andhra Pradesh,Kurnool,Medium,2400.14,56.65,58.13,917.35,8.79,1877.01,8.805,Medium
Tamil Nadu,Dharmapuri,Small,1204.41,70.9,58.16,1052.11,8.76,2758.05,12.434,Medium
Telangana,Karimnagar,Medium,2326.02,69.38,77.65,1899.93,2.47,1759.13,12.961,Medium
Rajasthan,Makrana,Large,5356.76,71.86,82.94,2766.2,12.76,2233.33,17.236,High
Karnataka,Bengaluru,Medium,3087.0,64.21,64.64,2298.34,7.67,2117.96,12.796,Medium
Karnataka,Mysuru,Medium,3622.35,80.27,63.17,2148.93,0.5,2414.96,15.967,Medium
Rajasthan,Jaipur,Small,1198.51,84.85,80.51,2568.21,6.98,2255.71,12.959,Medium
Karnataka,Bengaluru,Medium,3145.79,71.17,48.1,1293.74,9.54,2016.27,12.249,Medium
Tamil Nadu,Dharmapuri,Small,1858.83,48.86,60.56,1686.87,6.74,2399.79,8.956,Medium
Tamil Nadu,Madurai,Medium,3482.99,76.07,44.42,1210.24,7.83,2306.55,18.415,High
Karnataka,Mysuru,Small,1283.19,51.86,57.91,1752.28,7.08,1970.96,6.438,Low
Karnataka,Hassan,Medium,2864.21,74.21,66.05,1132.3,4.15,2695.27,21.232,High
Telangana,Hyderabad,Small,1277.07,76.48,46.74,1773.94,3.35,1873.67,5.47,Low
Andhra Pradesh,Guntur,Medium,2430.65,72.82,75.93,2312.6,3.6,2564.02,12.654,Medium
Rajasthan,Udaipur,Small,820.25,80.61,57.26,2855.85,1.1,2424.85,12.585,Medium
Karnataka,Bengaluru,Large,5555.6,87.65,76.52,2278.35,10.68,2315.24,22.801,High
Tamil Nadu,Chennai,Small,2029.78,79.88,32.25,1243.2,9.36,2142.8,10.31,Medium
Rajasthan,Makrana,Medium,2486.05,91.44,92.0,2023.84,1.5,2551.77,26.108,High
Telangana,Khammam,Small,1317.71,63.55,37.18,1903.38,11.08,1250.45,1.5,Low
Tamil Nadu,Madurai,Medium,3380.2,68.22,39.05,2432.35,9.68,1952.22,12.441,Medium
Tamil Nadu,Dharmapuri,Small,2034.37,87.56,63.64,2223.81,8.08,2262.85,15.627,Medium
Andhra Pradesh,Kurnool,Medium,2448.83,87.25,64.29,1201.2,2.12,1820.19,14.495,Medium
Gujarat,Vadodara,Small,950.21,64.0,34.38,1408.97,8.37,1534.63,1.5,Low
Andhra Pradesh,Ongole,Medium,3185.62,47.06,45.43,2235.2,6.99,1827.47,7.277,Low
Tamil Nadu,Dharmapuri,Small,1679.35,78.87,46.67,2288.84,6.42,2701.3,13.58,Medium
Telangana,Hyderabad,Small,1202.24,76.16,49.35,1584.23,6.89,1813.37,5.237,Low
Rajasthan,Kishangarh,Medium,3060.93,58.71,51.04,2553.51,4.65,2083.22,12.88,Medium
Karnataka,Chitradurga,Small,1781.16,58.91,68.96,1538.98,6.59,2294.41,13.474,Medium
Telangana,Warangal,Small,1414.5,72.69,81.41,895.27,11.24,2000.27,11.729,Medium
Gujarat,Rajkot,Large,4158.76,90.47,43.21,2180.08,4.52,1521.41,11.643,Medium
Rajasthan,Makrana,Large,5011.05,98.0,63.93,2598.19,1.59,2275.97,26.936,High
Karnataka,Hassan,Medium,3052.29,87.87,51.78,968.73,11.95,1981.09,14.397,Medium
Tamil Nadu,Chennai,Small,1484.83,56.42,52.16,1005.81,6.02,1993.06,11.335,Medium
Tamil Nadu,Chennai,Small,1875.25,68.73,59.91,2301.75,7.94,2319.37,10.605,Medium
Telangana,Nizamabad,Medium,2355.18,75.45,57.99,2363.41,10.14,1852.41,8.964,Medium
Andhra Pradesh,Ongole,Small,1514.79,83.81,67.64,2063.11,9.41,2183.41,8.944,Medium
Telangana,Khammam,Large,3733.9,72.39,67.86,1688.86,5.95,1791.13,15.092,Medium
Tamil Nadu,Dharmapuri,Small,1568.33,81.74,30.91,1713.24,7.12,2017.85,7.775,Low
Tamil Nadu,Salem,Large,5663.42,75.96,37.32,1804.89,11.94,2263.34,17.863,High
Telangana,Khammam,Medium,2251.16,80.96,67.53,2208.47,7.6,1688.04,8.389,Medium
Tamil Nadu,Madurai,Medium,2886.45,70.89,66.45,1383.17,4.27,2167.85,18.652,High
Rajasthan,Jodhpur,Small,1485.95,96.77,42.83,2351.07,12.18,1767.5,8.81,Medium
Gujarat,Ahmedabad,Large,3990.18,92.38,67.66,2263.58,4.31,1805.48,17.674,High
Tamil Nadu,Madurai,Small,1623.75,87.16,58.7,1856.83,7.38,2446.45,15.428,Medium
Telangana,Khammam,Medium,2748.23,58.49,74.14,1913.75,7.21,2022.02,10.899,Medium
Rajasthan,Kishangarh,Large,5469.64,75.47,66.81,,5.17,2207.37,22.284,High
Rajasthan,Makrana,Small,1593.66,79.97,63.16,1739.58,6.66,2381.91,12.446,Medium
Rajasthan,Jaipur,Medium,2543.18,60.09,54.96,1989.07,3.19,2583.11,11.837,High
Rajasthan,Jodhpur,Medium,2618.45,85.05,38.99,2717.81,3.27,2289.62,15.371,Medium
Rajasthan,Jaipur,Small,910.79,74.55,56.54,2387.0,7.88,1955.77,9.561,Medium
Karnataka,Chitradurga,Medium,2825.27,89.3,78.67,958.67,4.65,2406.58,22.568,High
Tamil Nadu,Krishnagiri,Small,2084.85,77.08,68.85,2295.32,7.36,2399.2,13.173,Medium
Gujarat,Vadodara,Small,3054.212028089763,70.17,68.16,982.97,8.68,1814.98,6.077,Low
Gujarat,Rajkot,Medium,2197.65,74.05,55.91,1082.83,5.08,1674.08,11.069,Medium
Rajasthan,Udaipur,Medium,2759.43,64.42,45.94,1650.0,6.94,2001.1,10.286,Medium
Rajasthan,Makrana,Small,1577.6,67.98,62.76,3043.88,6.95,2187.98,8.434,Medium
Telangana,Khammam,Large,5006.44,87.47,62.02,2035.79,1.44,2398.72,20.111,High
Tamil Nadu,Dharmapuri,Large,5967.79,91.24,66.66,1347.01,6.36,2587.0,23.691,High
Rajasthan,Jodhpur,Medium,2743.76,87.06,58.97,1965.68,4.43,2144.08,17.297,High
Karnataka,Bengaluru,Medium,2415.44,69.8,72.11,2093.81,0.5,2482.84,14.389,Medium
Telangana,Khammam,Small,1963.35,83.61,29.31,2570.39,13.04,1896.41,1.58,Low
Karnataka,Mysuru,Medium,2509.56,67.07,30.32,1540.63,2.43,2023.63,13.02,Medium
Rajasthan,Kishangarh,Medium,3074.21,82.01,61.57,1345.39,1.76,2441.68,17.884,High
Tamil Nadu,Salem,Small,1373.45,88.67,51.66,1893.89,6.55,2903.21,14.727,Medium
Tamil Nadu,Chennai,Medium,2883.79,98.0,38.36,2165.44,6.62,2365.11,14.511,Medium
Rajasthan,Udaipur,Small,1210.18,83.94,43.23,2719.51,8.31,1875.37,9.515,Medium
Tamil Nadu,Chennai,Small,1226.12,77.42,51.81,2373.8,7.53,2152.41,15.107,Medium
Tamil Nadu,Krishnagiri,Medium,2816.12,84.55,59.84,1683.55,0.5,2534.67,20.568,High
Tamil Nadu,Salem,Medium,3190.09,92.28,67.45,,7.41,2689.49,19.152,High
Telangana,Karimnagar,Medium,2215.05,80.49,20.0,2326.38,5.99,1727.56,7.845,High
Karnataka,Chitradurga,Medium,3589.06,65.44,50.12,2215.78,6.03,2104.73,10.433,Medium
Karnataka,Mysuru,Large,5383.95,87.37,43.95,2180.03,8.45,2295.38,19.718,High
Andhra Pradesh,Kurnool,Medium,2788.69,92.19,69.84,2260.44,5.83,2199.76,19.292,High
Rajasthan,Jodhpur,Medium,2802.86,90.68,60.16,2264.89,3.8,2311.27,15.761,Medium
Telangana,Warangal,Small,1265.26,76.57,42.83,2457.81,8.35,1590.19,6.303,Low
Karnataka,Hassan,Small,1776.26,66.63,53.48,1268.22,12.1,2636.86,10.033,Medium
Karnataka,Chitradurga,Small,694.31,54.56,20.74,999.72,8.62,1661.01,6.857,Low
Karnataka,Ramanagara,Medium,2731.8,78.88,57.59,1754.6,0.91,2416.34,18.617,High
Rajasthan,Udaipur,Medium,2492.45,52.2,59.9,2231.76,7.95,2046.36,8.827,Medium
Telangana,Warangal,Small,594.4,75.77,56.08,1429.58,6.26,1909.58,10.832,Medium
Gujarat,Ahmedabad,Small,796.37,86.5,67.55,1943.24,11.26,1851.89,8.229,Medium
Telangana,Hyderabad,Small,1044.51,73.09,52.46,1613.35,1.43,1788.89,8.156,Medium
Andhra Pradesh,Guntur,Small,1615.41,58.21,42.5,2074.61,10.02,1644.64,2.484,Low
Karnataka,Chitradurga,Large,5197.99,63.99,49.61,1085.29,11.05,2134.44,14.073,Medium
Telangana,Hyderabad,Medium,1609.26,63.73,58.41,1995.03,6.45,2024.55,9.019,Low
Telangana,Nizamabad,Small,1311.81,69.27,43.64,1618.76,11.75,1585.83,4.665,Low
Tamil Nadu,Madurai,Medium,2624.13,86.33,49.95,2522.51,4.02,2282.95,13.466,Medium
Tamil Nadu,Chennai,Medium,3018.87,76.8,52.8,2130.01,1.88,2639.17,17.891,High
Telangana,Warangal,Medium,2645.26,98.0,80.83,2167.0,3.28,2435.38,16.394,High
Rajasthan,Jodhpur,Small,1152.86,88.22,59.98,1982.64,9.12,2163.99,11.163,Medium
Andhra Pradesh,Kadapa,Medium,2867.22,74.43,50.6,1188.64,6.7,1427.08,10.945,Medium
Rajasthan,Kishangarh,Small,1599.5,73.03,53.35,1671.39,3.43,1948.02,14.261,Medium
Gujarat,Bhavnagar,Large,3966.22,74.28,66.04,1604.74,7.9,1539.71,17.02,High
Tamil Nadu,Krishnagiri,Medium,2745.73,76.76,35.63,1688.5,6.95,2011.0,12.227,Medium
Andhra Pradesh,Kadapa,Medium,2476.16,83.56,85.08,1841.82,6.54,2367.13,16.318,High
Karnataka,Ramanagara,Small,1576.5,77.99,46.83,1767.63,7.35,2162.86,10.443,Medium
Rajasthan,Jodhpur,Small,1461.53,72.79,36.2,2016.48,,2157.77,9.108,Medium
Telangana,Karimnagar,Small,1355.99,55.72,55.59,2385.32,8.33,1725.81,3.514,Low
Tamil Nadu,Dharmapuri,Large,5019.4,98.0,55.05,1184.55,4.26,2341.31,25.328,High
Karnataka,Mysuru,Small,1620.6,84.71,35.03,1618.99,6.02,1933.52,11.123,Medium
Tamil Nadu,Madurai,Small,1679.39,76.03,64.51,1691.34,4.33,2417.69,14.333,Medium
Karnataka,Bengaluru,Large,5191.19,88.58,67.21,1933.83,5.52,2197.33,23.091,High
Andhra Pradesh,Kurnool,Medium,2602.13,87.51,62.07,1981.76,5.2,2025.66,16.379,High
Rajasthan,Jaipur,Medium,2746.55,74.08,38.56,1612.7,9.12,1920.61,12.199,Medium
Karnataka,Hassan,Small,1341.69,71.99,58.98,1953.19,10.16,2234.99,10.28,Medium
Rajasthan,Kishangarh,Medium,2834.21,64.55,59.8,2302.71,5.64,2176.98,14.493,Medium
Telangana,Khammam,Small,1848.89,79.32,35.17,2428.66,8.72,1650.07,7.071,Low
Gujarat,Surat,Medium,2043.94,64.8,47.94,2156.57,10.07,2070.18,6.863,Low
Tamil Nadu,Krishnagiri,Small,1762.93,65.09,80.04,1079.6,8.71,2428.63,14.859,Medium
Tamil Nadu,Krishnagiri,Medium,2665.56,55.49,45.65,1654.46,6.28,2216.26,11.274,Medium
Telangana,Warangal,Medium,2467.91,97.16,85.02,2403.75,1.72,1932.81,16.732,High
Rajasthan,Kishangarh,Medium,2807.33,68.94,50.48,1953.44,4.82,2087.2,13.828,Medium
Tamil Nadu,Dharmapuri,Medium,3016.52,79.52,49.05,1873.09,2.33,2697.28,19.094,High
Tamil Nadu,Madurai,Small,1581.42,74.05,46.67,1136.86,7.13,2347.05,13.907,Medium
Tamil Nadu,Dharmapuri,Small,860.32,74.05,61.64,1133.27,5.84,2898.49,14.336,Medium
Tamil Nadu,Dharmapuri,Medium,2836.18,49.16,59.27,2041.81,2.23,2498.07,16.25,High
Rajasthan,Jodhpur,Medium,2747.83,77.97,65.48,2503.8,6.97,1872.11,15.173,Medium
Rajasthan,Makrana,Large,5103.3,91.72,74.95,1687.14,8.49,2155.1,23.219,High
Rajasthan,Makrana,Medium,3135.77,97.75,67.13,1916.63,4.75,1829.81,20.076,High
Karnataka,Mysuru,Medium,3083.53,73.2,33.85,2405.09,7.2,2142.71,13.284,Medium
Rajasthan,Makrana,Large,5836.15,78.57,77.34,2518.22,4.46,1931.42,22.613,High
Tamil Nadu,Dharmapuri,Small,1719.11,86.56,32.6,1506.31,12.62,2170.37,10.668,Medium
Karnataka,Ramanagara,Medium,2450.28,76.61,72.23,975.34,4.02,2126.91,25.122,High
Gujarat,Ahmedabad,Small,1580.06,78.68,60.36,1519.16,0.5,1849.32,10.483,Medium
Rajasthan,Kishangarh,Small,1335.56,76.55,64.75,1630.84,7.51,1938.87,14.087,Medium
Tamil Nadu,Chennai,Medium,2792.77,71.41,51.85,2084.46,0.5,2364.42,20.24,Low
Andhra Pradesh,Guntur,Medium,2311.64,70.69,50.75,1564.22,2.16,2058.31,13.084,Medium
Karnataka,Ramanagara,Medium,2928.9,71.3,54.19,1971.53,11.68,2298.27,12.828,Medium
Andhra Pradesh,Kadapa,Medium,2123.24,76.74,65.26,1988.38,4.62,1660.54,14.499,Medium
Karnataka,Chitradurga,Medium,2940.68,79.36,71.63,1888.42,6.86,2542.7,13.84,Medium
Telangana,Karimnagar,Small,1139.5,62.92,43.48,1408.95,11.41,1640.72,3.826,Low
Tamil Nadu,Krishnagiri,Medium,2658.26,88.1,50.95,1544.65,1.69,2515.67,20.178,High
Karnataka,Mysuru,Medium,2727.23,56.47,43.62,2281.61,7.96,2146.1,12.186,Medium
Karnataka,Ramanagara,Large,5382.36,88.15,81.79,1304.84,1.21,2439.91,24.874,High
Rajasthan,Jaipur,Small,2043.9,72.8,23.52,2655.42,7.51,2160.04,8.935,Medium
Telangana,Hyderabad,Small,900.97,61.45,54.35,2543.56,8.51,1729.48,4.362,Low
Telangana,Khammam,Medium,2069.41,67.31,48.19,1979.02,3.69,1651.03,13.121,Medium
Rajasthan,Jaipur,Large,4511.67,67.2,76.88,2106.98,6.09,2597.95,21.054,High
Karnataka,Mysuru,Medium,3110.54,77.51,70.67,1976.36,7.35,2690.86,21.985,High
Tamil Nadu,Dharmapuri,Medium,2687.51,87.67,47.9,1838.62,2.26,2342.98,17.629,High
Karnataka,Mysuru,Large,5595.58,73.47,71.25,1367.64,6.06,2440.46,19.938,High
Tamil Nadu,Chennai,Large,5851.09,98.0,87.82,1318.96,4.3,3008.13,27.799,High
Telangana,Khammam,Medium,2822.54,62.51,44.32,1515.75,11.42,1767.05,4.37,Low
Andhra Pradesh,Guntur,Medium,2268.49,64.67,70.26,959.81,6.37,2056.66,12.128,Medium
Rajasthan,Kishangarh,Small,1354.92,93.65,40.84,1512.68,10.07,2227.71,13.07,Medium
Andhra Pradesh,Guntur,Large,4421.2,66.86,79.23,2374.83,7.39,2316.72,15.136,Medium
Rajasthan,Jaipur,Medium,3349.4,67.41,78.14,2209.63,10.73,2374.19,14.738,Medium
Telangana,Hyderabad,Large,3538.43,98.0,57.68,1161.81,7.13,1512.88,16.316,High
Rajasthan,Udaipur,Small,1519.96,61.87,48.54,2010.05,6.01,1799.63,6.861,Low
Rajasthan,Makrana,Medium,2545.97,80.45,77.08,2061.72,6.11,2169.06,21.102,High
Andhra Pradesh,Ongole,Medium,2355.26,85.09,26.59,1137.58,6.51,1988.65,10.426,Medium
Andhra Pradesh,Kadapa,Medium,2891.23,54.05,64.3,2571.32,4.92,1688.31,11.556,Medium
Tamil Nadu,Madurai,Small,1409.05,65.17,76.59,1335.55,7.6,2485.17,15.483,Medium
Telangana,Khammam,Medium,2489.73,98.0,22.09,1441.99,1.7,1962.89,9.288,Medium
Tamil Nadu,Salem,Medium,2951.21,72.98,67.87,947.4,3.82,2474.35,17.613,High
Rajasthan,Jodhpur,Medium,2656.39,73.52,73.11,2834.14,0.94,2273.01,17.041,High
Rajasthan,Kishangarh,Small,1531.28,74.24,54.38,2487.96,13.43,1744.89,6.825,Low
Karnataka,Bengaluru,Medium,3112.84,96.41,72.72,2439.79,9.3,2146.42,19.952,High
Gujarat,Ahmedabad,Small,1130.26,66.29,42.76,2388.17,17.38,1407.28,1.5,Low
Rajasthan,Kishangarh,Small,1753.51,61.73,38.24,1226.94,13.75,1945.95,8.442,Medium
Telangana,Hyderabad,Medium,2545.93,72.96,71.79,2016.68,5.98,1665.65,1.5925097113927773,Medium
Telangana,Warangal,Large,4136.24,87.31,63.4,2393.51,2.38,2246.28,14.123,Medium
Andhra Pradesh,Ongole,Medium,2884.97,73.72,67.32,2122.87,6.28,1737.12,11.608,Medium
Tamil Nadu,Krishnagiri,Medium,3022.07,79.24,39.26,1997.44,11.36,2182.54,13.924,Medium
Tamil Nadu,Salem,Small,1484.3,66.44,20.0,1817.6,11.13,1997.94,6.122,Low
Telangana,Nizamabad,Medium,2101.8,79.51,38.75,2411.0,6.36,1579.6,8.888,Medium
Gujarat,Bhavnagar,Small,1663.64,56.22,76.46,1778.82,7.85,2400.66,10.748,Medium
Rajasthan,Jodhpur,Large,5521.72,70.9,80.62,,5.51,2075.41,24.399,High
Tamil Nadu,Salem,Large,5263.09,72.48,62.25,2462.96,4.34,2545.89,19.539,High
Tamil Nadu,Chennai,Medium,3050.49,59.08,63.57,2513.53,5.39,2204.95,16.631,High
Tamil Nadu,Krishnagiri,Medium,2857.17,48.99,58.4,1492.58,8.13,2654.32,13.35,Medium
Tamil Nadu,Salem,Medium,2912.78,75.8,34.94,1392.62,3.3,2468.85,13.481,Medium
Gujarat,Bhavnagar,Medium,2107.98,86.22,67.29,1657.54,6.45,1818.8,9.447,Medium
Rajasthan,Udaipur,Small,2513.51,74.91,24.22,2764.7,6.74,2002.52,8.1,Medium
Karnataka,Ramanagara,Small,2223.27,83.19,42.22,1876.56,6.69,2373.63,14.677,Medium
Tamil Nadu,Chennai,Medium,3544.28,91.07,48.72,,4.88,2681.09,18.047,High
Tamil Nadu,Salem,Large,5741.3,52.71,67.42,1433.63,2.37,2934.28,21.619,High
Telangana,Nizamabad,Small,1168.32,79.77,53.31,1993.21,5.04,1555.5,8.723,Medium
Gujarat,Bhavnagar,Small,1693.0,76.59,20.0,2171.36,8.94,1641.22,1.5,Low
Rajasthan,Udaipur,Medium,1954.91,75.38,72.19,1671.79,8.8,2164.51,15.779,Medium
Tamil Nadu,Krishnagiri,Large,5472.0,80.04,70.54,2466.33,3.08,2942.63,25.179,High
Rajasthan,Jodhpur,Small,1883.82,66.61,65.51,1462.93,5.25,1715.54,14.022,Medium
Rajasthan,Makrana,Small,1672.68,80.35,51.68,,5.87,2107.2,12.966,Medium
Telangana,Karimnagar,Medium,2815.22,61.84,55.17,1421.39,7.02,1502.38,9.205,Medium
Gujarat,Vadodara,Medium,1839.25,84.78,33.78,1875.54,5.98,1667.17,8.329,Medium
Rajasthan,Kishangarh,Small,2071.46,62.48,43.25,1622.85,10.31,1878.29,9.987,Medium
Telangana,Karimnagar,Small,1107.94,55.27,48.12,6344.345716714187,4.75,1509.21,4.603,Low
Karnataka,Bengaluru,Medium,3387.17,72.87,66.87,1740.85,1.84,2040.35,19.228,High
Andhra Pradesh,Nellore,Medium,2753.17,57.57,53.12,1795.25,4.34,1722.52,10.163,Medium
Rajasthan,Kishangarh,Large,5190.23,66.22,58.51,2413.55,4.4,2152.71,19.819,High
Telangana,Nizamabad,Medium,2868.0,79.1,48.13,1207.35,4.55,1829.82,11.7,Medium
Rajasthan,Jodhpur,Small,1757.39,87.96,55.89,1339.96,4.67,2046.12,17.142,High
Andhra Pradesh,Kurnool,Medium,3054.49,73.46,56.24,1159.65,5.13,1808.14,10.825,Medium
Telangana,Karimnagar,Medium,2329.73,49.03,47.75,1952.4,6.1,1841.72,7.193,Low
Gujarat,Vadodara,Small,1419.85,78.88,40.35,815.73,10.87,2139.13,8.613,Medium
Tamil Nadu,Salem,Large,5291.39,72.56,56.12,1347.51,3.8,2653.1,22.791,High
Telangana,Hyderabad,Large,4078.79,97.48,55.15,1522.3,5.31,1568.54,17.823,High
Andhra Pradesh,Nellore,Small,1727.96,98.0,26.86,1974.78,12.11,1420.38,7.75,Low
Rajasthan,Jaipur,Small,1745.31,54.01,27.87,2434.04,4.9,1852.42,6.36,Low
Tamil Nadu,Chennai,Small,1949.89,98.0,56.98,1547.78,5.04,2539.39,17.534,High
Andhra Pradesh,Ongole,Small,1391.58,60.04,20.47,2151.51,5.7,1489.29,4.312,Low
Karnataka,Chitradurga,Medium,2780.08,67.58,46.04,1873.12,,1940.54,13.924,Medium
Telangana,Hyderabad,Medium,2649.05,85.57,68.3,1830.8,9.81,1659.17,10.602,Medium
Gujarat,Surat,Large,3710.08,68.46,76.11,1735.76,4.11,1606.42,15.776,Medium
Telangana,Karimnagar,Small,1193.58,63.76,50.88,2559.97,9.5,1894.55,4.359,Low
Karnataka,Hassan,Medium,3463.19,52.26,70.55,1304.23,7.71,2180.44,12.863,Medium
Gujarat,Bhavnagar,Large,4126.04,60.83,60.71,1455.62,5.56,1854.95,14.572,Medium
Tamil Nadu,Krishnagiri,Medium,3535.51,65.58,45.96,,4.1,2233.6,17.234,High
Telangana,Karimnagar,Small,1217.36,84.11,61.0,1334.15,6.41,1500.19,11.803,Medium
Rajasthan,Makrana,Small,1344.06,94.37,67.4,1491.87,11.43,2635.1,13.752,Medium
Rajasthan,Makrana,Small,1199.72,63.81,45.01,1674.88,5.35,1917.51,12.121,Medium
Rajasthan,Kishangarh,Large,4694.55,77.96,54.43,2618.7,6.54,2254.12,17.338,High
Rajasthan,Makrana,Large,4803.77,62.82,68.52,1393.08,2.82,2317.8,21.182,High
Rajasthan,Kishangarh,Large,5209.41,56.55,86.16,1988.35,0.51,2795.4,20.668,High
Andhra Pradesh,Nellore,Large,4362.55,62.37,55.36,1504.45,4.95,2114.61,16.15,High
Rajasthan,Jodhpur,Small,1387.33,62.49,20.0,1519.78,12.42,2248.83,6.336,Low
Andhra Pradesh,Kadapa,Large,4972.51,79.76,73.45,2442.88,8.55,2028.46,16.509,High
Rajasthan,Jodhpur,Large,3920.95,72.84,54.34,2420.05,5.2,1937.7,14.614,Medium
Andhra Pradesh,Nellore,Small,1412.17,66.33,54.13,1109.51,14.57,1761.16,7.259,Low
Tamil Nadu,Krishnagiri,Small,1272.74,72.33,60.58,1253.88,10.46,2592.74,15.297,Medium
Tamil Nadu,Madurai,Medium,3030.46,69.97,81.19,1728.44,2.3,2455.44,18.049,High
Rajasthan,Makrana,Small,2052.17,61.96,49.64,1536.09,5.64,1954.86,10.624,Medium
Telangana,Warangal,Small,1204.75,80.77,69.63,1927.96,6.05,1736.01,11.175,Medium
Telangana,Khammam,Large,4957.7,53.19,63.12,1656.43,3.43,1803.19,12.244,Medium
Andhra Pradesh,Guntur,Large,4576.41,66.01,77.33,1550.5,7.39,2000.24,19.49,High
Rajasthan,Jaipur,Small,1147.47,91.95,20.0,1850.13,9.07,2197.31,11.035,Medium
Andhra Pradesh,Ongole,Medium,2773.61,81.51,49.87,1133.9,6.08,1932.93,14.523,Medium
Tamil Nadu,Chennai,Large,5724.53,56.6,69.37,2715.92,7.77,2511.55,19.168,High
Andhra Pradesh,Nellore,Medium,2648.6,57.74,64.38,2314.81,7.73,1779.08,8.445,Medium
Karnataka,Bengaluru,Small,1384.72,68.18,24.49,1958.42,7.12,2277.1,7.669,Low
Gujarat,Rajkot,Medium,1721.29,72.48,68.47,2372.26,4.98,1389.7,6.597,Low
Rajasthan,Kishangarh,Large,4820.06,89.56,76.35,2197.81,5.3,2237.55,20.823,High
Andhra Pradesh,Nellore,Large,5220.69,92.19,53.51,1245.27,4.22,1911.28,20.153,High
Telangana,Khammam,Small,938.35,67.33,38.99,1827.01,11.56,1570.6,3.568,Low
Tamil Nadu,Chennai,Small,1712.41,68.41,56.39,1194.65,7.51,2578.88,12.948,Medium
Gujarat,Rajkot,Large,4199.02,66.08,66.88,1427.63,8.43,1843.74,13.249,Medium
Rajasthan,Makrana,Small,1644.79,76.37,52.33,1390.61,6.61,2017.35,13.234,Medium
Gujarat,Vadodara,Medium,1690.25,62.78,38.95,1423.81,11.61,1610.5,2.726,Low
Rajasthan,Jaipur,Small,1461.39,68.03,92.0,2642.17,6.4,2251.07,16.575,High
Andhra Pradesh,Guntur,Small,1864.28,65.97,20.0,2126.45,9.12,1941.54,3.824,Low
Telangana,Karimnagar,Medium,2241.48,82.01,69.72,2490.4,8.32,1962.05,11.847,Medium
Tamil Nadu,Dharmapuri,Small,2299.79,88.84,44.43,2290.69,4.73,2449.21,14.677,Medium
Rajasthan,Udaipur,Large,5224.7,94.4,92.0,2809.82,2.09,2321.08,25.283,High
Andhra Pradesh,Nellore,Small,1126.53,74.07,58.66,1208.49,7.8,1874.71,6.153,Low
Tamil Nadu,Dharmapuri,Large,5283.77,90.38,80.3,2005.41,4.58,2313.42,24.321,High
Andhra Pradesh,Guntur,Large,4765.35,73.27,75.5,1950.48,7.75,2189.16,15.747,Medium
Andhra Pradesh,Guntur,Small,1092.93,61.72,20.0,1112.11,13.12,1455.87,2.412,Low
Telangana,Warangal,Medium,2524.26,60.1,51.36,2416.27,2.65,2048.94,9.268,Medium
Rajasthan,Jodhpur,Small,1522.89,80.87,59.49,1719.82,6.0,2258.25,11.772,Medium
Gujarat,Surat,Medium,1958.18,42.91,62.95,1405.12,0.91,1875.94,7.439,Low
Rajasthan,Jaipur,Medium,3115.24,85.25,72.45,2419.69,0.5,2187.17,18.155,High
Rajasthan,Kishangarh,Small,1278.59,66.67,47.57,1629.83,9.34,1976.08,9.49,Medium
Rajasthan,Jaipur,Medium,2664.01,71.69,66.28,2014.23,5.97,1996.66,15.726,Medium
Karnataka,Bengaluru,Medium,3335.04,84.95,45.94,1760.06,5.21,1671.36,13.336,Medium
Gujarat,Bhavnagar,Large,4346.48,59.85,47.05,2138.4,0.5,2189.05,14.713,Medium
Rajasthan,Kishangarh,Small,1157.04,73.49,46.08,2135.07,6.78,1947.05,10.452,Medium
Tamil Nadu,Krishnagiri,Medium,2849.54,90.96,46.88,2174.24,6.26,2305.01,16.212,High
Karnataka,Mysuru,Small,1769.74,69.22,41.28,1937.8,12.62,1869.59,6.891,Low
Tamil Nadu,Salem,Large,5659.41,65.9,44.28,1138.87,6.4,2234.38,19.571,High
Karnataka,Chitradurga,Small,1331.99,70.05,39.09,2100.84,16.89,1738.17,6.831,Low
Rajasthan,Kishangarh,Medium,3510.78,85.08,50.19,2482.83,4.4,1939.35,18.193,High
Rajasthan,Kishangarh,Small,1680.44,67.49,31.4,1592.87,5.51,1791.29,9.143,Medium
Telangana,Karimnagar,Medium,2340.65,51.13,92.0,1404.82,8.41,1638.39,13.337,Medium
Rajasthan,Kishangarh,Large,5482.87,75.37,47.2,,8.89,2131.54,18.862,High
Tamil Nadu,Madurai,Medium,3621.18,57.76,66.93,1078.75,8.52,2537.59,18.152,High
Tamil Nadu,Salem,Medium,2928.89,50.47,48.87,1382.45,10.72,2114.32,11.703,Medium
Telangana,Karimnagar,Medium,2613.37,82.34,56.27,1623.88,6.0,1866.56,12.58,Medium
Gujarat,Rajkot,Large,3654.34,86.49,56.91,1617.34,5.55,1774.36,16.135,High
Rajasthan,Kishangarh,Medium,3144.7,79.46,73.56,2732.98,0.74,2183.53,17.461,High
Karnataka,Bengaluru,Large,5802.11,91.72,59.43,2465.06,6.01,2400.41,24.544,High
Andhra Pradesh,Guntur,Medium,2358.21,72.34,61.66,1842.06,3.85,1911.16,14.308,Medium
Tamil Nadu,Madurai,Medium,2789.78,88.64,25.4,1902.25,5.83,2749.98,13.082,Medium
Telangana,Nizamabad,Small,1150.15,68.57,33.13,2241.25,3.57,2186.03,5.067,Low
Andhra Pradesh,Nellore,Medium,2676.3,76.7,36.24,4646.178348429535,3.8,1870.89,13.358,Medium
Tamil Nadu,Dharmapuri,Small,2015.96,61.68,69.54,1622.71,9.18,2572.07,16.054,High
Telangana,Hyderabad,Large,3972.26,64.13,80.09,1777.87,6.57,1944.91,17.825,Medium
Rajasthan,Jaipur,Medium,2357.3,61.95,66.9,2437.08,4.74,2122.26,13.661,Medium
Rajasthan,Kishangarh,Large,4553.53,98.0,78.67,2180.46,1.08,2293.82,14.394236209377322,High
Tamil Nadu,Chennai,Small,1590.89,93.07,31.16,1888.04,8.06,2205.16,13.134,Medium
Karnataka,Bengaluru,Small,1756.93,79.59,75.71,1220.95,7.44,2315.48,18.102,High
Andhra Pradesh,Guntur,Large,4166.63,73.67,61.87,1296.24,3.63,1972.34,15.658,Medium
Tamil Nadu,Krishnagiri,Small,1601.72,71.84,44.73,2190.23,11.01,2243.67,11.556,Medium
Telangana,Hyderabad,Medium,2134.8,95.16,71.11,1873.16,10.41,1775.31,16.089,High
Karnataka,Bengaluru,Large,5011.17,78.22,81.9,1766.25,6.89,2725.88,24.063,High
Andhra Pradesh,Ongole,Medium,2829.17,81.18,40.07,2084.24,6.31,2070.98,10.622,Medium
Andhra Pradesh,Guntur,Small,1607.91,70.36,62.78,970.99,9.93,2275.39,10.706,Medium
Rajasthan,Jaipur,Large,5471.84,74.96,58.31,1737.69,5.35,2033.99,21.046,High
Telangana,Warangal,Small,1451.63,84.03,66.61,,5.53,1835.14,9.871,Medium
Karnataka,Hassan,Large,5124.8,69.94,60.97,2375.82,5.89,2189.63,17.109,High
Telangana,Khammam,Small,1266.55,71.54,39.92,1697.28,10.86,1316.73,1.5,Low
Rajasthan,Kishangarh,Medium,2852.91,63.64,40.99,1778.87,7.3,1614.03,13.173,Medium
Tamil Nadu,Madurai,Small,1535.56,83.54,49.34,1890.25,2.26,2304.31,16.771,High
Rajasthan,Jaipur,Medium,2306.23,71.67,59.86,1335.81,7.13,2045.84,15.512,Medium
Tamil Nadu,Dharmapuri,Small,1367.62,92.71,57.03,2185.98,7.44,2277.55,14.181,Medium
Rajasthan,Kishangarh,Large,4702.92,80.23,67.56,2090.75,6.98,2425.89,17.233,Low
Karnataka,Ramanagara,Medium,2876.2,90.28,64.82,1007.53,7.74,2309.13,17.108,High
Telangana,Khammam,Small,4064.453617407901,77.35,56.43,1739.04,8.04,1941.46,7.348,Low
Karnataka,Hassan,Medium,2861.55,64.35,80.76,1546.92,5.25,2571.98,20.068,High
Gujarat,Ahmedabad,Medium,2189.05,80.1,65.21,1070.44,7.67,1943.29,7.912,Low
Karnataka,Bengaluru,Small,1499.36,88.62,44.93,1161.54,9.65,2247.9,12.887,Medium
Rajasthan,Jaipur,Small,2616.26,60.44,39.92,1769.84,6.74,2154.34,9.404,Medium
Rajasthan,Udaipur,Medium,2567.39,71.96,58.97,2281.0,5.95,1964.22,15.653,Medium
Gujarat,Surat,Small,1257.09,75.03,52.89,1039.71,6.68,1741.46,5.498,Low
Tamil Nadu,Madurai,Small,2172.22,78.63,38.18,1077.7,8.08,2651.94,10.528,Medium
Rajasthan,Kishangarh,Small,1571.58,89.33,45.07,2819.31,10.77,2392.46,15.692,Medium
Andhra Pradesh,Nellore,Medium,2123.42,90.23,42.86,714.13,9.41,1899.75,13.082,Medium
Tamil Nadu,Madurai,Medium,3147.47,85.15,51.81,1744.49,6.93,2402.73,15.209,Medium
Andhra Pradesh,Nellore,Small,1774.55,78.25,75.84,2420.48,3.77,2103.95,13.782,Medium
Tamil Nadu,Salem,Large,5578.98,75.39,87.69,1020.69,3.78,2526.06,23.092,High
Rajasthan,Kishangarh,Large,5206.66,52.03,78.24,2859.65,0.5,2270.26,19.079,High
Karnataka,Chitradurga,Small,2102.09,94.45,76.77,1605.18,7.44,2724.29,21.331,High
Tamil Nadu,Chennai,Small,1962.23,39.97,49.59,2069.42,6.59,2155.12,6.409,Low
Tamil Nadu,Salem,Large,5789.14,98.0,75.88,1456.76,4.33,2303.29,27.281,High
Rajasthan,Kishangarh,Medium,1981.94,88.8,63.86,2227.09,10.01,1712.11,13.296,Medium
Andhra Pradesh,Ongole,Small,1980.59,98.0,69.29,2416.0,4.74,1799.21,11.872,Medium
Tamil Nadu,Madurai,Medium,2961.95,75.21,73.28,1149.9,6.16,2853.97,17.831,High
Tamil Nadu,Madurai,Medium,2948.7,77.6,46.44,1482.95,9.12,2459.75,15.013,Medium
Tamil Nadu,Chennai,Small,1749.98,73.33,39.63,2156.09,9.26,2539.69,12.258,Medium
Andhra Pradesh,Guntur,Medium,2864.11,73.44,47.06,1301.1,8.76,2053.09,10.697,Medium
Telangana,Karimnagar,Medium,2571.7,64.87,63.85,1566.66,9.27,2160.11,8.23,Medium
Tamil Nadu,Madurai,Medium,2974.46,70.36,44.98,1769.16,4.02,2390.47,15.581,Medium
Karnataka,Chitradurga,Large,5251.03,76.06,67.28,1432.53,5.5,2105.17,17.059,High
Telangana,Hyderabad,Small,1142.16,75.59,21.44,1962.97,13.36,1878.49,1.5,Low
Tamil Nadu,Dharmapuri,Medium,3230.91,73.85,85.91,1962.44,5.51,2974.03,22.415,High
Telangana,Nizamabad,Medium,2356.39,68.86,36.28,2002.88,5.44,1691.23,6.007,Low
Tamil Nadu,Krishnagiri,Medium,3136.1,70.44,44.3,1596.24,7.48,2317.5,16.603,High
Karnataka,Hassan,Small,1556.41,66.4,42.79,1882.11,17.18,1904.3,10.141,Medium
Rajasthan,Udaipur,Small,1826.12,80.54,73.11,2389.03,6.5,2166.27,14.211,Medium
Telangana,Karimnagar,Small,1009.52,82.76,65.27,1382.18,6.83,1596.88,10.353,Medium
Andhra Pradesh,Kurnool,Small,1569.04,77.69,42.26,1757.98,8.96,1806.9,8.913,Medium
Karnataka,Mysuru,Small,1245.89,65.81,48.13,2495.73,6.7,2007.26,9.322,Medium
Rajasthan,Makrana,Medium,2498.36,82.62,55.71,2289.65,5.96,2242.45,16.85,High
Gujarat,Bhavnagar,Small,1152.9,67.42,53.14,1057.39,2.64,1634.72,8.804,Medium
Karnataka,Chitradurga,Medium,2644.61,62.72,45.69,2004.95,3.81,2226.32,13.533,Medium
Gujarat,Vadodara,Small,947.91,71.33,62.86,2277.32,6.26,1622.33,6.078,Low
Karnataka,Bengaluru,Small,1574.81,90.57,53.28,967.34,4.99,1615.9,18.431,High
Andhra Pradesh,Kadapa,Small,1468.75,64.0,70.62,2012.81,8.82,1821.76,5.856,Low
Andhra Pradesh,Guntur,Small,1826.52,57.02,58.75,1499.42,9.78,1717.35,10.331,Medium
Tamil Nadu,Madurai,Medium,2896.08,50.48,62.15,1602.94,7.02,2103.18,14.455,Medium
Karnataka,Mysuru,Small,1480.93,75.58,45.7,2582.14,6.75,2266.26,9.583,Medium
Tamil Nadu,Krishnagiri,Large,6169.95,73.96,78.96,2411.62,3.51,2194.89,21.668,High
Karnataka,Bengaluru,Large,4917.07,79.39,80.42,2049.09,6.03,1784.5,20.607,High
Tamil Nadu,Krishnagiri,Medium,2993.93,77.7,43.95,1549.71,6.37,2360.16,17.697,High
Gujarat,Vadodara,Medium,2762.95,82.9,92.0,1213.35,0.95,2143.52,19.005,High
Andhra Pradesh,Ongole,Small,1051.9,73.43,45.93,1383.85,11.28,1721.82,6.348,Low
Telangana,Hyderabad,Medium,2979.73,64.61,46.97,1836.57,0.5,2018.85,9.587,Medium
Karnataka,Hassan,Medium,3013.89,78.69,74.11,1762.85,9.53,2445.12,13.95,Medium
Karnataka,Hassan,Small,1225.02,84.12,51.38,2371.45,4.8,2352.88,12.835,Medium
Telangana,Khammam,Small,1615.28,66.19,30.58,1537.36,7.43,1355.19,4.463,Low
Telangana,Warangal,Small,1253.38,72.57,69.27,1953.02,7.67,1919.0,11.362,Medium
Tamil Nadu,Krishnagiri,Medium,3830.24,58.25,84.61,1948.84,8.65,2495.9,13.783,Medium
Telangana,Hyderabad,Medium,2347.53,57.93,45.12,2432.6,5.62,1842.38,8.786,High
Telangana,Hyderabad,Small,1462.86,53.12,68.48,2245.23,5.88,2199.91,8.597,Medium
Karnataka,Hassan,Medium,2900.85,73.53,52.58,2139.22,,2176.54,11.262,Medium
Telangana,Hyderabad,Medium,2489.17,81.51,26.38,2142.7,8.97,1660.57,4.133,Low
Tamil Nadu,Dharmapuri,Medium,3176.41,55.56,66.65,818.54,9.62,2507.65,15.971,Medium
Rajasthan,Makrana,Small,2049.38,76.59,20.52,1526.68,15.07,1663.45,8.408,Medium
Tamil Nadu,Krishnagiri,Medium,3354.26,76.64,46.17,1666.26,6.59,2230.3,12.126,Medium
Gujarat,Bhavnagar,Medium,2291.72,71.89,52.46,1924.22,7.39,1716.68,11.731,Low
Tamil Nadu,Chennai,Medium,3216.46,89.42,51.79,2299.93,6.25,2546.53,21.043,High
Karnataka,Ramanagara,Medium,2861.25,61.18,73.55,1619.1,8.82,2597.73,15.544,Medium
Karnataka,Hassan,Medium,2994.39,67.02,55.89,2295.44,4.26,2593.56,12.748,Low
Gujarat,Vadodara,Small,1550.93,43.38,68.7,922.65,5.8,1743.58,7.613,Low
Rajasthan,Udaipur,Medium,2513.49,75.9,61.38,1374.2,7.66,2131.56,11.498,Medium
Rajasthan,Kishangarh,Large,4854.99,73.71,51.93,1305.62,5.01,1946.07,16.272,High
Tamil Nadu,Madurai,Medium,3531.87,49.2,58.47,1741.72,5.76,2430.23,15.714,Medium
Tamil Nadu,Madurai,Small,1401.74,81.37,87.07,1859.25,4.43,2534.85,18.901,High
Andhra Pradesh,Kurnool,Small,1924.61,73.92,41.9,1074.8,4.79,1901.27,8.107,Medium
Andhra Pradesh,Ongole,Large,4765.34,75.32,51.47,1539.86,0.8,1896.64,18.921,High
Gujarat,Surat,Small,924.01,81.82,45.46,2008.17,,1089.6,4.571,Low
Tamil Nadu,Madurai,Small,1881.61,62.72,27.55,1000.03,6.44,1835.65,8.977,Medium
Karnataka,Hassan,Small,1416.79,80.21,59.55,1304.65,10.17,1989.06,11.765,Medium
Karnataka,Chitradurga,Large,5204.51,94.66,49.17,1724.15,12.47,2474.74,18.661,High
Gujarat,Surat,Small,1589.23,67.11,57.37,1076.73,10.95,1905.65,1.5,Low
Tamil Nadu,Chennai,Medium,3608.03,74.61,53.38,1704.8,7.0,2382.53,18.168,High
Tamil Nadu,Krishnagiri,Medium,2713.3,93.8,65.02,1023.87,5.04,2462.54,22.028,High
Rajasthan,Makrana,Small,2216.76,62.54,45.6,2760.73,4.18,1832.97,8.317,Medium
Andhra Pradesh,Kurnool,Large,4976.65,82.95,73.25,1840.75,7.26,1863.99,18.226,High
Tamil Nadu,Chennai,Medium,3527.61,72.68,48.15,1695.65,10.94,2295.35,13.705,Medium
Andhra Pradesh,Kurnool,Medium,2712.2,91.24,55.44,1825.88,3.33,1859.1,17.06,High
Karnataka,Ramanagara,Large,4762.36,78.93,56.2,2194.69,6.29,2640.95,18.077,High
Tamil Nadu,Madurai,Large,5234.45,87.93,71.15,1791.86,5.93,2810.73,25.363,High
Telangana,Hyderabad,Medium,2036.44,54.73,58.5,1378.68,6.96,2166.81,8.253,Medium
Rajasthan,Kishangarh,Small,1675.4,50.33,69.57,2642.24,6.68,2011.91,10.279,Medium
Karnataka,Mysuru,Large,5577.02,65.49,66.4,2250.72,9.88,2282.93,16.761,High
Telangana,Hyderabad,Medium,2476.11,69.0,42.5,2220.79,7.3,2091.15,7.778,Low
Gujarat,Rajkot,Large,3662.81,69.29,69.28,2376.1,8.78,1486.48,9.254,Medium
Karnataka,Chitradurga,Large,5029.97,88.27,92.0,1447.01,6.87,2469.6,25.425,High
Andhra Pradesh,Ongole,Small,1415.13,68.54,60.44,1818.25,8.51,1751.73,7.427,Low
Andhra Pradesh,Guntur,Large,4641.97,76.97,48.71,2160.79,4.3,1860.46,16.62,High
Rajasthan,Kishangarh,Small,1268.24,78.62,50.12,3035.02,7.1,2451.29,12.778,Medium
Tamil Nadu,Krishnagiri,Medium,3352.65,63.22,48.69,1959.91,7.49,2538.58,14.573,Medium
Rajasthan,Makrana,Small,1966.65,73.4,44.65,,12.72,2002.98,5.276,Low
Andhra Pradesh,Kurnool,Large,4722.54,95.02,64.99,2037.79,4.9,2011.22,18.086,High
Telangana,Hyderabad,Medium,2432.13,79.07,55.85,2342.03,8.86,1145.73,10.447,Medium
Rajasthan,Jaipur,Medium,3131.57,79.48,43.78,2990.9,3.65,2130.3,14.37,Medium
Rajasthan,Kishangarh,Large,4967.97,82.83,53.07,1823.11,0.74,2160.31,19.273,High
Gujarat,Surat,Medium,2669.38,95.19,56.84,2346.75,4.9,1640.56,14.602,Medium
Tamil Nadu,Krishnagiri,Medium,3093.74,63.79,50.01,1216.4,0.92,2399.1,19.092,High
Andhra Pradesh,Guntur,Large,4471.56,98.0,60.83,1734.77,8.09,1960.77,20.037,High
Telangana,Khammam,Medium,2254.71,88.37,50.52,2028.89,8.5,1705.55,9.872,Medium
Karnataka,Hassan,Large,5069.41,96.19,78.34,2176.87,10.45,2325.66,26.322,High
Tamil Nadu,Krishnagiri,Large,5657.06,96.75,62.79,1175.76,6.95,2463.33,24.503,High
Rajasthan,Kishangarh,Small,1434.2,86.8,63.64,1844.3,12.02,2208.48,13.261,Medium
Andhra Pradesh,Kadapa,Medium,1690.86,57.41,55.26,2110.01,11.88,1728.31,6.825,High
Gujarat,Ahmedabad,Small,1009.32,61.9,20.0,1445.42,6.3,1262.68,1.5,Low
Andhra Pradesh,Kurnool,Medium,2280.38,81.68,50.25,1715.53,2.83,2075.08,12.679,Medium
Andhra Pradesh,Kurnool,Small,1279.35,83.02,53.56,2027.62,9.5,1447.64,8.839,Medium
Rajasthan,Makrana,Medium,3491.16,86.8,48.36,2762.98,4.66,1898.4,16.576,High
Andhra Pradesh,Ongole,Small,1263.49,75.97,52.32,2066.38,7.38,1906.32,4.906,Low
Gujarat,Vadodara,Small,1290.61,56.33,61.8,1748.95,3.71,1783.68,5.988,Low
Tamil Nadu,Chennai,Small,1872.16,72.41,74.77,1525.18,8.39,2554.6,17.554,High
Andhra Pradesh,Guntur,Small,1524.18,86.15,70.04,1001.71,7.14,1977.08,11.284,Medium
Andhra Pradesh,Nellore,Medium,2616.97,65.84,56.54,1388.21,5.72,2073.09,12.159,Medium
Andhra Pradesh,Kadapa,Small,1754.88,74.51,58.93,1810.88,8.43,1945.6,9.188,Medium
Tamil Nadu,Dharmapuri,Small,1882.31,76.63,54.11,1014.11,8.84,2495.15,14.131,Medium
Andhra Pradesh,Kurnool,Small,1555.61,69.04,35.42,2060.85,10.78,2037.0,3.34,Low
Rajasthan,Udaipur,Medium,2902.02,70.44,75.2,1853.02,4.17,2112.67,17.8,High
Karnataka,Bengaluru,Large,5350.36,98.0,83.49,2350.78,6.63,2395.19,23.257,High
Tamil Nadu,Dharmapuri,Small,1844.5,89.15,23.0,1756.05,8.3,2026.08,10.784,Medium
Andhra Pradesh,Ongole,Medium,2546.04,87.39,49.39,1974.81,3.61,2167.48,16.309,High
Tamil Nadu,Chennai,Medium,3348.09,81.78,80.39,1171.18,6.74,2444.11,20.025,High
Tamil Nadu,Dharmapuri,Small,1326.88,62.12,54.39,1086.05,7.87,2418.97,13.795,Medium
Tamil Nadu,Chennai,Medium,2978.45,88.6,38.14,1129.33,8.44,2464.87,14.616,Medium
Rajasthan,Udaipur,Small,1583.36,85.65,63.11,1719.22,5.97,1991.71,16.522,High
Karnataka,Bengaluru,Medium,3383.99,69.05,55.34,2364.76,,1877.96,13.062,Medium
Rajasthan,Udaipur,Small,1200.91,63.48,69.01,2699.06,4.94,1922.99,9.369,Medium
Rajasthan,Udaipur,Large,4873.58,84.06,71.09,1897.02,7.97,2585.73,20.423,High
Rajasthan,Makrana,Small,2036.26,89.63,22.87,2565.14,10.19,1746.04,7.762,Low
Tamil Nadu,Krishnagiri,Medium,3010.74,68.4,79.46,2146.6,7.04,2805.07,22.207,High
Telangana,Nizamabad,Large,3618.35,85.1,47.65,2131.73,1.23,1623.39,14.101,Medium
Telangana,Khammam,Small,1963.8,64.01,47.81,1561.11,7.62,1738.86,6.344,Low
Telangana,Hyderabad,Medium,2118.6,58.93,76.17,2151.01,2.36,2257.17,11.768,Medium
Karnataka,Chitradurga,Small,1385.18,73.78,81.18,1758.26,4.68,2436.81,15.668,Medium
Karnataka,Bengaluru,Medium,2700.27,63.05,47.86,2283.51,8.25,2227.46,14.506,Medium
Telangana,Nizamabad,Small,1671.54,78.62,58.23,1166.16,4.61,1774.11,10.642,Medium
Karnataka,Bengaluru,Small,2037.1,54.95,34.04,2268.85,7.15,1712.23,5.245,Low
Telangana,Warangal,Medium,2893.68,63.39,61.05,2229.55,4.09,1435.07,7.58,Low
Tamil Nadu,Krishnagiri,Medium,3069.29,81.08,72.0,1965.73,3.7,2727.83,23.702,High
Tamil Nadu,Krishnagiri,Medium,2711.3,85.28,62.21,1362.1,3.58,2650.43,20.412,High
Tamil Nadu,Madurai,Small,1555.39,73.92,75.44,1317.56,3.25,2900.09,19.339,High
Andhra Pradesh,Kadapa,Small,1615.94,69.22,34.2,2279.22,5.06,1451.91,6.842,Low
Gujarat,Bhavnagar,Medium,2107.02,71.94,39.45,1566.98,6.93,1308.78,6.089,Low
Rajasthan,Jaipur,Medium,3202.2,71.74,43.94,1623.35,4.99,2051.94,13.306,Medium
Gujarat,Rajkot,Small,850.41,98.0,37.77,832.46,7.77,1434.78,7.262,Low
Telangana,Warangal,Small,1100.93,78.84,69.81,2063.68,0.5,1990.27,10.536,Medium
Karnataka,Ramanagara,Small,1397.19,66.36,44.37,1969.91,6.44,1830.81,9.156,Medium
Rajasthan,Jodhpur,Small,1570.26,76.14,37.7,1606.27,14.76,2042.89,7.211,Low
Rajasthan,Jaipur,Small,1552.42,56.15,56.19,2325.27,5.93,2040.64,4.958,Low
Telangana,Khammam,Small,984.4,51.28,33.77,1698.7,12.18,1705.29,1.817,Low
Rajasthan,Udaipur,Medium,3217.78,94.38,48.28,1487.93,5.05,2215.79,16.037,High
Telangana,Nizamabad,Medium,2695.21,75.76,76.0,1790.51,5.73,1654.27,15.696,Medium
Rajasthan,Jodhpur,Small,1393.59,73.62,72.29,2391.84,10.45,2253.51,13.675,Medium
Rajasthan,Kishangarh,Small,1181.97,71.9,61.9,2321.33,6.71,1920.85,11.234,Medium
Tamil Nadu,Chennai,Small,1818.25,71.34,43.17,1824.74,9.71,2500.71,6.666,Low
Rajasthan,Jodhpur,Medium,2299.38,69.36,50.85,2253.13,5.24,1745.21,14.189,Medium
Gujarat,Surat,Large,4040.65,91.77,70.76,1100.01,4.05,1687.98,18.247,High
Tamil Nadu,Chennai,Medium,3043.13,79.62,67.31,1928.29,6.86,2728.35,16.49,High
Telangana,Hyderabad,Medium,2716.01,68.27,54.5,1590.75,3.71,1702.0,12.976,Medium
Rajasthan,Makrana,Large,4943.46,64.06,80.52,2540.05,6.47,1991.56,13.167,Medium
Telangana,Warangal,Small,983.03,63.73,24.62,2220.18,3.81,2016.19,3.723,Low
Tamil Nadu,Dharmapuri,Small,1467.01,85.92,47.43,1412.83,8.38,2204.25,16.674,High
Tamil Nadu,Dharmapuri,Medium,3422.24,92.75,87.17,930.21,8.01,2946.93,24.674,High
Karnataka,Chitradurga,Small,2275.15,61.36,51.37,1414.95,8.15,2040.73,11.018,Medium
Tamil Nadu,Madurai,Medium,2439.68,68.19,50.87,2129.66,7.9,2402.24,13.763,Medium
Andhra Pradesh,Kadapa,Medium,3054.29,68.51,67.96,1603.0,3.65,2499.16,14.943,Medium
Gujarat,Vadodara,Medium,2312.92,97.35,45.35,934.92,1.69,1339.63,16.295,High
Andhra Pradesh,Ongole,Small,2014.81,72.93,23.48,1437.57,9.4,1507.22,1.5,Low
Tamil Nadu,Krishnagiri,Medium,2916.91,61.34,92.0,2317.91,7.08,2663.14,18.893,High
Tamil Nadu,Salem,Medium,3275.0,74.15,45.93,2272.16,9.0,2773.17,14.606,Medium
Rajasthan,Makrana,Large,4677.21,74.96,71.42,1875.52,4.99,2248.11,20.38,High
Telangana,Nizamabad,Medium,2954.03,81.78,63.25,2457.9,1.16,1628.65,10.075,Medium
Karnataka,Bengaluru,Large,5992.54,98.0,71.43,1675.74,9.27,2407.57,23.942,High
Gujarat,Vadodara,Small,1110.19,72.46,40.76,1510.13,8.1,2014.53,3.713,Low
Rajasthan,Kishangarh,Medium,2541.49,85.44,20.0,996.09,9.13,1685.17,13.113,Medium
Tamil Nadu,Madurai,Small,2138.76,59.12,35.1,1747.39,12.06,2419.29,7.395,Low
Tamil Nadu,Madurai,Small,1841.54,98.0,51.18,1864.54,9.85,2518.08,11.79,Medium
Tamil Nadu,Chennai,Large,5621.74,66.19,66.2,825.6,6.91,2611.42,19.268,Low
Rajasthan,Makrana,Large,5313.14,86.32,86.2,1834.84,0.57,2811.54,24.469,High
Andhra Pradesh,Kadapa,Small,874.19,78.59,43.7,1985.6,6.2,2088.83,10.26,Medium
Andhra Pradesh,Kurnool,Small,1086.42,61.24,57.17,2159.15,10.86,1810.33,4.79,Low
Rajasthan,Jaipur,Small,1604.13,77.39,43.67,2342.52,7.76,1783.64,10.672,Medium
Rajasthan,Makrana,Large,4477.31,76.55,57.37,2191.05,7.05,1938.01,15.242,Medium
Tamil Nadu,Madurai,Small,1532.4,58.72,76.8,1367.63,8.82,2555.13,15.48,Medium
Andhra Pradesh,Guntur,Small,1827.73,78.02,39.69,1468.66,11.04,1946.31,8.819,Medium
Tamil Nadu,Madurai,Small,1937.88,54.42,46.58,1325.07,3.74,2467.21,13.342,Medium
Tamil Nadu,Madurai,Medium,2653.04,68.64,76.6,1854.68,0.5,3017.11,19.811,High
Tamil Nadu,Salem,Large,5433.39,71.83,87.38,1794.61,5.1,2428.5,23.082,High
Tamil Nadu,Madurai,Small,1993.75,71.48,61.12,1352.12,8.55,2630.39,13.156,Medium
Rajasthan,Makrana,Medium,3011.36,51.28,69.98,2345.21,3.48,2713.02,15.367,Medium
Tamil Nadu,Dharmapuri,Small,1865.86,53.02,37.49,986.83,8.86,2347.39,9.957,Medium
Karnataka,Ramanagara,Medium,2886.25,65.1,59.93,2201.14,0.94,2292.94,17.862,High
Gujarat,Rajkot,Medium,2262.0,70.15,50.75,2111.73,1.23,1967.4,7.171,Medium
Andhra Pradesh,Kadapa,Small,1099.2,67.02,49.32,2179.4,6.33,1886.24,7.314,Low
Gujarat,Surat,Small,1374.75,73.86,53.33,1440.74,9.53,2030.39,7.982,Medium
Gujarat,Rajkot,Large,3836.31,89.4,53.57,1362.5,5.58,1228.48,14.227,Medium
Telangana,Khammam,Small,926.73,68.89,33.57,2042.02,11.68,1404.05,1.5,Low
Rajasthan,Kishangarh,Medium,3321.76,91.05,62.55,2309.98,7.62,2220.57,16.736,High
Gujarat,Surat,Small,1446.96,64.2,60.02,1257.68,13.78,1622.8,5.624,Low
Andhra Pradesh,Ongole,Small,1172.94,98.0,20.0,2368.16,5.59,1522.25,8.526,Medium
Rajasthan,Makrana,Medium,2829.4,69.44,53.47,2184.91,3.35,2196.02,15.736,Medium
Karnataka,Hassan,Large,4810.67,68.88,65.56,1141.25,8.71,1742.59,17.237,High
Tamil Nadu,Salem,Medium,3002.45,89.99,69.87,2059.58,5.95,2780.81,20.015,High
Tamil Nadu,Madurai,Small,1574.67,61.45,34.91,1156.47,9.09,2212.92,12.226,Medium
Rajasthan,Makrana,Medium,2516.16,81.48,64.43,2850.04,0.87,2250.8,13.423,Medium
Tamil Nadu,Krishnagiri,Medium,3047.99,76.67,55.13,1375.56,5.68,2183.26,21.424,High
Tamil Nadu,Madurai,Medium,2972.66,69.54,68.26,1465.55,7.66,2855.09,15.369,Medium
Andhra Pradesh,Nellore,Medium,2973.03,59.98,53.81,1782.9,3.83,1708.42,10.407,Medium
Rajasthan,Makrana,Small,769.6,77.99,55.86,2082.71,8.92,1599.91,8.1,Medium
Andhra Pradesh,Ongole,Medium,2653.11,81.0,69.4,2022.28,6.07,1849.41,14.369,Medium
Andhra Pradesh,Nellore,Medium,2504.74,78.97,45.32,1683.92,8.07,1790.82,11.095,Medium
Karnataka,Hassan,Small,1757.37,93.76,49.02,1415.14,5.22,2112.1,16.017,High
Karnataka,Bengaluru,Medium,3038.52,59.96,69.65,2053.61,0.5,2268.55,16.976,High
Karnataka,Hassan,Small,1703.76,73.15,44.35,2339.65,9.41,1817.18,8.149,Medium
Tamil Nadu,Dharmapuri,Small,1846.88,90.16,56.14,1263.55,9.79,2488.87,15.955,Medium
Rajasthan,Makrana,Large,4603.47,70.14,68.27,2173.34,11.37,1842.58,17.406,High
Andhra Pradesh,Kadapa,Small,1357.83,83.57,72.02,1388.6,7.79,1879.95,11.314,Medium
Gujarat,Vadodara,Small,1374.48,72.44,58.98,1240.79,5.72,1730.39,8.052,Medium
Gujarat,Vadodara,Medium,2226.27,80.3,69.47,2074.63,6.04,1677.79,11.085,Medium
Tamil Nadu,Krishnagiri,Large,5549.85,73.28,60.27,2570.71,5.76,2861.27,21.523,High
Rajasthan,Udaipur,Large,4577.06,65.56,61.81,2541.19,4.85,2326.06,17.179,High
Andhra Pradesh,Guntur,Medium,2458.64,70.99,62.2,2205.55,5.88,1951.37,13.455,Medium
Karnataka,Chitradurga,Small,1837.05,69.55,41.16,1061.68,15.94,2012.55,6.119,Low
Andhra Pradesh,Ongole,Large,4962.84,90.9,88.76,1348.42,7.82,1841.47,20.546,High
Gujarat,Surat,Medium,2627.5,82.33,75.68,1474.56,0.96,2534.16,15.291,Medium
Gujarat,Ahmedabad,Small,1017.03,77.9,54.42,2216.33,5.85,1588.6,8.312,Medium
Gujarat,Bhavnagar,Large,3053.5,97.79,62.98,2245.52,2.96,1744.8,16.598,High
Karnataka,Mysuru,Small,1834.29,70.83,57.46,1605.1,5.6,2276.81,13.051,Medium
Andhra Pradesh,Nellore,Small,1164.38,71.8,38.08,2518.72,7.84,1601.61,7.42,Low
Tamil Nadu,Madurai,Large,5460.18,91.94,50.5,2308.15,5.29,2502.01,23.596,High
Andhra Pradesh,Kurnool,Medium,2489.46,72.69,48.34,1115.33,5.56,1902.36,10.193,Medium
Tamil Nadu,Chennai,Small,2038.56,79.15,43.18,1445.7,8.27,2016.81,11.093,Medium
Karnataka,Hassan,Small,1855.09,71.4,44.4,1410.78,10.95,2313.93,11.626,Medium
Tamil Nadu,Madurai,Medium,3642.16,87.09,37.02,,10.41,2454.32,12.509,Medium
Telangana,Khammam,Small,1824.99,72.86,44.67,1605.57,8.39,1734.42,7.046,Low
Karnataka,Hassan,Small,1476.88,95.25,45.59,2348.97,8.62,2068.67,13.007,Medium
Tamil Nadu,Chennai,Medium,2591.31,74.31,64.09,2116.15,9.7,2022.51,16.455,High
Rajasthan,Makrana,Large,4868.92,98.0,67.71,1919.74,1.55,2334.96,21.449,High
Andhra Pradesh,Kurnool,Medium,3170.59,67.87,72.37,2508.89,5.93,1764.68,11.904,Medium
Tamil Nadu,Madurai,Medium,3114.8,91.43,73.31,1282.72,5.32,2673.39,19.773,High
Tamil Nadu,Madurai,Medium,3979.11,78.45,92.0,1202.0,3.55,3058.37,23.476,High
Andhra Pradesh,Guntur,Medium,2386.16,72.95,37.69,1977.5,2.68,2280.77,12.204,Medium
Gujarat,Rajkot,Small,1900.16,53.35,69.87,1230.12,6.09,1959.75,6.144,Low
Gujarat,Ahmedabad,Large,3949.4,84.66,42.01,1006.6,6.34,2102.19,14.261,Medium
Andhra Pradesh,Guntur,Medium,2358.84,60.38,69.75,989.55,8.42,1797.62,11.093,Medium
Rajasthan,Udaipur,Small,1318.42,75.57,62.55,2305.29,1.77,2173.58,10.975,Medium
Telangana,Warangal,Small,1622.67,62.69,46.21,2714.32,6.74,1794.22,4.402,Low
Telangana,Nizamabad,Medium,2005.41,66.43,61.15,2039.97,4.31,1802.89,11.449,High
Tamil Nadu,Salem,Small,1391.23,62.21,48.76,1073.23,10.33,2231.56,12.295,Medium
Tamil Nadu,Madurai,Small,1740.04,58.98,48.53,1921.62,12.91,2607.94,12.937,Medium
Tamil Nadu,Chennai,Medium,2406.58,53.76,65.15,2399.98,3.02,2385.86,14.705,Medium
Karnataka,Hassan,Large,5066.96,82.12,36.41,1428.61,10.71,2261.27,14.701,Medium
Gujarat,Ahmedabad,Medium,2880.98,74.88,58.35,1285.08,7.74,1787.34,9.613,Medium
Karnataka,Hassan,Small,1606.78,77.9,56.04,1565.68,5.6,1896.6,11.625,Medium
Telangana,Hyderabad,Small,1210.05,66.33,50.88,2388.76,9.09,1819.54,4.715,Low
Telangana,Nizamabad,Medium,2351.45,64.75,53.73,1749.8,5.58,1427.0,8.507,Low
Rajasthan,Makrana,Small,1736.94,72.47,52.41,2119.38,5.07,2042.46,13.938,High
Karnataka,Bengaluru,Medium,2738.95,86.79,68.42,1360.11,1.73,2442.56,17.575,High
Karnataka,Chitradurga,Small,1703.15,80.58,77.52,1088.76,4.95,2338.74,17.563,High
Telangana,Hyderabad,Large,3985.4,79.8,79.57,1531.39,4.06,2060.1,16.5,High
Telangana,Khammam,Medium,2165.75,87.42,71.15,1157.89,3.4,1879.37,16.283,High
Tamil Nadu,Madurai,Small,2082.01,75.07,46.78,1040.34,9.94,2008.85,13.838,Medium
Tamil Nadu,Madurai,Large,5587.27,74.92,57.23,1123.94,5.22,2351.34,23.697,High
Telangana,Nizamabad,Small,765.89,79.22,51.83,2175.97,6.92,1470.9,5.025,Low
Gujarat,Ahmedabad,Small,1237.01,56.19,61.96,1324.89,10.34,1588.89,5.907,Low
Rajasthan,Udaipur,Large,5058.34,66.1,57.73,2093.18,4.9,2018.4,16.175,High
Andhra Pradesh,Ongole,Small,1565.69,75.66,68.01,2066.73,8.86,1926.47,10.524,Medium
Rajasthan,Jodhpur,Medium,2452.89,80.42,48.93,1709.17,7.64,1974.29,12.301,High
Karnataka,Chitradurga,Small,1518.88,81.95,32.29,1171.73,8.62,2005.1,10.825,Medium
Rajasthan,Jodhpur,Small,1599.58,68.48,68.46,,5.76,2409.35,13.841,Medium
Tamil Nadu,Krishnagiri,Small,1502.8,93.69,55.81,2191.55,4.53,2537.05,19.236,High
Karnataka,Hassan,Medium,3039.78,53.07,54.76,819.72,7.98,2062.89,9.603,Medium
Karnataka,Hassan,Medium,2840.61,70.86,34.85,1045.67,3.52,2363.07,17.504,High
Rajasthan,Makrana,Small,1085.69,84.06,69.05,1395.07,9.51,2461.71,12.605,Medium
Karnataka,Bengaluru,Small,1351.59,92.91,92.0,1443.41,11.83,2624.71,16.01,High
Telangana,Nizamabad,Large,3916.58,97.02,75.89,2141.07,4.03,1750.41,17.3,High
Rajasthan,Udaipur,Large,5114.43,69.71,54.1,2425.86,7.07,1993.09,20.083,High
Tamil Nadu,Chennai,Medium,3263.09,76.6,55.06,2125.19,5.71,2491.81,16.982,High
Karnataka,Bengaluru,Large,4680.9,80.49,73.39,1794.44,3.6,2403.34,21.54,High
Telangana,Warangal,Medium,1743.96,72.21,67.34,2271.86,10.58,2340.31,8.374,Medium
Andhra Pradesh,Kadapa,Small,1244.43,94.77,37.89,2007.98,10.93,2145.7,8.227,Medium
Telangana,Warangal,Small,1815.68,98.0,43.65,1224.88,7.75,1563.24,6.803,Low
Tamil Nadu,Krishnagiri,Small,1793.85,81.86,46.03,1530.47,10.8,2321.65,12.368,Medium
Tamil Nadu,Dharmapuri,Large,5441.36,52.44,64.83,1436.89,9.0,2326.09,18.826,High
Karnataka,Chitradurga,Medium,2818.0,52.72,58.38,1471.65,5.24,2534.87,13.419,Medium
Rajasthan,Jodhpur,Medium,3179.58,73.18,69.87,1788.11,9.32,2097.68,16.755,High
Tamil Nadu,Salem,Small,1636.91,82.49,58.86,827.83,3.96,2768.08,16.557,High
Rajasthan,Jodhpur,Medium,2427.59,69.42,71.03,2323.58,3.8,2331.5,15.086,Medium
Telangana,Hyderabad,Medium,1948.45,71.88,54.08,1749.59,5.59,1912.48,8.388,Medium
Telangana,Hyderabad,Large,4248.26,94.89,41.89,1864.83,6.81,1883.57,16.824,High
Rajasthan,Jodhpur,Small,1628.03,67.75,67.21,1630.76,7.45,2460.0,10.892,Medium
Karnataka,Mysuru,Medium,2352.72,91.66,63.12,1174.8,6.78,2296.92,20.726,High
Tamil Nadu,Chennai,Small,2018.45,71.07,59.38,,7.67,2505.15,13.439,Medium
Rajasthan,Jodhpur,Medium,2517.71,86.67,69.24,1670.33,8.9,2194.48,17.544,High
Andhra Pradesh,Guntur,Medium,1689.71,76.87,58.49,2417.62,7.6,1942.05,9.321,Medium
Gujarat,Rajkot,Small,1640.83,86.26,26.39,2235.53,,1692.59,2.035,High
Gujarat,Surat,Medium,2013.65,98.0,51.58,1496.33,4.73,1378.5,12.26,Medium
Tamil Nadu,Madurai,Small,1815.92,84.48,48.43,2251.33,6.96,2268.51,11.112,Medium
Andhra Pradesh,Ongole,Large,4963.75,93.79,66.29,1652.64,2.59,1970.8,24.868,High
Tamil Nadu,Krishnagiri,Small,1513.01,69.65,51.75,1628.31,6.85,2211.34,12.971,Medium
Gujarat,Vadodara,Medium,2185.6,62.22,57.36,1981.11,2.55,2121.72,9.665,Medium
Andhra Pradesh,Kurnool,Large,5072.37,60.73,92.0,1827.17,6.59,1901.96,13.362,Medium
Tamil Nadu,Krishnagiri,Small,1438.17,61.55,57.72,1967.19,3.38,2613.66,13.958,Medium
Telangana,Hyderabad,Medium,2850.87,94.2,69.23,2190.88,2.45,1836.2,16.973,High
Telangana,Warangal,Medium,1968.97,72.38,49.79,2688.73,5.24,1791.51,7.6,Low
Andhra Pradesh,Kadapa,Small,1349.93,70.87,72.91,1861.33,10.38,1976.94,9.105,Medium
Telangana,Warangal,Medium,1906.94,77.34,52.95,2519.55,6.23,1612.98,9.765,Medium
Rajasthan,Makrana,Medium,3129.02,77.11,52.98,1939.08,9.23,2289.79,16.558,High
Telangana,Nizamabad,Large,4062.24,84.23,40.71,2427.35,6.95,1519.21,10.049,Medium
Rajasthan,Kishangarh,Large,4882.49,80.15,77.08,2405.81,10.98,2082.12,20.504,High
Rajasthan,Kishangarh,Medium,2587.02,88.37,70.49,2315.51,5.93,1841.31,17.785,High
Telangana,Hyderabad,Medium,1979.52,62.48,74.11,1765.15,11.96,1841.76,6.351,Low
Rajasthan,Udaipur,Large,4645.92,75.39,37.86,1768.11,,1706.69,11.866,Medium
Telangana,Nizamabad,Medium,2448.28,91.57,73.05,2137.19,7.01,2069.56,12.439,Medium
Rajasthan,Makrana,Small,1637.16,84.34,52.95,2050.16,9.57,2461.53,11.143,Medium
Andhra Pradesh,Kadapa,Medium,2480.56,77.37,43.51,1793.13,7.55,2224.02,8.557,Medium
Karnataka,Hassan,Large,5028.42,76.5,92.0,1180.38,1.83,2891.08,26.634,High
Andhra Pradesh,Ongole,Medium,2415.78,77.74,83.16,2071.82,6.14,1875.93,12.553,Medium
Telangana,Karimnagar,Medium,1904.96,68.41,62.29,2195.04,2.5,1990.91,12.185,Medium
Tamil Nadu,Krishnagiri,Small,1665.87,83.62,54.48,998.42,7.01,2281.61,14.76,Medium
Karnataka,Ramanagara,Large,5179.32,98.0,86.67,1961.69,4.53,2170.89,24.747,High
Tamil Nadu,Dharmapuri,Medium,3272.49,69.62,50.76,1350.07,4.55,2315.15,18.644,High
Tamil Nadu,Salem,Medium,3084.95,98.0,92.0,1571.67,7.74,2625.99,25.036,High
Tamil Nadu,Chennai,Small,1199.66,59.89,47.77,1909.89,7.72,2262.68,11.413,Medium
Karnataka,Bengaluru,Small,1563.95,71.86,64.89,2224.17,3.44,2504.39,11.865,Medium
Karnataka,Ramanagara,Medium,3022.58,67.98,69.4,1289.2,6.76,2236.28,14.224,Medium
Rajasthan,Jaipur,Large,5362.23,78.57,50.49,1767.55,4.87,1943.23,17.611,High
Rajasthan,Kishangarh,Small,1090.71,90.79,45.89,2306.51,10.88,2075.2,13.589,Medium
Telangana,Khammam,Small,1265.28,83.91,66.47,2518.49,7.56,2031.95,7.134,Low
Gujarat,Bhavnagar,Small,1533.2,65.64,45.15,1867.41,2.44,1869.75,7.742,Low
Tamil Nadu,Chennai,Small,1638.65,75.21,76.94,1647.84,11.65,2505.31,12.016,Medium
Karnataka,Chitradurga,Small,1468.4,81.82,58.2,2548.28,10.85,2244.72,12.231,Medium
Rajasthan,Makrana,Medium,2350.61,78.87,43.09,2253.05,6.14,2417.71,11.794,Medium
Rajasthan,Jodhpur,Large,5271.79,93.95,68.52,2239.75,2.63,2171.35,23.684,High
Andhra Pradesh,Guntur,Small,890.82,75.32,45.6,1969.31,10.25,1875.63,4.826,Low
Telangana,Nizamabad,Medium,2391.34,89.41,45.73,940.68,7.35,1851.04,10.915,Medium
Tamil Nadu,Salem,Small,1604.07,73.5,58.99,1640.91,6.26,2244.48,13.761,Medium
Rajasthan,Kishangarh,Small,1206.22,63.13,31.85,1531.93,8.37,1884.27,5.763,Low
Gujarat,Vadodara,Small,1187.13,68.13,62.67,1885.79,2.54,1942.56,6.516,Low
Andhra Pradesh,Kurnool,Medium,2366.43,95.9,46.48,2265.45,1.93,1765.52,13.225,Medium
Gujarat,Bhavnagar,Small,1173.41,58.81,44.5,1182.63,6.39,1549.2,4.799,Low
Rajasthan,Udaipur,Medium,2499.3,76.4,62.64,1978.26,6.67,1802.99,8.929,Medium
Karnataka,Mysuru,Small,1685.31,81.31,73.17,2128.66,5.11,2605.67,16.156,Low
Andhra Pradesh,Kurnool,Small,1318.43,63.14,32.55,2351.83,12.35,1331.1,1.5,Low
Tamil Nadu,Krishnagiri,Small,2178.61,80.73,44.38,1596.46,6.68,2211.38,14.321,Medium
Tamil Nadu,Chennai,Large,5317.46,65.16,72.16,1929.11,3.74,2248.81,25.339,High
Andhra Pradesh,Ongole,Medium,2710.97,63.28,56.51,1222.53,8.38,2263.39,10.867,Medium
Karnataka,Ramanagara,Large,5355.83,92.47,65.73,2179.43,3.78,2755.3,23.814,High
Rajasthan,Jaipur,Small,1771.67,59.56,42.79,1898.3,7.84,2381.13,6.64,Low
Rajasthan,Makrana,Small,1924.68,81.07,56.6,1762.0,8.66,2033.89,11.736,Medium
Tamil Nadu,Salem,Small,1194.08,87.74,23.42,936.06,14.3,2448.22,7.229,Low
Tamil Nadu,Chennai,Small,1890.66,88.66,67.05,2256.12,9.68,2354.77,17.118,High
Tamil Nadu,Madurai,Medium,2915.1,76.95,58.74,1983.85,5.91,2494.23,14.834,Medium
Telangana,Nizamabad,Small,1272.35,65.31,85.35,1747.55,13.03,2045.01,7.803,Low
Gujarat,Vadodara,Small,1826.1,65.93,44.7,837.12,6.26,1643.58,9.516,Medium
Rajasthan,Udaipur,Medium,2729.9,70.49,74.36,2743.62,11.04,2011.57,12.412,Medium
Karnataka,Bengaluru,Medium,3233.05,36.28,49.41,1502.2,6.47,2270.88,10.262,Medium
Tamil Nadu,Dharmapuri,Large,5174.63,84.64,66.91,1587.82,6.96,2510.36,23.291,High
Tamil Nadu,Krishnagiri,Small,2146.31,74.88,36.87,2007.42,5.76,2183.96,14.644,High
Karnataka,Ramanagara,Medium,2986.3,74.4,51.62,1174.86,2.88,2575.25,16.641,High
Tamil Nadu,Salem,Small,1595.19,69.27,38.25,1317.82,6.85,2034.6,14.249,Medium
Telangana,Nizamabad,Large,3571.89,83.98,71.8,2403.19,5.64,1671.04,16.293,High
Telangana,Khammam,Medium,2234.07,78.21,85.38,1891.07,4.78,1804.28,6.742721972423741,Medium
Rajasthan,Jodhpur,Medium,2463.14,59.88,59.89,1799.05,4.7,1884.86,14.526,Medium
Gujarat,Rajkot,Small,1713.83,79.21,81.85,1837.85,4.69,1738.79,11.525,High
Andhra Pradesh,Kadapa,Medium,2612.27,72.72,64.92,2151.66,5.1,2015.77,12.301,Medium
Andhra Pradesh,Kadapa,Small,1422.74,54.99,45.04,869.86,4.02,1645.72,7.222,Low
Karnataka,Bengaluru,Medium,2879.35,82.16,90.36,1886.27,10.14,2540.89,17.095,High
Tamil Nadu,Krishnagiri,Large,5097.67,77.29,78.81,1337.91,5.05,2812.04,22.621,High
Telangana,Hyderabad,Large,4879.19,93.02,46.82,2125.57,6.44,2084.95,15.119,Medium
Telangana,Warangal,Medium,3001.22,70.45,54.97,1959.58,4.47,1429.65,9.822,Medium
Tamil Nadu,Madurai,Large,5557.69,56.98,82.65,1817.83,4.29,2731.77,21.206,High
Rajasthan,Makrana,Small,2069.19,79.85,58.94,2141.46,8.57,2187.92,10.335,Medium
Andhra Pradesh,Kadapa,Large,4516.23,83.33,81.51,1264.82,15.2,1954.72,17.837,High
Tamil Nadu,Krishnagiri,Medium,3464.51,92.65,72.45,1158.4,0.93,2632.77,26.739,High
Telangana,Hyderabad,Medium,2430.8,87.96,49.95,1838.97,4.05,1722.4,15.854,Medium
Tamil Nadu,Krishnagiri,Large,5364.61,97.43,68.95,2121.48,1.78,2857.76,27.501,High
Tamil Nadu,Krishnagiri,Large,5342.83,92.25,73.08,2045.91,6.96,2679.02,21.3,High
Andhra Pradesh,Kurnool,Small,1502.6,64.22,47.72,1421.22,8.15,2080.48,10.862,Medium
Telangana,Warangal,Medium,1810.2,65.14,70.25,1750.21,9.57,1728.25,10.326,Medium
Rajasthan,Makrana,Small,1641.99,89.83,61.56,1883.98,8.64,2105.52,15.15,Medium
Andhra Pradesh,Kurnool,Large,4953.92,74.42,82.74,2118.97,7.97,2321.84,20.598,High
Andhra Pradesh,Kurnool,Medium,2472.78,80.14,63.05,2208.98,7.93,1936.15,14.928,Medium
Gujarat,Vadodara,Small,1078.45,96.64,51.41,1475.15,6.68,1930.85,9.882,Medium
Karnataka,Ramanagara,Medium,2581.14,67.04,62.91,1012.55,4.68,2178.5,14.577,Medium
Gujarat,Rajkot,Medium,2139.16,85.98,65.7,2230.98,6.04,2030.66,13.959,Medium
Telangana,Warangal,Medium,2375.15,66.1,56.24,1908.88,3.6,1853.64,4.176,Low
Andhra Pradesh,Guntur,Small,1855.67,80.44,47.59,2239.07,8.18,1452.95,6.167,Low
Andhra Pradesh,Nellore,Small,1155.58,93.08,52.03,1048.03,5.13,1953.61,15.79,Medium
Rajasthan,Makrana,Medium,2445.34,90.84,78.16,2066.19,5.73,2226.09,17.147,High
Andhra Pradesh,Guntur,Small,1507.16,70.55,56.34,1398.28,3.84,1591.59,13.006,Medium
Rajasthan,Jaipur,Medium,2207.72,95.3,69.85,1117.94,6.93,2085.33,17.047,High
Rajasthan,Udaipur,Medium,1898.79,71.8,52.83,1759.72,6.46,2242.1,10.912,Medium
Karnataka,Hassan,Small,1026.52,98.0,57.43,2202.37,8.89,2132.87,14.047,Medium
Tamil Nadu,Krishnagiri,Medium,3310.17,73.85,47.21,1303.59,0.5,2781.43,20.472,High
Gujarat,Bhavnagar,Medium,2238.7,80.66,62.47,1527.78,4.54,1619.45,10.715,Medium
Gujarat,Vadodara,Medium,2478.67,86.4,66.71,2211.71,6.13,1664.2,12.244,Medium
Gujarat,Surat,Small,772.68,58.25,51.98,1192.71,14.78,1334.75,2.142,Low
Tamil Nadu,Dharmapuri,Medium,2889.7,86.73,52.66,1987.56,5.33,2717.71,18.69,High
Andhra Pradesh,Nellore,Small,848.23,79.31,31.41,1668.54,,2131.16,13.488,Medium
Rajasthan,Jodhpur,Large,4935.17,74.77,69.57,1933.77,1.27,2683.39,20.839,High
Gujarat,Bhavnagar,Small,694.87,71.18,40.4,1002.44,8.43,1693.79,5.557,High
Karnataka,Ramanagara,Large,5142.89,72.52,72.66,1291.67,3.5,2191.81,20.809,High
Gujarat,Ahmedabad,Medium,2298.62,72.99,59.32,1106.09,7.55,1717.63,7.971,Low
Telangana,Karimnagar,Large,4166.54,64.72,92.0,2063.08,,1665.54,14.375,Medium
Andhra Pradesh,Ongole,Medium,1770.86,64.51,68.29,2134.13,0.5,2289.55,10.552,Medium
Gujarat,Rajkot,Small,1647.58,48.06,52.41,1280.63,7.35,1510.83,4.632,Low
Karnataka,Chitradurga,Large,4805.97,64.63,92.0,1940.0,9.62,2338.92,20.68,High
Tamil Nadu,Chennai,Small,1265.15,88.74,55.01,1596.66,10.39,2176.58,12.737,Medium
Andhra Pradesh,Kurnool,Small,1613.2,88.61,43.47,1836.11,6.36,2085.11,9.896,Medium
Rajasthan,Jodhpur,Small,1757.58,75.48,45.69,2137.09,7.46,2001.72,12.453,Medium
Karnataka,Chitradurga,Large,5061.95,98.0,92.0,1926.06,9.04,2779.45,24.519,High
Rajasthan,Jodhpur,Medium,3480.32,84.05,44.33,2402.78,8.16,2083.33,11.675,Medium
Karnataka,Chitradurga,Medium,2527.73,81.11,61.89,1465.32,6.6,2585.34,15.93,Medium
Gujarat,Ahmedabad,Medium,2081.28,78.38,67.48,1495.86,9.32,1946.12,12.403,High
Karnataka,Ramanagara,Medium,2941.39,80.04,46.4,2368.04,6.69,2281.89,17.395,High
Tamil Nadu,Krishnagiri,Medium,3678.46,58.68,68.74,1830.86,5.62,2303.63,16.793,High
Rajasthan,Udaipur,Small,795.99,67.65,70.15,2256.42,9.01,1865.55,10.469,Medium
Tamil Nadu,Madurai,Large,6192.12,41.95,70.68,1777.72,8.41,2191.56,17.21,High
Rajasthan,Udaipur,Small,1951.77,57.18,81.93,1625.22,11.41,2259.72,10.911,Medium
Karnataka,Ramanagara,Small,1656.6,90.47,47.92,2153.85,10.01,1996.29,9.891,Medium
Rajasthan,Jaipur,Medium,2371.6,67.8,72.87,2658.13,10.49,2323.52,12.789,Medium
Rajasthan,Udaipur,Medium,2476.91,58.83,29.11,2153.41,5.36,2074.54,8.906,Medium
Gujarat,Surat,Medium,2166.82,78.73,65.94,1329.76,7.59,1733.79,8.236,Medium
Rajasthan,Makrana,Small,1571.81,79.03,71.76,1997.74,7.1,1869.47,13.622,Medium
Andhra Pradesh,Nellore,Small,1555.79,90.75,57.27,1389.93,1.85,2388.65,12.313,Medium
Tamil Nadu,Dharmapuri,Medium,3220.37,93.94,54.55,1641.8,2.73,2310.44,14.648,Medium
Rajasthan,Udaipur,Medium,2768.39,81.02,37.84,1746.62,8.25,2202.75,12.611,Medium
Gujarat,Vadodara,Small,541.93,60.23,65.18,1542.58,9.22,2094.72,4.333,Low
Tamil Nadu,Chennai,Medium,2913.33,98.0,41.47,2275.29,11.18,2288.03,14.288,Medium
Karnataka,Chitradurga,Small,1221.69,82.36,41.16,2434.46,,1863.87,11.414,Medium
Tamil Nadu,Dharmapuri,Small,1816.11,79.28,43.58,1265.98,9.04,2223.44,9.821,Medium
Tamil Nadu,Krishnagiri,Small,2245.87,75.61,61.8,1696.17,7.44,3040.13,18.384,Medium
Karnataka,Bengaluru,Large,4732.16,62.75,85.5,2213.22,4.72,2499.54,21.397,High
Rajasthan,Makrana,Medium,2599.94,65.7,79.53,1656.94,6.69,2280.49,17.782,High
Gujarat,Ahmedabad,Small,1055.63,69.16,50.98,2944.8,0.69,1780.46,4.624,Low
Karnataka,Bengaluru,Medium,2495.23,71.32,69.08,1599.43,6.23,2282.27,19.815,High
Rajasthan,Jodhpur,Large,5119.55,88.36,75.32,,4.17,2190.15,20.922,High
Gujarat,Ahmedabad,Medium,2586.51,74.2,46.21,2182.94,6.66,1552.79,7.247,Low
Telangana,Hyderabad,Large,4619.09,69.39,74.47,1332.79,8.95,2083.01,16.207,High
Gujarat,Rajkot,Small,870.52,81.51,37.18,1220.09,10.51,1819.6,5.302,Low
Telangana,Karimnagar,Large,4498.35,68.53,86.85,1790.31,8.4,1762.15,16.777,High
Andhra Pradesh,Kadapa,Medium,2699.27,58.8,44.97,945.45,13.13,2182.2,8.436,Medium
Karnataka,Hassan,Small,2078.31,74.58,65.62,2017.73,7.4,2578.4,10.599,Medium
Rajasthan,Jodhpur,Medium,2420.53,74.86,76.1,2046.42,2.32,2431.7,19.107,High
Karnataka,Ramanagara,Large,4240.65,80.84,44.16,1290.79,5.55,2611.15,20.269,High
Karnataka,Mysuru,Medium,2689.63,88.4,64.64,1802.8,8.9,2052.61,14.432,Medium
Karnataka,Mysuru,Medium,3757.13,80.78,85.1,1843.91,8.88,2390.68,16.469,High
Tamil Nadu,Dharmapuri,Small,1233.49,77.78,52.85,1541.83,4.07,2679.62,15.878,High
Tamil Nadu,Madurai,Medium,3296.78,74.91,54.94,1028.73,8.44,2358.57,17.453,High
Andhra Pradesh,Kadapa,Small,700.17,84.09,53.2,2281.9,9.5,1688.18,9.784,Medium
Telangana,Karimnagar,Small,1716.54,44.72,57.2,2117.77,4.93,1831.95,7.327,Low
Rajasthan,Udaipur,Medium,2108.99,67.18,44.7,1760.41,6.85,2199.93,15.222,Medium
Andhra Pradesh,Nellore,Large,3592.63,81.43,70.86,1253.77,,2009.08,17.34,High
Rajasthan,Udaipur,Medium,2774.89,73.11,66.92,1880.41,5.43,2428.77,14.1,Medium
Karnataka,Ramanagara,Small,1536.52,65.69,65.06,1884.61,4.5,2364.15,10.54,Medium
Telangana,Nizamabad,Medium,2929.45,72.33,76.93,1731.77,12.34,1519.67,9.091,Medium
Karnataka,Mysuru,Large,5269.79,80.82,71.9,1646.61,1.87,2389.84,25.158,High
Karnataka,Mysuru,Medium,2209.88,75.91,51.23,2198.07,3.84,2427.62,12.154,Medium
Karnataka,Ramanagara,Medium,2941.54,76.68,36.49,2260.02,5.0,1981.5,10.471,Medium
Tamil Nadu,Dharmapuri,Large,5194.3,78.8,64.81,1352.5,8.78,2261.37,19.694,High
Rajasthan,Makrana,Medium,2395.37,60.02,58.8,2261.99,3.14,2402.46,13.988,Medium
Karnataka,Bengaluru,Small,1870.31,69.11,64.68,1449.83,5.34,2617.02,15.706,Medium
Andhra Pradesh,Kadapa,Small,1646.51,86.05,33.13,952.62,9.89,1830.51,8.34,Medium
Andhra Pradesh,Guntur,Large,4487.98,67.31,42.46,2440.8,2.24,2107.11,12.719,Medium
Telangana,Nizamabad,Medium,2453.53,65.13,30.45,2505.22,4.8,1640.32,7.951,Low
Tamil Nadu,Madurai,Small,1534.44,60.33,50.2,1861.71,4.97,2472.33,11.324,Medium
Karnataka,Chitradurga,Medium,2845.63,71.06,45.6,2094.26,7.98,1938.49,7.215,Low
Gujarat,Vadodara,Medium,2164.82,84.97,68.24,1835.84,5.78,1917.78,13.562,Medium
Telangana,Hyderabad,Large,4160.55,80.39,62.22,2407.14,4.17,1869.49,16.748,High
Karnataka,Mysuru,Small,1711.34,63.79,29.01,2276.31,11.24,2090.16,8.078,Medium
Tamil Nadu,Dharmapuri,Medium,2982.13,91.18,70.3,1893.17,4.61,2671.89,19.1,High
Telangana,Karimnagar,Large,4138.06,74.28,66.81,2339.17,8.74,1602.97,13.926,Medium
Tamil Nadu,Chennai,Small,1506.01,55.55,64.11,1384.38,15.03,2391.23,12.001,Medium
Tamil Nadu,Madurai,Small,1792.06,93.89,52.72,2181.55,10.26,2471.65,16.567,High
Gujarat,Bhavnagar,Large,5673.841012094235,66.9,92.0,1593.71,10.95,2019.92,13.263,Medium
Gujarat,Rajkot,Medium,2585.36,68.49,67.5,1926.35,6.09,1499.36,7.541,Low
Andhra Pradesh,Kurnool,Medium,2162.65,70.96,38.99,2248.25,7.83,1644.26,5.752,Low
Tamil Nadu,Salem,Medium,3472.31,83.3,52.31,632.87,6.6,2351.55,13.125,Medium
Telangana,Karimnagar,Small,620.21,50.94,47.86,1628.65,8.42,1893.22,3.714,Low
Tamil Nadu,Chennai,Large,5226.09,75.88,42.74,1101.89,4.18,2453.74,18.174,High
Tamil Nadu,Salem,Small,1524.08,66.28,61.03,950.9,9.96,2716.56,15.634,Medium
Andhra Pradesh,Kurnool,Small,1279.71,89.45,64.14,1428.61,6.5,2115.5,10.073,Medium
Telangana,Khammam,Small,1126.67,66.8,76.7,2117.56,8.88,2367.95,9.017,Medium
Telangana,Karimnagar,Small,1139.21,70.52,25.55,1595.56,9.53,1543.18,1.5,Low
Karnataka,Bengaluru,Large,4596.82,88.59,47.36,1590.84,7.71,2392.69,20.692,High
Andhra Pradesh,Kurnool,Medium,2336.65,81.48,49.31,1372.12,6.45,1541.62,14.658,Medium
Rajasthan,Jaipur,Large,4725.96,73.28,90.33,1997.83,6.7,2420.52,23.102,High
Gujarat,Ahmedabad,Medium,2115.22,83.73,72.19,1853.31,7.4,1812.62,13.376,Medium
Telangana,Karimnagar,Medium,2420.61,65.81,37.62,1622.0,5.67,1632.63,9.528,Medium
Karnataka,Mysuru,Medium,3503.3,84.9,66.6,2001.39,5.19,2238.55,20.187,High
Telangana,Hyderabad,Large,3858.12,76.51,79.82,1802.15,3.42,2107.88,17.101,High
Tamil Nadu,Madurai,Medium,2953.58,63.54,58.95,1864.15,2.85,2654.08,12.734,Medium
Rajasthan,Jaipur,Small,2691.82,46.87,72.66,2687.13,2.89,2341.63,12.064,Medium
Tamil Nadu,Krishnagiri,Small,1618.48,71.29,20.0,1544.66,11.4,2338.89,8.021,Medium
Gujarat,Vadodara,Small,1488.87,63.12,21.85,1795.67,8.01,1198.14,2.469,Low
Rajasthan,Jaipur,Medium,3064.01,70.69,63.43,1515.21,8.3,2210.54,16.627,High
Telangana,Nizamabad,Large,5033.08,79.47,48.27,2539.64,6.5,1813.07,14.441,Low
Gujarat,Surat,Small,856.98,45.17,67.85,1877.21,5.26,1730.3,1.5,Low
Tamil Nadu,Salem,Small,1342.93,65.84,31.27,1022.83,5.85,2335.04,8.323,Medium
Rajasthan,Kishangarh,Small,1075.18,72.21,57.19,1686.68,8.45,1758.15,10.126,Medium
Tamil Nadu,Madurai,Medium,2981.84,73.18,62.3,1281.9,1.57,2592.53,20.74,High
Karnataka,Hassan,Small,1226.02,80.56,83.2,1177.82,8.96,2279.88,14.207,Medium
Rajasthan,Jodhpur,Small,999.34,83.72,45.23,2235.44,7.67,2183.35,9.923,Medium
Telangana,Warangal,Small,855.42,67.95,76.39,1975.34,4.35,2033.27,11.703,Medium
Andhra Pradesh,Kadapa,Medium,2748.33,70.72,69.47,2289.39,2.49,2254.56,14.116,Medium
Andhra Pradesh,Guntur,Medium,2391.28,66.22,42.84,1523.41,5.85,1946.97,12.445,Medium
Karnataka,Bengaluru,Medium,3258.13,80.82,50.86,1806.07,6.29,1769.27,14.887,Medium
Andhra Pradesh,Nellore,Small,971.95,71.67,74.68,1371.24,,2092.27,11.094,Medium
Andhra Pradesh,Guntur,Medium,2535.05,59.67,58.14,2036.2,0.5,2357.94,10.339,Medium
Telangana,Nizamabad,Small,1023.56,52.3,46.37,1920.89,10.26,1760.91,1.5,Low
Gujarat,Vadodara,Small,1187.35,62.98,73.15,1925.0,6.67,1778.18,5.926,Low
Gujarat,Vadodara,Medium,2110.18,67.87,65.98,2127.73,6.6,1753.45,12.363,Medium
Karnataka,Bengaluru,Small,2192.79,88.04,42.15,1235.99,9.27,2065.4,17.079,High
Rajasthan,Kishangarh,Medium,3179.95,71.65,45.58,2808.31,8.35,2045.99,10.679,Medium
Telangana,Warangal,Small,1238.76,75.78,56.29,2343.49,7.31,1710.29,9.475,Medium
Karnataka,Hassan,Small,1853.8,77.23,53.64,1329.8,6.6,2586.82,15.153,Medium
Andhra Pradesh,Nellore,Large,4778.94,92.41,77.32,2506.77,2.26,2190.46,20.011,High
Karnataka,Hassan,Medium,3416.8,77.7,69.27,2152.61,6.57,2443.81,15.316,Medium
Telangana,Khammam,Medium,2152.81,72.47,81.96,2448.67,4.65,1923.18,13.524,Medium
Telangana,Khammam,Large,4111.06,72.87,60.16,2005.27,4.31,1794.6,12.234,Medium
Rajasthan,Kishangarh,Medium,3320.53,58.48,92.0,2218.35,0.74,2662.81,22.986,High
Tamil Nadu,Madurai,Medium,2644.65,93.78,79.05,1093.24,4.63,2595.65,23.136,High
Rajasthan,Kishangarh,Medium,2706.95,85.16,62.63,1631.93,6.04,2142.65,18.586,High
Telangana,Hyderabad,Small,1488.34,71.12,51.14,2646.2,7.37,1704.38,5.634,Low
Andhra Pradesh,Kadapa,Small,1743.49,91.13,67.3,1898.62,7.49,2005.35,15.096,Medium
Tamil Nadu,Madurai,Medium,2364.12,77.73,32.57,723.52,5.67,2259.84,17.562,High
Tamil Nadu,Salem,Small,1327.11,65.49,56.55,1867.07,6.25,2235.13,13.023,Medium
Andhra Pradesh,Nellore,Small,726.0,84.84,75.54,1569.03,8.14,2113.12,8.816,Medium
Telangana,Karimnagar,Small,1713.32,58.08,42.68,1607.59,8.65,1832.46,2.584,Low
Rajasthan,Kishangarh,Small,1665.27,71.55,26.01,2416.03,2.54,2299.13,10.509,Medium
Gujarat,Bhavnagar,Small,1639.17,56.87,36.16,1492.36,6.78,1643.85,5.595,Low
Telangana,Karimnagar,Small,1509.38,67.18,51.5,1683.62,4.31,1739.71,9.131,Medium
Karnataka,Ramanagara,Small,2396.52,73.49,53.56,2630.6,6.16,1942.39,12.772,Medium
Rajasthan,Makrana,Small,1208.89,79.34,37.15,1480.11,1.38,2036.88,14.151,Medium
Tamil Nadu,Salem,Medium,2961.15,53.09,42.52,1443.09,7.96,2390.92,13.106,Medium
Gujarat,Ahmedabad,Small,1469.3,98.0,37.79,1590.01,10.84,1420.41,7.463,Low
Andhra Pradesh,Ongole,Large,4298.14,49.27,91.76,1237.18,,1659.37,19.756,High
Rajasthan,Jodhpur,Large,5040.0,85.13,92.0,2132.97,5.66,2511.44,23.47,High
Rajasthan,Jaipur,Medium,2681.21,72.36,62.08,1571.63,3.6,2310.09,19.076,High
Telangana,Warangal,Medium,2481.51,82.81,60.83,2291.6,8.76,1783.93,6.869,Low
Andhra Pradesh,Kurnool,Small,1398.82,84.86,67.22,1626.04,10.08,1849.31,10.288,Medium
Tamil Nadu,Krishnagiri,Small,1951.74,40.46,33.48,1804.52,11.24,2282.53,5.063,Low
Rajasthan,Udaipur,Large,4942.55,70.15,57.74,2072.17,11.17,2089.12,17.168,High
Tamil Nadu,Chennai,Small,1514.82,71.25,26.31,1556.44,12.86,2097.48,6.544,Low
Telangana,Warangal,Large,4351.17,97.63,77.53,1704.55,2.19,2338.71,20.183,High
Tamil Nadu,Salem,Medium,2723.3,68.42,54.59,1740.3,5.98,2109.84,13.185,Medium
Telangana,Warangal,Small,977.66,80.39,34.27,1415.52,10.78,1264.13,5.651,Low
Telangana,Karimnagar,Medium,1783.42,87.03,86.9,2145.45,5.73,2194.39,15.817,Medium
Rajasthan,Kishangarh,Medium,2983.37,59.75,79.47,1362.75,1.54,2469.12,19.199,High
Tamil Nadu,Krishnagiri,Small,2080.58,77.1,48.45,1197.74,8.4,2180.97,12.683,Medium
Andhra Pradesh,Kadapa,Small,2036.4,73.39,39.62,2104.43,9.31,1613.68,6.994,Low
Rajasthan,Jodhpur,Medium,2787.01,65.99,66.23,1839.13,6.54,2152.21,13.091,Medium
Tamil Nadu,Salem,Medium,3298.96,80.21,63.91,2016.51,7.6,2496.38,18.19,High
Telangana,Karimnagar,Small,823.37,98.0,46.71,1331.54,6.93,1933.8,12.813,Medium
Telangana,Hyderabad,Small,684.79,76.29,38.47,2110.27,10.39,1797.01,4.164,Low
Telangana,Hyderabad,Large,3775.45,54.26,67.46,1735.21,0.5,1965.07,14.007,Medium
Andhra Pradesh,Nellore,Medium,2577.92,63.35,62.05,1852.68,5.22,1924.63,11.281,Medium
Andhra Pradesh,Guntur,Medium,2758.71,90.32,43.25,767.09,9.43,1910.42,13.469,Medium
Rajasthan,Udaipur,Large,5469.45,75.53,41.17,1712.89,12.02,2309.89,16.746,High
Rajasthan,Jodhpur,Small,1519.09,59.09,48.83,1794.57,9.21,2089.38,8.165,Medium
Telangana,Karimnagar,Medium,3070.92,83.38,32.43,2253.64,4.29,1695.33,9.594,Medium
Telangana,Nizamabad,Large,4382.16,70.87,54.28,1839.51,4.64,1672.78,15.63,Medium
Tamil Nadu,Krishnagiri,Medium,3121.95,75.99,55.5,1071.77,6.4,2360.09,16.914,High
Telangana,Hyderabad,Small,1252.11,55.51,48.75,2296.34,7.51,1815.89,4.407,Low
Rajasthan,Jaipur,Small,1505.58,69.6,38.75,1662.73,4.67,1982.74,9.775,Medium
Rajasthan,Kishangarh,Medium,3042.05,76.55,57.81,2408.18,5.69,2104.75,14.363,Medium
Gujarat,Surat,Small,913.16,78.09,42.01,2346.48,10.39,1324.05,3.707,Low
Andhra Pradesh,Kurnool,Large,4973.05,84.26,68.61,2246.66,,2179.6,19.528,High
Tamil Nadu,Chennai,Small,2354.36,78.35,47.93,2104.37,7.12,2604.12,13.105,Medium
Karnataka,Mysuru,Small,1416.61,62.39,58.06,2379.16,8.37,2490.69,11.556,Medium
Telangana,Hyderabad,Small,1368.85,97.27,72.14,2311.12,10.58,2167.95,10.57,Medium
Andhra Pradesh,Nellore,Medium,2053.62,71.38,52.72,1331.77,0.68,1783.92,12.732,Medium
Andhra Pradesh,Nellore,Large,4980.18,65.26,62.6,1289.55,4.64,2139.88,18.222,High
Karnataka,Ramanagara,Medium,3168.45,40.82,63.44,2410.33,4.29,2406.86,13.373,Medium
Gujarat,Bhavnagar,Large,3531.46,83.85,79.96,1816.21,0.5,2450.1,19.274,High
Karnataka,Chitradurga,Small,1318.65,63.25,20.0,2204.01,10.78,2042.65,5.296,Low
Andhra Pradesh,Kurnool,Small,697.12,78.77,38.43,2623.92,12.59,1844.14,4.103,Low
Andhra Pradesh,Nellore,Large,5066.9,81.39,72.19,2368.85,1.41,2230.06,19.73,High
Andhra Pradesh,Kurnool,Large,4254.16,98.0,92.0,1200.19,8.2,2593.12,21.659,High
Andhra Pradesh,Kurnool,Large,4590.68,61.97,48.79,1014.23,2.69,1984.48,20.902,High
Tamil Nadu,Krishnagiri,Medium,3017.89,83.99,50.22,1615.75,6.4,2586.52,18.867,High
Tamil Nadu,Chennai,Small,2135.24,56.02,57.39,1430.68,6.98,2318.94,11.605,Medium
Karnataka,Chitradurga,Small,1610.97,81.27,48.37,2670.82,7.91,2133.76,11.761,Medium
Rajasthan,Jaipur,Large,5169.3,94.19,70.63,,0.5,2336.42,20.506,Medium
Tamil Nadu,Dharmapuri,Small,1372.77,69.26,60.02,2252.03,4.25,2257.04,12.632,Medium
Rajasthan,Jodhpur,Small,1647.68,65.37,53.55,2548.34,7.83,2292.29,11.893,Medium
Rajasthan,Makrana,Medium,3217.6,67.89,61.56,1973.74,6.77,2431.45,18.36,High
Andhra Pradesh,Ongole,Small,1474.23,66.02,35.91,2247.51,7.64,2019.74,4.645,Medium
Andhra Pradesh,Ongole,Large,4028.88,98.0,57.62,1913.76,9.47,1951.67,17.797,High
Tamil Nadu,Salem,Small,1224.98,72.3,69.81,2000.69,6.47,2771.01,14.021,Medium
Karnataka,Hassan,Medium,3423.81,76.64,57.62,1248.45,3.49,2122.39,19.417,High
Andhra Pradesh,Guntur,Medium,3151.0,85.39,30.27,1546.71,7.62,2005.4,8.443,Medium
Karnataka,Hassan,Medium,2965.79,86.59,73.64,1973.78,7.26,2561.0,19.051,High
Telangana,Hyderabad,Medium,2456.94,64.55,70.78,1656.43,6.04,2101.54,9.381,Medium
Tamil Nadu,Madurai,Small,1685.56,78.42,57.81,1518.85,7.3,2524.43,14.615,Medium
Andhra Pradesh,Nellore,Medium,2760.07,87.18,48.57,1031.49,5.6,2038.39,13.754,Medium
Karnataka,Bengaluru,Medium,2321.56,72.4,48.77,1538.22,7.29,2197.49,13.825,Medium
Gujarat,Vadodara,Medium,2342.07,62.33,64.2,1686.61,6.12,1826.41,11.783,Medium
Andhra Pradesh,Kurnool,Small,1058.65,88.39,57.14,2029.43,8.99,1881.25,10.781,Medium
Karnataka,Bengaluru,Small,1441.65,71.43,51.98,1854.31,8.09,2135.3,11.079,Medium
Karnataka,Bengaluru,Small,1163.08,74.91,51.5,1440.25,9.55,1985.27,11.025,Medium
Rajasthan,Udaipur,Medium,2521.48,80.71,57.36,2281.68,6.76,1808.74,14.312,Medium
Andhra Pradesh,Guntur,Small,1587.04,91.47,70.28,1436.21,8.31,2419.0,15.123,Medium
Karnataka,Hassan,Large,4687.66,76.84,76.3,1539.74,7.24,2180.33,21.645,High
Telangana,Warangal,Medium,1951.48,88.25,36.07,2071.47,,1507.51,10.617,Medium
Andhra Pradesh,Ongole,Medium,2930.12,77.94,62.11,2149.27,7.4,2189.41,11.194,Medium
Telangana,Nizamabad,Large,4035.54,89.25,59.84,2214.8,5.74,2349.02,16.433,High
Karnataka,Mysuru,Small,937.77,67.36,39.51,1942.21,9.12,2352.54,8.558,Medium
Karnataka,Hassan,Large,5150.3,70.49,64.89,1957.73,8.91,2363.44,18.067,High
Andhra Pradesh,Guntur,Medium,2390.29,86.25,70.24,1784.06,1.18,1998.02,16.594,High
Tamil Nadu,Dharmapuri,Large,5558.82,59.02,92.0,1473.12,6.46,2943.61,24.265,High
Andhra Pradesh,Kadapa,Large,4476.71,85.48,30.86,1405.63,5.01,1751.28,13.265,Medium
Tamil Nadu,Chennai,Small,2310.43,77.86,43.82,2161.18,11.99,1956.75,6.528,Low
Karnataka,Mysuru,Small,2104.34,93.76,88.22,2081.61,5.35,2334.86,19.436,Low
Tamil Nadu,Dharmapuri,Medium,3014.84,86.75,41.23,1580.96,5.78,2509.75,15.742,Medium
Rajasthan,Makrana,Medium,2500.14,74.89,60.8,1478.32,8.19,1963.81,12.07,Medium
Karnataka,Chitradurga,Small,1685.57,59.98,54.6,2017.99,7.6,2359.33,9.987,Medium
Telangana,Karimnagar,Small,1708.47,68.17,50.51,1094.62,9.29,1557.73,9.762,Medium
Karnataka,Chitradurga,Small,2037.0,68.52,40.25,2165.04,7.8,1921.37,12.097,Medium
Andhra Pradesh,Kadapa,Medium,2615.47,89.53,55.0,1343.06,6.6,2053.23,14.026,Medium
Tamil Nadu,Krishnagiri,Large,5316.27,90.12,74.16,1009.62,4.8,2372.21,23.105,High
Gujarat,Vadodara,Medium,2036.97,68.85,58.99,1397.77,3.18,2059.89,12.744,Medium
Andhra Pradesh,Kurnool,Medium,2568.19,81.83,64.54,1827.46,,1591.86,15.665,Medium
Tamil Nadu,Salem,Small,1133.83,66.79,53.94,1566.0,7.32,2284.87,15.293,Medium
Karnataka,Bengaluru,Small,1605.24,63.83,65.69,1212.89,7.38,2425.47,12.957,Medium
Karnataka,Ramanagara,Medium,2874.85,80.4,78.31,835.42,4.37,2758.41,21.691,High
Tamil Nadu,Salem,Large,5619.38,82.87,63.56,1857.13,8.31,2691.29,22.912,High
Tamil Nadu,Salem,Small,1886.81,59.98,32.41,1437.7,9.31,2217.42,9.539,Medium
Gujarat,Surat,Medium,2578.98,84.47,76.91,1680.2,5.62,2050.74,12.706,Medium
Tamil Nadu,Dharmapuri,Large,5524.82,79.35,73.93,1496.35,6.47,2512.73,21.618,High
Tamil Nadu,Madurai,Large,5262.39,75.67,80.59,1894.39,,2959.68,26.601,High
Karnataka,Bengaluru,Small,1514.29,87.35,60.05,2028.16,8.37,2419.71,14.223,Medium
Karnataka,Mysuru,Small,1920.94,82.61,45.22,2522.15,6.77,2612.26,13.257,High
Karnataka,Chitradurga,Small,1556.6,75.7,49.63,1099.33,4.37,2319.64,13.05,Medium
Karnataka,Hassan,Medium,3177.35,54.15,78.28,2250.56,6.68,2230.74,13.431,Medium
Tamil Nadu,Chennai,Large,5784.58,92.07,69.12,2543.57,5.33,2537.65,20.731,High
Rajasthan,Makrana,Small,1728.13,69.15,51.35,2071.75,11.74,1902.61,5.099,Low
Tamil Nadu,Krishnagiri,Small,1686.17,68.23,39.97,676.18,5.25,2093.09,14.652,Medium
Tamil Nadu,Dharmapuri,Large,5140.62,75.32,71.97,1782.78,4.43,2464.44,25.997,High
Rajasthan,Makrana,Medium,2785.05,56.53,67.38,2101.68,4.79,2195.18,13.816,High
Telangana,Khammam,Large,4443.1,85.17,64.47,2223.09,8.02,1766.28,15.369,Medium
Andhra Pradesh,Kurnool,Small,1302.42,62.97,75.19,1280.86,6.86,1669.61,8.76,Medium
Tamil Nadu,Madurai,Medium,3306.21,85.6,70.42,1815.08,11.19,2183.59,15.536,Medium
Telangana,Karimnagar,Small,1132.04,59.91,56.85,1479.58,4.89,1891.69,6.35,Low
Tamil Nadu,Salem,Small,1881.9,68.53,45.52,1750.37,3.28,2220.28,15.933,Medium
Telangana,Karimnagar,Medium,2339.69,86.74,56.34,2085.0,3.42,2121.24,17.109,High
Tamil Nadu,Chennai,Small,1760.58,77.32,44.23,1893.88,12.35,2634.78,9.176,Medium
Tamil Nadu,Madurai,Small,1465.67,81.34,61.47,1481.76,10.21,2333.52,15.447,Medium
Tamil Nadu,Madurai,Large,6010.38,90.81,63.86,1505.1,9.83,2382.33,25.161,High
Tamil Nadu,Krishnagiri,Small,1543.84,91.88,53.58,2049.09,11.05,2537.1,13.163,Medium
Andhra Pradesh,Nellore,Medium,2734.14,70.68,54.43,1952.65,9.9,1819.0,10.269,Medium
Andhra Pradesh,Kurnool,Small,1176.08,83.84,57.03,1503.66,6.9,1719.81,8.953,Medium
Andhra Pradesh,Nellore,Large,5151.62,76.42,58.35,1464.6,9.77,1832.21,17.598,Medium
Telangana,Warangal,Small,1344.23,81.9,65.56,2233.97,8.44,1781.66,10.055,Medium
Rajasthan,Jodhpur,Medium,3514.23,94.3,48.61,1782.34,7.74,2188.92,13.776,Medium
Tamil Nadu,Dharmapuri,Small,1566.95,90.8,62.65,2260.89,11.72,2272.23,13.392,Medium
Karnataka,Mysuru,Medium,2813.36,59.85,53.85,1865.27,11.44,2362.4,10.766,Medium
Rajasthan,Makrana,Medium,2607.8,35.0,40.38,2179.11,9.78,2165.17,9.009,Medium
Telangana,Nizamabad,Small,1460.08,78.89,77.64,1614.83,4.16,1732.69,12.425,Medium
Rajasthan,Makrana,Small,1506.72,74.0,65.89,2157.16,7.77,2370.21,11.866,Medium
Andhra Pradesh,Ongole,Large,4279.52,81.16,67.3,1209.2,4.87,1504.07,19.697,High
Andhra Pradesh,Guntur,Large,4479.04,79.22,42.67,1753.32,6.02,1622.31,11.428,Medium
Tamil Nadu,Chennai,Small,1997.34,69.16,60.3,1625.11,4.12,2128.8,11.877,Medium
Telangana,Warangal,Small,965.35,81.24,66.51,1763.67,5.89,2127.07,13.38,Medium
Andhra Pradesh,Guntur,Small,1119.83,86.19,52.72,2045.32,9.09,1964.62,8.442,Medium
Karnataka,Bengaluru,Small,1827.53,70.73,50.45,1124.7,8.56,2090.14,10.397,Medium
Karnataka,Hassan,Large,5149.66,82.88,69.57,1150.79,3.32,2623.99,23.189,High
Andhra Pradesh,Guntur,Medium,2492.89,85.79,69.59,1499.61,0.5,2147.74,20.967,High
Telangana,Warangal,Medium,3130.81,63.88,44.79,2539.66,5.02,2200.96,10.93,Medium
Tamil Nadu,Chennai,Large,5401.25,72.7,67.14,833.07,9.68,2707.81,19.078,High
Telangana,Hyderabad,Medium,2034.25,61.18,56.39,2447.75,3.4,2288.15,10.048,Medium
Andhra Pradesh,Kurnool,Medium,2020.23,60.41,72.74,2291.04,8.97,1771.44,8.432,Medium
Andhra Pradesh,Kurnool,Small,1705.77,95.48,24.48,1967.56,9.23,2105.46,10.428,Medium
Andhra Pradesh,Nellore,Small,1153.08,70.74,60.91,2249.82,9.51,1783.65,5.531,Low
Tamil Nadu,Dharmapuri,Medium,3037.92,70.23,38.94,1192.47,9.17,1921.5,14.13,Medium
Rajasthan,Jodhpur,Small,1283.97,79.35,43.98,2280.91,6.25,1912.33,9.745,Medium
Tamil Nadu,Madurai,Small,1584.0,58.35,57.25,1688.27,6.06,2602.21,12.649,Medium
Rajasthan,Jaipur,Small,1517.81,70.6,62.29,2496.42,9.82,2091.6,10.486,Medium
Karnataka,Hassan,Small,1139.79,71.13,68.69,1870.34,6.94,2308.78,14.983,Medium
Tamil Nadu,Salem,Medium,2841.15,56.46,50.43,1555.45,2.22,2328.29,14.055,Medium
Rajasthan,Kishangarh,Medium,2743.85,92.34,72.21,2639.45,5.4,2220.2,15.555,Medium
Rajasthan,Kishangarh,Small,1152.53,72.22,32.89,1907.06,10.84,2033.05,7.958,Low
Karnataka,Chitradurga,Small,1513.75,69.05,29.98,1874.23,7.33,2006.1,6.905,Low
Telangana,Nizamabad,Medium,2105.76,81.84,79.58,2165.25,1.53,2097.64,16.14,High
Andhra Pradesh,Guntur,Small,1612.56,79.78,74.8,2085.37,10.68,2015.13,10.213,Medium
Karnataka,Chitradurga,Medium,2611.21,72.59,47.11,1564.41,7.03,2129.69,12.06,Medium
Gujarat,Vadodara,Medium,2510.61,74.42,38.08,1383.18,10.49,1848.61,5.174,Low
Rajasthan,Udaipur,Small,1629.66,84.58,33.38,2762.39,9.93,2180.9,9.978,Medium
Tamil Nadu,Madurai,Medium,2748.15,76.07,68.4,861.48,6.41,2758.4,19.045,High
Telangana,Khammam,Medium,2117.1,74.79,63.18,1526.86,8.64,1753.84,8.932,Low
Andhra Pradesh,Kadapa,Small,1214.05,84.3,39.93,1282.5,9.15,1519.22,7.83,Low
Rajasthan,Udaipur,Small,1737.6,91.69,61.95,2529.36,7.52,2003.31,11.759,Medium
Gujarat,Vadodara,Large,3791.11,88.51,63.63,986.66,7.23,1628.06,16.001,High
Karnataka,Bengaluru,Small,1929.9,78.35,35.29,1135.98,13.29,1759.35,9.658,Low
Tamil Nadu,Krishnagiri,Large,5367.4,90.54,52.56,1284.32,4.62,2421.04,23.339,High
Rajasthan,Jaipur,Medium,2771.49,71.17,72.67,1839.79,8.39,2303.21,14.38,Medium
Andhra Pradesh,Kurnool,Small,1233.65,68.89,29.14,1924.88,6.32,1457.94,3.112,Low
Andhra Pradesh,Guntur,Small,1724.12,75.47,50.7,2741.52,5.92,1579.53,8.127,Medium
Andhra Pradesh,Ongole,Medium,3067.65,59.9,47.06,1686.02,7.4,1739.05,7.549,Low
Karnataka,Hassan,Medium,3240.18,98.0,80.99,1739.01,4.24,2615.86,21.076,High
Telangana,Khammam,Medium,2662.86,70.02,50.69,2038.13,6.58,1362.05,8.646,Medium
Telangana,Khammam,Large,4119.58,81.18,79.15,1765.77,6.97,2118.93,18.082,High
Rajasthan,Kishangarh,Large,5022.36,79.96,59.68,1314.72,7.41,2155.94,22.258,High
Tamil Nadu,Salem,Small,1998.72,78.53,54.46,1921.31,10.99,1763.27,10.5,Medium
Gujarat,Vadodara,Large,3778.9,71.22,55.09,1257.3,6.58,1571.93,11.443,Medium
Andhra Pradesh,Ongole,Large,4345.27,75.96,51.61,1431.49,3.6,1894.96,13.093,Medium
Karnataka,Ramanagara,Large,4783.2,65.75,52.09,1958.73,4.5,2286.38,17.999,High
Andhra Pradesh,Ongole,Medium,2681.67,85.0,54.66,1349.16,5.1,1759.04,11.717,Medium
Tamil Nadu,Dharmapuri,Medium,3368.49,85.75,38.53,1303.53,11.9,2177.88,16.255,High
Telangana,Karimnagar,Medium,1991.34,58.72,77.96,1678.95,2.76,1925.05,12.7,Medium
Rajasthan,Makrana,Small,1305.31,80.17,45.1,1649.06,4.9,2173.57,9.888,Medium
Tamil Nadu,Krishnagiri,Large,5445.41,62.73,79.28,2338.33,3.22,2389.9,21.71,High
Telangana,Karimnagar,Small,1534.73,60.52,42.47,1972.11,12.49,1589.27,2.748,Low
Rajasthan,Jaipur,Small,913.88,85.03,49.32,1449.75,7.53,1912.2,13.793,Medium
Andhra Pradesh,Ongole,Large,4482.33,48.89,52.82,1289.55,3.53,1972.98,14.529,Medium
Tamil Nadu,Salem,Small,1996.2,87.81,50.52,1694.83,,2080.37,12.923,High
Andhra Pradesh,Kurnool,Large,4943.95,80.27,58.08,2056.5,5.08,1848.42,19.921,High
Tamil Nadu,Chennai,Medium,3102.91,73.18,45.43,1757.57,4.9,2208.99,13.619,Medium
Tamil Nadu,Madurai,Small,2303.85,88.58,67.21,2129.22,8.18,2282.38,19.116,High
Telangana,Hyderabad,Medium,2427.37,98.0,76.84,2505.22,3.37,2083.33,16.259,High
Andhra Pradesh,Kadapa,Medium,2357.07,61.62,89.39,1819.19,8.4,2193.11,10.858,Medium
Andhra Pradesh,Guntur,Medium,2536.67,95.98,55.0,1791.13,6.52,1745.87,12.717,Medium
Telangana,Warangal,Large,3933.97,94.42,36.58,,5.01,1433.48,14.286,Medium
Telangana,Khammam,Large,4038.02,71.43,70.33,1689.79,4.08,1715.67,18.125,High
Andhra Pradesh,Kadapa,Small,1442.27,81.56,42.03,1254.78,8.83,1787.65,7.082,Low
Karnataka,Chitradurga,Small,1572.94,60.27,45.13,1307.39,13.52,1948.77,6.564,Low
Tamil Nadu,Krishnagiri,Large,5060.58,72.45,65.09,1440.49,4.63,2354.5,19.907,High
Tamil Nadu,Dharmapuri,Medium,2818.95,49.51,87.9,2227.94,5.98,2402.85,15.019,Medium
Tamil Nadu,Dharmapuri,Small,1780.8,62.92,54.45,1238.44,7.97,2234.81,10.988,Medium
Karnataka,Hassan,Large,5307.04,85.42,92.0,2509.79,3.9,2536.03,23.234,High
Karnataka,Chitradurga,Large,5040.47,87.09,55.92,2093.96,4.79,2215.89,20.956,High
Rajasthan,Jodhpur,Medium,1883.46,81.84,78.79,1740.06,6.66,2054.36,15.164,Medium
Karnataka,Bengaluru,Medium,2682.5,82.6,59.09,2101.79,7.51,2027.4,15.253,Medium
Karnataka,Hassan,Medium,3396.85,74.76,30.9,1014.83,2.18,2264.13,18.399,High
Andhra Pradesh,Guntur,Medium,2179.26,84.48,56.05,1562.43,8.65,2094.2,10.292,Medium
Andhra Pradesh,Guntur,Large,4262.53,90.68,76.78,2304.8,6.11,1651.22,19.765,High
Karnataka,Mysuru,Large,5088.45,86.49,41.88,2285.99,9.27,2034.75,14.823,Medium
Telangana,Hyderabad,Medium,2412.7,72.57,52.05,1346.45,7.37,1775.12,9.805,Medium
Andhra Pradesh,Nellore,Medium,2922.91,72.11,52.56,2070.41,4.08,1610.7,12.178,Medium
Gujarat,Vadodara,Large,3820.78,67.98,79.55,,5.03,1911.29,16.027,High
Gujarat,Vadodara,Small,911.1,90.62,41.9,1679.25,8.14,1229.3,7.14,Low
Karnataka,Mysuru,Small,2107.83,52.63,43.07,959.3,10.97,2132.92,6.607,Low
Rajasthan,Udaipur,Large,5038.72,77.2,54.58,1896.3,2.92,2361.88,19.83,High
Tamil Nadu,Dharmapuri,Small,1543.78,74.8,35.53,2143.08,9.92,2343.24,8.406,Medium
Tamil Nadu,Madurai,Small,1756.4,65.88,31.63,2346.35,14.08,2100.54,6.921,Low
Rajasthan,Udaipur,Small,1337.51,52.92,38.58,2068.48,11.57,1908.21,6.777,Low
Karnataka,Hassan,Small,1040.93,48.11,29.58,2319.7,8.68,2201.06,7.103,Low
Rajasthan,Kishangarh,Small,1534.6,71.5,71.49,2326.62,7.77,2033.02,13.191,Medium
Telangana,Karimnagar,Small,1253.03,60.04,67.85,2083.36,6.61,1868.91,7.969,Low
Rajasthan,Jodhpur,Large,4545.83,88.89,78.29,1635.27,7.81,2103.67,21.918,High
Telangana,Khammam,Medium,2193.33,56.7,60.39,1597.44,4.48,1829.04,9.996,Medium
Rajasthan,Udaipur,Medium,3263.63,85.57,49.42,1956.76,6.81,1767.09,16.491,High
Rajasthan,Udaipur,Small,1685.41,57.62,58.39,2475.55,6.74,1917.65,5.307,Low
Telangana,Nizamabad,Medium,2702.25,50.88,71.36,1549.25,5.28,1958.33,10.525,Medium
Tamil Nadu,Madurai,Medium,3029.93,54.12,68.17,2327.63,6.76,2401.9,14.885,Medium
Andhra Pradesh,Guntur,Medium,3130.72,86.34,53.93,1986.16,,2215.59,12.138,Medium
Telangana,Karimnagar,Small,1688.22,58.2,65.83,1813.88,3.9,2229.6,4.616,Medium
Andhra Pradesh,Ongole,Medium,2132.42,87.19,92.0,1429.37,7.25,2472.93,16.273,High
Rajasthan,Jaipur,Large,5219.75,83.29,59.68,2572.53,5.19,2100.0,21.635,High
Tamil Nadu,Madurai,Medium,2938.8,66.33,42.43,1674.1,2.75,2285.21,19.784,High
Karnataka,Hassan,Medium,3044.9,69.65,75.33,1808.26,7.4,1883.75,11.419,Medium
Gujarat,Bhavnagar,Medium,2182.97,98.0,68.53,1592.36,1.42,1896.71,16.815,High
Andhra Pradesh,Nellore,Medium,2699.47,69.65,43.77,1386.69,6.48,1687.92,9.921,Medium
Andhra Pradesh,Guntur,Medium,2582.76,66.52,57.35,1978.28,0.5,2066.29,12.405,Medium
Gujarat,Bhavnagar,Small,1407.09,90.97,52.87,1072.2,10.19,1462.82,5.828,Low
Karnataka,Mysuru,Medium,2713.52,91.76,44.15,2084.04,6.51,1735.76,14.844,Medium
Telangana,Hyderabad,Large,3648.17,78.55,51.8,1891.74,8.74,1641.87,8.188,Medium
Andhra Pradesh,Nellore,Medium,2132.23,83.64,47.73,2241.12,4.3,1764.71,13.358,Medium
Karnataka,Hassan,Small,1190.28,61.83,58.9,2308.96,8.03,1778.33,12.83,Medium
Telangana,Warangal,Small,1428.91,98.0,55.54,2504.53,10.42,1626.13,7.546,Low
Rajasthan,Udaipur,Medium,3213.07,55.43,52.02,3374.37,5.28,1810.29,7.27,Low
Rajasthan,Makrana,Large,5062.11,67.17,62.84,1810.64,4.47,2391.07,16.425,High
Rajasthan,Udaipur,Medium,3048.28,88.74,72.62,1958.71,3.35,2369.15,18.436,High
Telangana,Hyderabad,Medium,5176.837774924368,69.66,48.55,2197.48,2.54,1877.23,8.306,Medium
Rajasthan,Udaipur,Small,1771.99,92.9,53.77,2528.15,9.85,1896.81,11.506,Medium
Telangana,Khammam,Medium,2787.66,70.72,78.98,1410.69,2.8,2222.51,15.931,High
Tamil Nadu,Krishnagiri,Medium,3278.26,81.83,57.56,1803.78,4.74,2157.33,17.228,High
Rajasthan,Jodhpur,Large,4800.2,77.64,55.1,1638.28,2.9,2648.53,20.184,High
Telangana,Nizamabad,Small,1321.59,71.69,45.37,2435.59,7.62,2072.42,7.196,Low
Gujarat,Ahmedabad,Medium,2936.01,61.13,59.24,744.34,8.05,2068.59,9.115,Medium
Rajasthan,Jaipur,Medium,5242.08581425792,74.94,76.98,1824.78,7.7,2273.93,18.485,High
Telangana,Karimnagar,Medium,2308.32,62.81,65.5,1970.29,2.33,1955.34,12.84,Medium
Andhra Pradesh,Kadapa,Large,4007.44,98.0,66.2,1449.0,3.51,2052.48,20.902,High
Gujarat,Vadodara,Small,854.67,68.83,47.93,2336.46,2.63,1665.53,5.793,Low
Telangana,Warangal,Small,1487.73,61.9,60.19,1726.16,8.18,1898.77,7.412,Medium
Tamil Nadu,Dharmapuri,Medium,2348.24,86.05,59.52,1503.38,5.41,2250.3,20.102,High
Andhra Pradesh,Kurnool,Medium,3057.53,59.62,53.8,1385.85,0.96,2160.63,12.88,Medium
Tamil Nadu,Krishnagiri,Small,2340.75,78.92,57.99,2056.65,4.64,2250.48,16.663,High
Rajasthan,Udaipur,Medium,2792.6,68.94,42.85,1923.23,7.79,2155.65,12.987,Medium
Andhra Pradesh,Nellore,Medium,3037.72,73.01,84.53,1478.22,3.64,2380.4,14.257,Medium
Rajasthan,Makrana,Large,4857.95,74.56,92.0,1661.04,6.99,2266.2,24.218,High
Andhra Pradesh,Kurnool,Small,1779.32,71.18,54.08,2186.85,7.47,1675.49,7.65,Low
Telangana,Khammam,Large,4267.57,79.7,69.11,2645.0,5.87,1559.18,12.709,Medium
Tamil Nadu,Madurai,Small,1467.74,62.75,46.35,2367.38,7.78,2369.59,11.93,Medium
Tamil Nadu,Dharmapuri,Small,1661.08,60.23,56.7,2464.07,4.32,2201.89,11.779,Medium
Gujarat,Vadodara,Small,1611.75,78.7,39.87,1539.9,11.35,1396.91,2.537,Low
Telangana,Hyderabad,Large,4341.41,75.65,63.47,2565.03,5.47,1785.17,15.843,Medium
Gujarat,Bhavnagar,Small,1129.79,58.73,61.56,,4.3,1479.1,6.174,Low
Tamil Nadu,Chennai,Medium,2985.58,82.71,71.23,1554.12,4.59,2517.1,19.92,High
Telangana,Hyderabad,Medium,2500.53,74.51,82.81,1927.28,7.85,1865.02,13.541,Medium
Andhra Pradesh,Guntur,Large,3995.23,66.12,73.34,891.81,1.85,2216.17,15.74,Medium
Rajasthan,Kishangarh,Large,4703.39,77.73,57.13,1937.89,8.08,2402.99,18.816,High
Tamil Nadu,Dharmapuri,Medium,3087.19,72.52,85.21,1935.44,11.49,2551.4,19.01,High
Gujarat,Surat,Large,3567.36,61.19,87.2,2011.54,4.91,1796.17,14.574,Medium
Telangana,Warangal,Medium,2560.47,98.0,55.12,1484.48,2.08,2123.68,15.998,Medium
Gujarat,Vadodara,Large,3440.08,80.04,54.85,1455.22,7.8,1828.37,15.619,Medium
Andhra Pradesh,Ongole,Small,1440.68,72.99,53.94,2030.77,5.64,1655.17,5.966,Low
Rajasthan,Kishangarh,Small,2408.43,98.0,74.06,1593.45,5.84,2452.94,19.26,High
Rajasthan,Udaipur,Medium,2595.64,78.43,48.66,2584.34,6.91,1872.01,13.105,Medium
Andhra Pradesh,Ongole,Medium,2273.82,85.64,60.57,2158.4,3.92,1900.16,11.34,Medium
Rajasthan,Makrana,Medium,2884.67,75.62,62.29,2646.21,4.66,2361.46,15.147,Medium
Andhra Pradesh,Guntur,Medium,2842.03,75.24,32.6,2113.6,6.31,1963.16,11.065,Medium
Karnataka,Chitradurga,Small,1199.76,67.79,44.66,2215.59,,2037.27,9.91,Medium
Tamil Nadu,Madurai,Medium,2724.0,80.58,76.83,2252.79,2.2,2795.27,20.319,High
Tamil Nadu,Dharmapuri,Small,1370.4,98.0,22.85,2343.78,7.78,1993.55,10.269,Medium
Tamil Nadu,Krishnagiri,Large,5323.82,98.0,84.61,1914.06,3.51,2834.37,27.753,High
Karnataka,Chitradurga,Large,4864.05,63.17,86.53,1339.73,2.64,2246.99,22.016,High
Tamil Nadu,Dharmapuri,Large,5709.29,98.0,79.87,1382.43,8.56,2750.17,26.831,High
Tamil Nadu,Krishnagiri,Small,1750.05,67.12,46.48,2061.69,12.17,2264.98,8.372,Medium
Tamil Nadu,Krishnagiri,Medium,3303.86,64.09,31.59,2113.62,4.22,1988.38,12.516,Medium
Rajasthan,Jodhpur,Large,4211.56,71.83,65.31,2602.41,5.79,2139.16,19.14,High
Karnataka,Hassan,Large,5429.86,75.75,54.9,1830.31,4.85,1877.73,21.341,High
Andhra Pradesh,Guntur,Medium,3195.31,47.74,77.07,2037.33,7.44,2087.65,9.154,Medium
Andhra Pradesh,Ongole,Medium,2783.65,75.17,62.6,1477.8,0.5,2130.1,13.329,Medium
Andhra Pradesh,Nellore,Medium,2268.94,72.84,29.91,1300.76,3.98,1966.12,6.517,Low
Rajasthan,Kishangarh,Medium,2758.1,67.82,48.59,1670.11,5.82,1939.36,12.223,Medium
Andhra Pradesh,Kurnool,Small,1644.61,69.49,36.37,2248.99,4.62,1449.86,9.598,Medium
Andhra Pradesh,Ongole,Medium,3203.02,57.38,35.13,1585.04,6.66,1628.82,8.982,Medium
Karnataka,Mysuru,Large,4910.14,79.67,79.77,1116.9,1.11,2186.18,25.901,High
Tamil Nadu,Salem,Medium,2944.5,90.02,60.98,983.02,7.98,2626.53,19.646,High
Andhra Pradesh,Guntur,Medium,2399.58,60.62,44.34,1788.8,3.12,1778.6,11.059,Medium
Tamil Nadu,Salem,Medium,3224.35,63.28,57.27,2035.69,3.29,2214.62,15.082,Medium
Telangana,Hyderabad,Large,4614.5,81.03,54.77,1722.51,4.93,1798.73,15.929,Medium
Karnataka,Ramanagara,Medium,2935.42,62.3,65.61,911.61,5.35,2636.48,17.748,High
Gujarat,Surat,Medium,1564.52,79.08,89.44,1814.02,5.96,1833.87,15.35,Medium
Gujarat,Ahmedabad,Medium,2083.18,78.33,55.31,1747.69,10.67,1729.72,9.038,Medium
Rajasthan,Jodhpur,Medium,2715.71,69.03,72.94,2412.42,7.77,1943.25,13.836,Medium
Andhra Pradesh,Kurnool,Medium,1908.21,66.87,35.02,2254.14,3.69,1926.78,6.947,Low
Andhra Pradesh,Kadapa,Medium,2858.63,53.8,46.32,1391.72,3.62,1620.5,9.167,Medium
Telangana,Khammam,Medium,2582.83,70.61,37.23,2145.6,5.6,1301.74,8.338,Medium
Tamil Nadu,Madurai,Medium,2803.99,78.3,62.23,992.86,1.62,2851.31,20.251,Low
Karnataka,Chitradurga,Small,1859.66,77.7,66.36,1736.94,8.14,2184.08,11.754,Medium
Tamil Nadu,Dharmapuri,Small,1611.22,75.97,66.1,726.87,11.06,2544.46,16.026,High
Karnataka,Bengaluru,Small,1049.05,67.64,44.35,1415.06,8.48,2518.58,10.238,Medium
Rajasthan,Udaipur,Large,5271.4,79.69,86.99,2328.56,6.79,2074.27,19.893,High
Telangana,Khammam,Small,1790.58,64.81,61.18,1556.43,4.91,1929.95,5.02,Low
Andhra Pradesh,Kadapa,Small,1507.47,73.8,64.02,2135.63,5.51,1694.41,9.904,Medium
Gujarat,Surat,Small,1183.14,77.84,45.45,1376.1,6.02,1457.19,5.868,Low
Telangana,Karimnagar,Medium,2568.41,71.34,48.28,2576.64,3.6,2045.1,14.493,Medium
Rajasthan,Kishangarh,Small,1165.85,65.28,53.52,2459.32,4.78,1972.49,12.254,Medium
Rajasthan,Udaipur,Medium,2647.07,67.03,74.15,1445.08,7.92,2130.17,13.075,Medium
Tamil Nadu,Dharmapuri,Small,1579.6,92.29,45.92,1996.46,9.22,2101.79,15.432,Medium
Tamil Nadu,Dharmapuri,Large,5282.34,98.0,48.24,1334.62,6.1,2218.23,22.895,High
Andhra Pradesh,Kurnool,Large,4583.31,89.56,68.22,2058.09,5.47,1867.99,20.351,High
Karnataka,Hassan,Large,5235.52,76.18,54.79,2232.08,5.95,2252.93,23.625,High
Gujarat,Vadodara,Medium,2200.51,55.7,77.85,2043.47,5.24,1827.6,8.571,Medium
Tamil Nadu,Madurai,Medium,2624.37,63.42,58.06,2364.85,4.84,2395.8,14.101,Medium
Karnataka,Ramanagara,Medium,3065.06,80.89,67.66,1415.5,5.22,2393.33,16.606,High
Rajasthan,Jaipur,Small,1766.13,70.39,69.83,1776.88,6.0,2422.56,15.124,Medium
Rajasthan,Makrana,Medium,2394.77,82.9,62.65,2072.74,3.78,1798.86,8.560712184279371,High
Karnataka,Chitradurga,Small,2179.08,61.73,32.9,684.14,12.91,2408.16,11.714,Medium
Rajasthan,Jodhpur,Medium,2438.18,89.23,59.41,2540.41,7.71,2085.07,15.948,Medium
Karnataka,Chitradurga,Small,2225.8,70.75,72.91,1168.31,7.88,2757.55,12.807,Medium
Tamil Nadu,Chennai,Medium,2948.24,81.03,59.86,1509.94,3.23,2691.53,22.176,High
Rajasthan,Jaipur,Medium,2605.9,82.32,61.36,2553.02,3.67,2376.42,16.714,High
Andhra Pradesh,Guntur,Medium,2592.43,82.78,49.7,1627.38,2.0,1916.53,13.563,Medium
Rajasthan,Jodhpur,Large,4389.69,77.98,67.39,2723.28,8.66,2027.68,15.541,Medium
Tamil Nadu,Madurai,Medium,3356.73,63.4,66.36,1442.5,5.55,2688.73,19.303,High
Rajasthan,Udaipur,Medium,3033.41,89.44,73.05,1598.05,6.01,2206.58,16.066,High
Tamil Nadu,Madurai,Medium,3231.79,90.73,84.34,1207.86,5.99,2786.8,26.137,High
Andhra Pradesh,Guntur,Small,1188.41,64.82,54.49,1168.53,8.03,1719.77,7.83,Low
Andhra Pradesh,Kurnool,Medium,2399.21,81.16,79.57,1325.28,1.72,2122.03,13.459,Medium
Telangana,Warangal,Large,4396.85,84.23,67.94,1476.16,6.26,1170.3,16.701,High
Karnataka,Bengaluru,Large,5005.75,86.61,75.59,2587.34,5.75,1918.3,21.49,High
Telangana,Nizamabad,Medium,2350.86,85.51,89.77,2158.6,4.6,2055.58,15.477,Medium
Karnataka,Ramanagara,Small,1590.33,67.69,56.0,1814.19,6.73,1864.93,14.34,Medium
Telangana,Warangal,Small,817.87,83.88,29.91,1419.1,10.02,1775.74,7.441,Low
Rajasthan,Makrana,Medium,2743.38,69.3,92.0,1505.58,9.66,2259.69,14.287,Medium
Karnataka,Bengaluru,Large,5431.05,52.9,74.27,1524.27,7.68,2208.73,19.325,High
Andhra Pradesh,Kadapa,Medium,2455.93,59.65,44.31,2474.02,2.41,1889.68,11.012,Medium
Telangana,Khammam,Large,4374.24,77.56,65.84,1932.5,5.79,1987.48,15.016,Medium
Andhra Pradesh,Guntur,Medium,2903.59,90.35,62.43,677.25,6.93,2185.82,15.712,Medium
Rajasthan,Kishangarh,Small,1776.1,85.66,40.04,2467.24,11.56,1520.18,8.239,Medium
Tamil Nadu,Chennai,Small,2397.27,72.7,39.02,1389.22,8.47,2347.98,9.544,Medium
Andhra Pradesh,Kurnool,Small,1768.81,55.32,64.18,1689.95,7.86,2053.24,7.449,Low
Karnataka,Hassan,Medium,3232.57,58.37,31.14,2468.55,7.32,2049.22,9.643,Medium
Andhra Pradesh,Kurnool,Small,1624.12,75.21,43.18,953.02,8.19,1815.38,10.718,Medium
Tamil Nadu,Krishnagiri,Medium,3213.89,69.83,49.49,2016.66,5.49,2405.42,14.332,Medium
Telangana,Hyderabad,Medium,2367.09,84.19,50.73,2594.44,12.24,2013.42,8.646,Medium
Telangana,Karimnagar,Small,1588.45,69.3,53.14,2021.56,6.64,1780.57,5.434,Low
Rajasthan,Jaipur,Small,1576.24,63.09,56.01,3043.99,6.11,1755.36,7.23,Low
Telangana,Warangal,Small,1023.56,70.87,20.0,1407.61,9.51,1547.22,1.544,Low
Tamil Nadu,Madurai,Medium,2881.31,78.9,59.06,1475.09,0.5,2385.76,18.707,High
Andhra Pradesh,Kurnool,Medium,2226.14,47.59,69.81,844.03,2.12,1926.86,12.674,Medium
Tamil Nadu,Salem,Small,2067.04,76.99,70.18,1401.34,4.78,2417.92,17.889,High
Telangana,Nizamabad,Large,4290.58,78.9,68.87,1671.35,3.4,2037.4,19.177,High
Karnataka,Mysuru,Medium,3097.62,77.0,27.21,2108.09,15.07,1855.78,6.448,Low
Tamil Nadu,Dharmapuri,Medium,3082.97,81.46,68.02,1124.78,2.27,2948.29,22.362,High
Karnataka,Bengaluru,Medium,2887.37,92.34,57.44,1711.75,6.5,2160.8,14.672,Medium
Tamil Nadu,Madurai,Large,5070.91,98.0,73.6,1159.09,4.22,2768.75,21.946,High
Tamil Nadu,Chennai,Medium,2761.65,74.46,62.36,895.35,6.19,2292.68,18.568,High
Tamil Nadu,Salem,Medium,3615.88,49.1,67.88,1808.73,10.39,2820.17,14.676,Medium
Telangana,Karimnagar,Small,968.04,83.05,36.49,2350.95,13.25,1463.51,5.279,Low
Telangana,Karimnagar,Medium,2304.96,92.11,45.52,2394.35,4.66,1876.25,9.747,Medium
Telangana,Karimnagar,Medium,2344.67,70.9,57.52,1597.46,2.53,2304.34,11.804,Medium
Rajasthan,Kishangarh,Medium,2685.13,54.0,53.66,2392.38,4.78,2039.03,12.061,Medium
Karnataka,Ramanagara,Large,5185.64,93.27,50.57,1532.69,7.1,2042.1,19.883,High
Karnataka,Chitradurga,Large,5069.33,81.36,51.28,1759.32,5.5,2199.48,19.028,High
Tamil Nadu,Chennai,Small,1066.97,57.53,44.12,1434.63,10.89,2324.6,9.52,Medium
Tamil Nadu,Salem,Small,1881.73,73.7,74.24,2100.99,4.86,2364.8,17.724,High
Andhra Pradesh,Ongole,Small,1837.95,79.03,27.5,1361.32,6.55,1614.41,9.952,Medium
Telangana,Hyderabad,Medium,2567.16,72.4,60.41,2121.35,4.35,2068.82,12.981,Medium
Tamil Nadu,Krishnagiri,Small,1812.04,67.39,46.1,2472.63,4.23,2078.04,10.086,Medium
Gujarat,Ahmedabad,Small,1466.12,88.35,57.24,1544.03,7.95,2032.48,7.259,Low
Tamil Nadu,Madurai,Small,1338.09,88.8,75.31,1566.51,2.29,2460.32,24.154,High
Karnataka,Mysuru,Small,1854.47,98.0,67.87,1251.01,6.6,2445.08,16.858,High
Tamil Nadu,Chennai,Small,1896.47,60.43,49.13,1361.27,6.4,2662.97,12.021,Medium
Gujarat,Ahmedabad,Small,1530.05,89.39,60.2,1955.93,7.07,1566.56,8.873,Medium
Gujarat,Bhavnagar,Medium,2350.11,78.9,51.7,2348.25,4.7,1813.43,6.781,Low
Rajasthan,Kishangarh,Small,1736.39,72.38,61.8,1995.76,8.96,2095.09,9.453,Medium
Tamil Nadu,Dharmapuri,Small,1992.03,89.52,53.24,855.21,4.98,2033.3,17.709,High
Andhra Pradesh,Ongole,Large,4687.45,79.88,83.45,2582.29,3.56,2283.63,16.746,High
Rajasthan,Jodhpur,Large,5140.96,76.41,61.72,2064.04,2.7,2202.64,18.984,High
Gujarat,Bhavnagar,Small,1674.51,64.7,40.2,1866.28,8.9,1728.98,1.564,Low
Karnataka,Mysuru,Small,1674.2,57.47,63.02,2128.81,5.33,2274.64,10.17,Medium
Rajasthan,Makrana,Medium,2984.94,63.53,67.8,1582.35,4.51,2517.53,15.254,Medium
Rajasthan,Udaipur,Small,1616.06,74.81,82.4,2149.41,1.78,2456.49,17.814,High
Rajasthan,Udaipur,Small,1539.58,70.41,53.11,1706.44,9.45,2108.67,11.679,Medium
Tamil Nadu,Dharmapuri,Small,1590.94,70.96,48.95,1841.59,8.03,2460.39,12.22,Medium
Tamil Nadu,Salem,Small,660.39,67.65,43.58,2305.4,7.93,2838.98,10.169,Medium
Karnataka,Mysuru,Medium,2560.43,89.01,57.17,1073.85,9.51,2367.02,14.02,Medium
Karnataka,Chitradurga,Large,5122.67,79.27,63.54,1474.64,2.69,2337.47,19.222,High
Tamil Nadu,Chennai,Medium,3119.32,58.21,37.54,2378.65,4.57,2236.91,12.901,Medium
Andhra Pradesh,Ongole,Medium,2824.25,74.04,43.53,752.72,8.02,1498.12,13.079,Medium
Rajasthan,Jodhpur,Medium,2355.56,77.92,64.54,1691.35,3.66,2197.73,16.799,High
Telangana,Khammam,Medium,2192.67,85.07,66.75,1352.89,6.27,1438.92,12.978,Medium
Karnataka,Ramanagara,Medium,2162.43,78.4,57.09,2309.42,4.75,2307.71,18.818,High
Telangana,Hyderabad,Small,1349.33,80.4,57.03,2522.55,4.2,1502.58,9.766,High
Rajasthan,Makrana,Medium,2593.65,76.33,35.74,2770.32,4.64,1907.89,9.198,Medium
Andhra Pradesh,Ongole,Large,4228.29,59.44,58.38,1507.41,7.94,1763.01,11.012,Medium
Rajasthan,Jaipur,Small,1885.86,74.18,34.23,2413.74,10.88,1907.33,6.415,Low
Rajasthan,Jaipur,Large,4536.76,74.99,47.89,2298.85,1.45,2417.62,16.557,High
Tamil Nadu,Chennai,Medium,3243.78,96.09,67.31,1582.68,,2708.86,21.928,High
Rajasthan,Kishangarh,Medium,2544.98,87.57,69.69,2324.99,5.18,2003.05,16.702,High
Telangana,Khammam,Small,1274.09,70.42,21.73,2212.34,6.1,995.64,1.5,Low
Andhra Pradesh,Guntur,Medium,2536.37,63.7,38.73,1392.18,7.91,1738.77,8.452,Medium
Karnataka,Hassan,Large,5079.26,76.19,66.0,2258.11,6.04,2334.72,20.142,High
Tamil Nadu,Salem,Medium,3752.08,65.09,51.52,1862.2,10.57,2205.44,17.741,High
Tamil Nadu,Chennai,Small,1110.76,98.0,43.64,1166.97,7.12,2451.83,15.271,Medium
Rajasthan,Udaipur,Small,1837.18,71.41,54.75,967.53,5.44,2081.59,12.04,Medium
Karnataka,Ramanagara,Medium,2578.13,77.93,85.7,1373.23,4.72,2627.04,23.293,High
Rajasthan,Makrana,Medium,3192.43,80.12,55.46,1649.36,6.31,2243.76,12.998,Medium
Andhra Pradesh,Nellore,Medium,2921.72,76.34,67.6,1443.86,7.83,1965.28,18.012,High
Gujarat,Rajkot,Large,3892.54,67.97,51.66,2167.67,5.94,1632.68,11.608,Medium
Tamil Nadu,Madurai,Medium,2521.14,88.08,61.39,925.45,6.04,2024.25,20.88,High
Andhra Pradesh,Kurnool,Medium,2612.39,70.77,72.46,1605.94,1.28,1816.41,14.33,Medium
Telangana,Karimnagar,Small,2224.41,93.28,43.07,1244.66,,1456.67,6.779,Low
Telangana,Khammam,Small,1182.64,78.47,42.89,2141.98,12.31,1768.42,2.532,Low
Tamil Nadu,Salem,Medium,3004.09,96.47,48.34,1549.41,4.51,2453.57,20.19,Medium
Karnataka,Ramanagara,Large,4820.03,81.81,77.0,2071.67,4.47,2216.15,25.445,High
Tamil Nadu,Krishnagiri,Medium,3353.68,74.04,72.96,1551.44,5.68,2701.54,17.342,High
Gujarat,Surat,Medium,2324.38,93.63,21.34,2032.6,12.1,1806.28,6.425,Low
Rajasthan,Jodhpur,Small,1658.48,75.51,43.18,2140.74,13.06,2157.59,5.389,Low
Andhra Pradesh,Ongole,Large,4266.81,92.26,76.93,2218.45,3.92,2291.49,22.59,High
Rajasthan,Kishangarh,Large,4455.45,83.1,87.68,2502.17,4.82,2165.33,22.269,High
Rajasthan,Jaipur,Medium,3518.45,67.41,55.4,2619.34,3.0,1997.71,11.073,Medium
Andhra Pradesh,Guntur,Small,1434.1,76.38,57.96,1816.01,9.53,1708.83,8.898,Medium
Telangana,Hyderabad,Medium,3422.0,82.79,63.68,2044.62,6.98,2150.85,13.999,Medium
Rajasthan,Jodhpur,Large,5202.32,88.9,59.21,1929.59,0.5,2256.29,24.496,High
Tamil Nadu,Dharmapuri,Medium,3467.45,52.2,36.41,849.11,6.33,2495.66,14.274,Medium
Telangana,Karimnagar,Medium,2143.89,82.38,40.96,1457.75,5.41,1214.44,4.172,Low
Tamil Nadu,Chennai,Small,1370.61,68.46,56.76,1217.39,7.91,2230.86,9.008,Medium
Tamil Nadu,Salem,Small,1556.49,56.17,50.03,1432.64,3.35,2296.87,13.213,Medium
Rajasthan,Jaipur,Small,1242.15,82.76,43.02,1571.42,7.88,1948.8,7.417,Low
Tamil Nadu,Dharmapuri,Large,5163.53,97.85,46.14,2231.49,4.08,2510.01,28.0,High
Karnataka,Ramanagara,Medium,3580.34,90.93,70.41,1726.64,5.42,2547.93,20.376,High
Andhra Pradesh,Guntur,Medium,2710.23,43.65,45.79,1013.7,3.85,1913.26,10.126,Medium
Tamil Nadu,Chennai,Small,2305.48,79.16,64.76,1759.28,9.06,2649.11,14.335,Medium
Tamil Nadu,Madurai,Large,5828.98,73.69,64.61,1451.73,3.59,2631.14,23.55,High
Rajasthan,Makrana,Large,4899.91,75.04,69.46,1880.31,3.11,2269.37,25.265,High
Gujarat,Surat,Small,777.77,71.61,78.35,2016.4,7.27,1981.25,7.912,Low
Andhra Pradesh,Ongole,Large,4489.19,57.84,38.68,1869.82,5.19,1661.17,12.687,Medium
Rajasthan,Makrana,Small,1447.47,55.35,36.36,2004.67,7.35,1991.21,8.176,Medium
Tamil Nadu,Madurai,Small,2178.73,76.85,71.52,1419.71,8.52,2276.83,13.902,Medium
Telangana,Warangal,Small,1134.23,75.45,62.99,1475.01,11.02,1523.25,7.451,Low
Tamil Nadu,Chennai,Large,6436.85,78.49,70.23,1578.57,2.63,2629.23,25.632,High
Telangana,Nizamabad,Large,3883.77,65.11,92.0,2043.02,0.5,2017.05,20.731,High
Tamil Nadu,Krishnagiri,Small,1740.23,71.2,62.51,1247.68,7.77,2707.02,14.049,Medium
Rajasthan,Udaipur,Medium,2451.6,88.69,50.6,1550.0,6.03,2327.23,12.97,Medium
Karnataka,Chitradurga,Medium,2851.0,71.88,39.78,2466.98,10.44,1859.9,12.916,Medium
Telangana,Karimnagar,Large,4088.27,74.21,82.51,2224.24,6.63,1941.63,16.438,High
Tamil Nadu,Krishnagiri,Small,1823.17,88.59,44.65,1984.07,9.74,2646.62,14.928,Medium
Telangana,Warangal,Medium,2141.28,71.28,55.62,1700.08,6.79,1864.01,11.195,Medium
Karnataka,Ramanagara,Medium,3051.52,86.21,80.84,2422.7,4.69,2335.61,22.548,High
Andhra Pradesh,Nellore,Small,1550.5,87.74,54.28,1802.93,4.11,1773.25,12.21,Medium
Gujarat,Vadodara,Small,879.78,63.65,56.13,1310.21,10.4,1747.44,6.691,Low
Tamil Nadu,Dharmapuri,Medium,2958.5,59.92,35.39,,5.86,2368.69,14.67,Medium
Andhra Pradesh,Guntur,Small,1464.64,57.79,71.95,1454.48,9.91,1954.87,8.386,Medium
Rajasthan,Kishangarh,Large,4958.4,68.81,40.72,2569.54,7.78,2317.5,18.188,High
Andhra Pradesh,Kadapa,Small,1998.99,84.41,74.75,2228.0,9.57,2181.76,14.015,Medium
Gujarat,Bhavnagar,Large,3865.39,70.65,43.31,1454.3,9.29,1850.56,9.228,Medium
Tamil Nadu,Krishnagiri,Small,1740.92,71.81,40.7,1378.99,7.38,2387.52,12.728,Medium
Andhra Pradesh,Ongole,Small,1227.4,74.66,73.22,2029.06,6.22,2015.68,11.108,Medium
Andhra Pradesh,Nellore,Small,1379.74,77.75,72.58,2095.89,8.94,2150.44,10.465,Medium
Tamil Nadu,Dharmapuri,Medium,3088.27,60.04,60.02,1233.8,6.26,2586.74,17.116,High
Karnataka,Chitradurga,Medium,3040.15,82.65,50.16,1480.51,2.58,2211.68,17.962,High
Gujarat,Ahmedabad,Small,1505.18,89.54,54.3,994.25,11.13,1619.82,5.528,Low
Tamil Nadu,Madurai,Small,1823.0,74.58,20.0,1604.53,7.88,2058.57,9.018,Medium
Rajasthan,Jodhpur,Medium,3144.8,47.03,71.54,2332.04,4.58,2512.4,13.037,Medium
Rajasthan,Makrana,Medium,3107.24,67.34,50.64,1701.67,9.51,2337.83,11.493,Medium
Andhra Pradesh,Kadapa,Medium,2374.98,78.6,53.86,1215.94,3.29,2173.87,12.249,Low
Andhra Pradesh,Guntur,Small,2012.31,82.44,52.32,2220.68,8.26,2313.11,9.196,Medium
Telangana,Warangal,Medium,2359.93,72.37,64.16,2451.59,3.08,1894.39,11.111,Medium
Tamil Nadu,Krishnagiri,Medium,3375.74,84.76,70.52,2173.81,5.95,2613.48,19.347,High
Tamil Nadu,Salem,Large,5199.52,72.51,81.56,2200.05,3.22,2523.56,22.312,High
Karnataka,Mysuru,Medium,2838.18,85.42,79.25,2123.73,4.81,2111.1,18.706,High
Andhra Pradesh,Guntur,Small,1762.4,77.84,51.5,1239.56,10.23,1602.03,4.842,Low
Gujarat,Vadodara,Small,830.97,66.46,64.39,939.57,5.91,1367.76,6.448,Low
Andhra Pradesh,Ongole,Medium,2144.71,82.37,78.22,1637.59,7.65,1997.61,17.08,High
Rajasthan,Jaipur,Medium,3019.71,72.28,37.39,2239.41,6.18,1942.2,11.613,Medium
Telangana,Khammam,Large,4331.01,91.02,64.9,2000.5,8.27,2113.87,16.008,High
Tamil Nadu,Madurai,Medium,3112.96,98.0,43.69,1429.11,3.52,2485.19,19.663,High
Tamil Nadu,Madurai,Medium,2706.04,64.9,58.01,967.66,6.08,2392.13,20.049,Medium
Gujarat,Bhavnagar,Medium,2214.19,83.63,71.27,1604.98,4.86,2148.52,15.646,Medium
Tamil Nadu,Madurai,Medium,3338.39,75.65,66.48,1297.86,5.3,2666.6,19.526,High
Andhra Pradesh,Ongole,Small,1414.74,96.18,64.29,2396.61,2.7,2119.59,12.844,Medium
Rajasthan,Kishangarh,Small,2011.35,85.27,43.7,3006.31,8.72,1812.75,1.0,Medium
Rajasthan,Jaipur,Medium,3104.9,93.33,53.45,1551.61,0.75,1987.1,19.925,High
Andhra Pradesh,Nellore,Small,1463.15,62.21,41.73,2067.75,5.77,1737.66,7.122,Low
Gujarat,Ahmedabad,Small,839.76,59.61,40.04,1456.0,4.52,1959.91,4.444,Low
Telangana,Nizamabad,Small,595.57,56.67,62.75,2068.75,3.71,1778.68,9.101,Medium
Tamil Nadu,Chennai,Small,1438.94,72.56,46.69,1945.7,5.07,1908.76,11.598,Medium
Rajasthan,Makrana,Small,1351.97,87.61,35.47,1238.41,5.79,1639.07,9.927,Medium
Andhra Pradesh,Kurnool,Medium,2042.29,96.82,67.33,2074.39,3.58,2102.08,16.376,High
Karnataka,Mysuru,Medium,2966.46,69.99,51.52,2324.95,2.46,2410.08,11.949,Medium
Rajasthan,Jodhpur,Medium,3023.65,70.48,62.04,1835.24,2.77,2570.71,17.364,High
Tamil Nadu,Chennai,Medium,3761.53,56.39,81.37,1047.52,5.96,2801.59,17.212,High
Rajasthan,Udaipur,Large,4805.41,78.3,58.13,2095.22,4.65,1945.41,19.049,High
Telangana,Warangal,Small,579.5,69.69,49.92,1989.88,5.71,1693.81,9.319,Medium
Rajasthan,Udaipur,Medium,2587.42,71.78,47.7,2899.4,2.05,2374.18,13.368,Medium
Rajasthan,Makrana,Small,1714.08,84.59,35.83,2136.27,10.56,1890.57,9.863,Medium
Gujarat,Surat,Medium,2267.99,79.58,50.35,1271.72,1.03,1639.93,10.705,Medium
Tamil Nadu,Salem,Large,5650.66,67.32,45.4,1933.53,4.18,2181.29,20.582,High
Gujarat,Ahmedabad,Medium,2179.39,46.71,65.06,1441.12,0.88,2242.9,10.408,Medium
Gujarat,Vadodara,Medium,2541.42,79.47,48.62,911.02,1.53,1667.4,11.367,Medium
Rajasthan,Jaipur,Medium,2694.75,76.7,65.47,2019.37,6.04,1930.49,11.793,Medium
Rajasthan,Udaipur,Medium,2693.82,76.55,57.84,1172.19,4.47,2173.88,16.577,High
Rajasthan,Jodhpur,Small,1646.68,73.17,51.01,2698.86,11.39,2102.95,7.643,Low
Gujarat,Surat,Medium,1971.37,58.65,79.82,1784.28,3.04,1654.98,13.45,Medium
Karnataka,Mysuru,Medium,2898.8,66.31,80.97,2190.64,2.2,2682.34,14.634,Medium
Andhra Pradesh,Guntur,Small,1640.01,64.41,24.38,1322.41,5.92,1623.72,7.269,Low
Andhra Pradesh,Ongole,Small,932.08,73.93,42.11,1725.16,9.06,2150.77,7.42,Low
Rajasthan,Udaipur,Large,5123.65,91.3,42.9,1687.04,10.17,1885.65,16.766,High
Telangana,Khammam,Small,1886.97,70.73,40.5,1157.14,,1735.4,10.906,Medium
Andhra Pradesh,Nellore,Small,1374.01,64.43,51.77,2001.59,5.27,2023.9,9.819,Medium
Karnataka,Ramanagara,Medium,3495.83,90.63,72.29,1516.55,5.33,2439.04,18.723,High
Tamil Nadu,Krishnagiri,Small,1907.69,62.41,67.43,2359.11,11.27,2329.12,9.478,Medium
Karnataka,Ramanagara,Medium,2613.59,84.99,54.9,2518.46,3.74,2141.19,17.605,High
Rajasthan,Kishangarh,Medium,3086.14,96.7,49.47,1475.59,7.33,2146.47,18.61,High
Andhra Pradesh,Guntur,Medium,2371.61,92.84,69.22,2029.99,5.47,1951.4,14.316,Medium
Telangana,Nizamabad,Small,1433.72,79.72,55.51,1273.45,7.24,2039.47,11.47,Medium
Rajasthan,Jodhpur,Medium,2735.81,67.41,57.67,2361.31,5.92,2180.1,16.149,Medium
Telangana,Khammam,Large,3855.47,92.22,91.8,1598.05,1.79,2312.64,23.125,High
Andhra Pradesh,Guntur,Small,2247.17,76.31,39.99,2288.86,10.12,1580.88,7.587,Low
Telangana,Khammam,Small,1127.24,88.75,81.67,2666.05,8.18,2149.16,14.185,Medium
Telangana,Khammam,Large,4833.28,87.56,92.0,2000.01,5.25,2258.47,20.582,High
Rajasthan,Jodhpur,Small,1773.39,82.92,55.84,1719.17,5.35,2125.02,14.604,Medium
Tamil Nadu,Dharmapuri,Small,1383.64,77.39,50.07,1789.01,2.47,2476.47,14.465,Medium
Karnataka,Chitradurga,Small,1292.41,65.3,42.86,1697.8,8.36,2157.49,8.941,Medium
Andhra Pradesh,Kurnool,Small,1494.58,78.64,54.0,1656.7,1.92,1857.66,12.03,Medium
Tamil Nadu,Krishnagiri,Small,1531.35,79.67,54.89,1707.61,5.94,1896.17,11.764,Medium
Tamil Nadu,Salem,Medium,2911.97,75.79,47.08,1447.47,5.7,1738.99,17.338,High
Rajasthan,Kishangarh,Medium,3059.27,77.04,48.2,1314.82,0.73,1948.56,17.686,High
Andhra Pradesh,Nellore,Small,1734.75,83.26,56.45,1682.45,7.69,1816.37,8.647,Medium
Telangana,Nizamabad,Large,4518.93,83.21,61.15,1664.44,2.82,2301.89,15.396,Medium
Tamil Nadu,Dharmapuri,Medium,3585.08,63.35,32.23,1501.07,4.95,2244.52,13.072,Medium
Tamil Nadu,Krishnagiri,Large,5314.33,49.42,72.43,1930.04,1.04,2804.91,21.921,High
Karnataka,Chitradurga,Large,5288.36,92.91,56.88,1513.28,4.31,2174.56,21.556,High
Rajasthan,Udaipur,Medium,3371.24,73.84,49.37,1785.37,8.88,1902.66,14.194,Medium
Tamil Nadu,Krishnagiri,Large,5880.77,88.9,76.28,1106.05,5.17,2440.13,23.097,High
Telangana,Hyderabad,Medium,2023.15,79.08,52.95,2469.63,,1614.51,7.65,Low
Rajasthan,Kishangarh,Large,5667.05,86.54,80.33,1492.15,3.78,2196.82,24.721,High
Rajasthan,Makrana,Small,1278.19,81.69,50.61,1833.07,12.15,2199.1,8.985,Medium
Rajasthan,Udaipur,Small,1146.4,85.67,39.55,2508.75,10.56,1925.4,7.519,Low
Tamil Nadu,Salem,Medium,3850.13,82.36,69.75,2129.22,9.98,2290.55,19.553,High
Rajasthan,Kishangarh,Medium,3020.22,39.59,71.58,2236.96,9.7,2225.65,10.929,Medium
Rajasthan,Jodhpur,Large,5010.89,87.38,92.0,1864.04,6.09,2512.53,25.095,High
Andhra Pradesh,Kadapa,Large,4545.07,82.38,41.65,1030.15,2.76,1793.17,19.144,High
Gujarat,Vadodara,Small,1176.77,71.33,45.71,1999.36,6.87,1826.48,5.474,Low
Andhra Pradesh,Guntur,Large,4557.36,84.75,80.09,1315.65,0.57,2254.31,22.703,High
Telangana,Nizamabad,Small,930.09,78.49,51.97,2057.08,10.54,1959.5,8.192,Medium
Karnataka,Hassan,Small,1653.79,59.53,71.57,1340.45,12.56,2570.54,14.404,Medium
Tamil Nadu,Salem,Medium,3316.85,86.49,48.42,1326.61,7.16,2071.76,18.623,High
Telangana,Hyderabad,Small,791.13,79.45,51.7,1640.66,5.96,1428.36,11.129,Medium
Andhra Pradesh,Guntur,Medium,2729.07,78.6,66.69,2300.19,7.57,1818.35,15.38,Medium
Andhra Pradesh,Kurnool,Medium,1945.36,52.8,44.17,1279.68,9.31,1730.45,3.941,Low
Rajasthan,Makrana,Small,2237.65,98.0,47.94,1588.46,8.01,2088.78,15.738,Medium
Karnataka,Mysuru,Medium,2947.16,49.86,70.08,1165.08,6.61,2346.07,13.183,Medium
Andhra Pradesh,Kadapa,Medium,2131.02,80.21,61.57,1654.47,3.31,2539.19,17.287,High
Rajasthan,Jaipur,Small,1743.08,85.46,68.96,1964.59,7.08,1722.21,15.978,Medium
Andhra Pradesh,Kurnool,Small,1334.72,91.89,61.58,1241.33,9.25,1961.95,13.33,Medium
Telangana,Nizamabad,Large,4143.65,68.28,53.63,1688.21,3.93,2148.82,11.775,Medium
Karnataka,Mysuru,Large,5304.87,69.4,89.8,1348.28,3.95,2353.52,23.985,High
Telangana,Khammam,Small,1064.43,87.35,39.84,2053.24,10.61,1589.27,8.123,Medium
Rajasthan,Jodhpur,Small,2066.91,78.33,78.48,1575.35,8.78,2486.42,15.552,Medium
Tamil Nadu,Salem,Large,6246.83,92.85,74.25,1645.45,5.01,2184.33,25.851,High
Telangana,Nizamabad,Medium,2257.26,86.68,48.84,1727.09,5.38,1842.97,10.612,Medium
Rajasthan,Udaipur,Small,1122.65,71.8,44.01,2706.74,8.6,2298.0,8.96,Medium
Telangana,Hyderabad,Medium,2096.14,71.14,66.39,1648.75,6.6,1415.12,9.087,Medium
Gujarat,Surat,Medium,2036.89,74.77,51.16,1244.17,5.7,1537.88,10.385,Medium
Telangana,Khammam,Medium,2847.36,57.61,66.64,2840.8,4.73,2200.22,9.329,Medium
Rajasthan,Kishangarh,Small,1425.39,79.4,57.71,2779.26,8.11,2206.34,8.008,Medium
Tamil Nadu,Chennai,Medium,2819.09,82.28,53.1,650.35,4.39,2421.15,16.463,High
Rajasthan,Jodhpur,Small,1689.21,63.4,56.16,2389.89,4.61,2288.7,10.83,Medium
Telangana,Hyderabad,Large,3699.33,70.81,64.31,2368.59,4.24,1614.15,12.928,Medium
Telangana,Hyderabad,Medium,2749.82,51.19,56.47,1628.06,0.5,1882.41,11.871,Medium
Telangana,Nizamabad,Medium,2786.57,86.85,64.29,1141.77,7.32,1801.12,13.882,Medium
Telangana,Nizamabad,Medium,2395.26,78.43,53.7,2180.87,10.25,1822.34,11.761,Medium
Telangana,Khammam,Medium,2208.9,54.94,66.61,1233.23,3.9,1932.26,14.198,Medium
Telangana,Karimnagar,Large,4353.67,72.8,73.62,2104.37,,1501.86,15.358,Medium
Telangana,Warangal,Small,874.06,69.96,67.44,1675.11,8.35,1954.28,9.373,Medium
Rajasthan,Jaipur,Large,4508.95,86.09,82.54,2074.98,2.54,2273.37,20.82,High
Gujarat,Surat,Small,1245.23,86.95,52.84,1831.51,5.1,1709.12,8.409,Medium
Andhra Pradesh,Kurnool,Small,982.46,62.3,28.87,2068.81,8.77,1722.07,3.125,Low
Telangana,Hyderabad,Medium,2125.43,70.88,56.09,2507.7,3.86,1829.89,10.417,Medium
Tamil Nadu,Krishnagiri,Medium,2860.16,76.6,71.79,1873.92,9.88,2312.83,16.702,High
Andhra Pradesh,Ongole,Large,5172.45,71.46,58.57,,3.68,2526.6,18.716,High
Andhra Pradesh,Kadapa,Medium,2644.21,71.93,48.94,1414.29,1.66,2356.38,13.872,Medium
Telangana,Karimnagar,Medium,2135.55,76.83,78.39,1797.96,6.27,1928.83,13.474,Medium
Telangana,Hyderabad,Large,4407.68,67.0,55.08,2315.75,1.43,2167.1,16.869,High
Gujarat,Rajkot,Small,865.63,71.28,46.89,1531.01,1.86,1934.66,8.88,Medium
Karnataka,Ramanagara,Large,4839.32,84.62,59.11,,4.36,2367.84,20.077,High
Andhra Pradesh,Guntur,Medium,3062.14,67.7,59.05,1244.11,6.46,1936.11,10.21,Medium
Rajasthan,Makrana,Small,1592.38,78.11,44.34,2129.86,11.03,2190.08,7.161,Low
Rajasthan,Makrana,Small,1909.84,82.52,50.21,,7.28,2268.05,12.176,Medium
Telangana,Warangal,Medium,2197.01,81.61,57.44,2793.42,10.32,1987.44,12.015,Medium
Gujarat,Bhavnagar,Small,1214.44,69.1,39.69,1698.87,7.58,1177.51,4.338,Low
Rajasthan,Kishangarh,Small,1684.5,70.79,34.09,1870.83,13.11,1955.74,8.203,Medium
Gujarat,Rajkot,Small,1164.6,75.3,50.65,1761.49,9.18,2058.26,4.436,Low
Gujarat,Surat,Small,776.99,73.37,43.82,865.18,10.61,1761.23,4.212,Low
Tamil Nadu,Dharmapuri,Medium,3497.08,80.37,70.07,1889.56,6.3,2247.49,19.635,High
Telangana,Warangal,Large,4239.71,87.42,73.59,1266.43,7.88,1552.83,17.203,High
Andhra Pradesh,Guntur,Small,1473.32,62.15,52.89,2041.86,6.48,1888.01,9.001,Medium
Tamil Nadu,Madurai,Medium,3471.53,89.48,65.51,1250.06,9.75,2006.81,17.678,High
Gujarat,Rajkot,Small,1439.63,73.76,62.97,1722.8,4.05,1810.44,10.264,Medium
Telangana,Khammam,Medium,2819.69,83.25,43.82,1683.68,11.58,1697.77,5.859,Low
Tamil Nadu,Dharmapuri,Large,5102.29,86.6,55.98,1499.66,2.73,2409.35,24.423,High
Karnataka,Ramanagara,Medium,2755.4,77.39,44.76,1318.59,4.98,2383.31,20.002,High
Tamil Nadu,Krishnagiri,Large,5739.6,85.91,77.8,1139.35,1.06,2659.27,28.0,High
Gujarat,Bhavnagar,Medium,2919.46,84.92,82.24,1924.08,5.89,1687.04,15.792,Medium
Telangana,Nizamabad,Medium,2143.77,73.95,59.86,2681.71,5.36,2051.13,9.074,Medium
Karnataka,Hassan,Medium,2776.08,84.24,70.14,1617.59,7.18,2337.3,19.737,High
Tamil Nadu,Madurai,Large,5385.12,83.21,80.35,1209.35,6.28,2455.63,22.984,High
Rajasthan,Udaipur,Large,4448.38,97.46,56.61,1663.47,9.03,1786.74,20.187,High
Tamil Nadu,Madurai,Medium,2996.1,64.0,57.54,1014.83,4.58,2366.86,19.082,High
Rajasthan,Makrana,Large,4418.94,74.74,79.36,1715.07,,2043.91,17.885,High
Gujarat,Vadodara,Small,1353.43,64.04,29.22,1232.11,13.02,1664.89,1.5,Low
Karnataka,Ramanagara,Large,4845.33,95.11,76.0,859.97,8.47,2008.66,21.04,High
Rajasthan,Jaipur,Small,1408.73,66.72,58.73,1603.43,5.22,2345.18,8.383,Medium
Tamil Nadu,Salem,Small,1690.92,74.36,62.31,1037.91,4.01,2677.79,19.727,High
Telangana,Khammam,Small,1345.43,68.99,54.72,2179.39,8.35,1742.93,7.836,Low
Tamil Nadu,Chennai,Large,6080.35,88.71,76.74,1898.9,5.33,2686.16,23.76,High
Tamil Nadu,Madurai,Large,5417.26,80.35,78.88,984.85,8.19,2758.6,23.751,High
Karnataka,Hassan,Large,5601.48,88.08,46.23,1020.29,1.73,2149.39,18.78,High
Andhra Pradesh,Ongole,Large,4828.57,68.62,30.98,2262.15,7.4,1834.21,9.884,Medium
Rajasthan,Kishangarh,Medium,3172.02,68.79,65.39,1540.39,1.52,2493.5,19.929,High
Andhra Pradesh,Kurnool,Large,4286.17,88.88,62.09,1442.61,4.41,1776.04,14.643,Medium
Tamil Nadu,Dharmapuri,Large,5050.18,91.5,75.38,1222.78,7.48,2730.25,22.272,High
Tamil Nadu,Chennai,Medium,3166.23,78.78,63.7,1311.99,12.04,2554.12,17.125,High
Andhra Pradesh,Kadapa,Small,1644.45,98.0,68.88,1198.7,7.74,2188.8,15.788,Medium
Telangana,Nizamabad,Medium,2124.0,75.88,67.4,2051.62,8.48,2002.99,9.193,Medium
Telangana,Hyderabad,Large,3674.39,82.42,75.79,1557.86,2.29,2359.92,17.174,High
Telangana,Karimnagar,Large,4275.83,78.06,71.44,2039.81,0.5,2136.36,17.351,Low
Telangana,Khammam,Large,4205.26,98.0,76.56,1919.45,7.2,1818.53,17.713,High
Telangana,Nizamabad,Large,3959.33,87.33,56.37,1475.67,7.28,1747.71,9.935,Medium
Tamil Nadu,Krishnagiri,Large,5119.13,73.72,73.22,1084.61,4.05,2405.45,23.196,High
Andhra Pradesh,Nellore,Medium,2184.22,64.44,26.61,1608.48,5.93,1615.79,4.842,Low
Telangana,Nizamabad,Medium,2541.69,69.34,50.02,2443.98,6.45,1940.0,7.634,Low
Karnataka,Ramanagara,Small,1574.94,78.98,63.99,1765.1,2.77,2405.82,16.429,High
Rajasthan,Kishangarh,Medium,2761.8,53.25,47.34,2080.06,2.53,2247.82,10.756,Medium
Andhra Pradesh,Guntur,Medium,2326.56,69.16,40.42,1256.48,5.05,1374.08,9.316,Medium
Karnataka,Hassan,Large,5491.22,80.84,79.72,1907.63,6.2,2393.53,21.907,High
Rajasthan,Kishangarh,Medium,2764.88,76.45,45.41,1786.36,7.41,2062.61,10.542,Medium
Andhra Pradesh,Ongole,Small,643.21,68.36,71.71,2112.14,8.59,2028.55,8.742,Medium
Rajasthan,Jodhpur,Small,1820.45,85.07,50.55,2154.11,6.95,1676.25,12.799,High
Tamil Nadu,Dharmapuri,Medium,3034.65,85.27,81.48,903.21,8.65,2444.97,22.059,High
Andhra Pradesh,Kadapa,Medium,2690.24,67.49,78.61,1661.04,2.04,1888.27,14.189,Medium
Telangana,Karimnagar,Small,1643.79,67.82,65.15,2385.04,6.31,1712.79,6.344,Low
Andhra Pradesh,Nellore,Small,1622.05,84.24,41.03,2126.94,5.17,1756.67,9.46,Medium
Telangana,Karimnagar,Medium,2849.85,71.75,36.03,2131.39,8.01,1673.6,11.336,Medium
Gujarat,Ahmedabad,Small,1290.46,77.65,66.91,1945.2,6.1,1692.15,9.394,Medium
Andhra Pradesh,Kadapa,Small,1281.98,83.35,55.02,1483.1,8.71,1820.21,9.816,Medium
Tamil Nadu,Salem,Small,1292.22,56.64,51.78,2453.84,8.82,2303.18,8.622,Medium
Rajasthan,Udaipur,Medium,2537.67,66.4,71.5,1826.49,5.08,1925.53,13.677,Medium
Karnataka,Hassan,Medium,2938.81,68.77,43.61,1406.51,4.46,1967.98,10.151,Medium
Rajasthan,Udaipur,Small,2034.77,95.65,52.61,1629.64,7.82,2227.4,14.348,Medium
Gujarat,Bhavnagar,Large,3786.04,64.92,61.81,2194.64,5.54,1991.89,10.451,Medium
Rajasthan,Jodhpur,Small,2220.2,72.38,62.82,1271.36,8.5,2110.68,12.413,Medium
Karnataka,Chitradurga,Small,1426.3,65.2,59.12,2497.02,2.86,2484.74,13.034,Medium
Tamil Nadu,Dharmapuri,Small,1550.27,98.0,63.94,976.94,7.74,2361.91,20.658,High
Andhra Pradesh,Guntur,Small,1716.44,77.73,44.94,2207.35,8.97,1689.94,5.067,Low
Tamil Nadu,Chennai,Small,1434.17,64.93,45.71,1114.89,7.15,2184.7,10.189,Medium
Gujarat,Rajkot,Small,1485.39,51.26,51.91,1879.61,11.58,2120.21,4.652,Low
Telangana,Hyderabad,Medium,1974.75,83.91,52.32,1056.99,4.04,1560.27,10.775,Medium
Gujarat,Bhavnagar,Medium,1789.09,80.43,53.2,1265.65,0.97,1975.88,11.673,Medium
Tamil Nadu,Chennai,Medium,3337.73,85.3,43.41,1564.34,9.13,2050.52,13.543,Medium
Telangana,Warangal,Medium,2264.3,60.17,64.08,1286.83,8.45,2313.16,12.619,Medium
Tamil Nadu,Chennai,Small,1431.64,98.0,76.03,1161.75,9.3,2719.35,19.397,High
Tamil Nadu,Salem,Large,5577.98,86.26,75.71,992.89,0.5,2741.3,25.727,High
Andhra Pradesh,Kurnool,Small,1297.87,77.41,62.48,1640.01,6.27,2282.24,13.382,Medium
Tamil Nadu,Dharmapuri,Medium,3076.97,83.59,63.91,1247.29,3.89,2667.45,23.256,High
Tamil Nadu,Krishnagiri,Small,1176.84,73.51,35.98,2473.71,12.58,2426.72,6.01,Low
Rajasthan,Udaipur,Large,5389.16,91.6,74.29,2766.77,4.49,2461.68,24.309,High
Telangana,Hyderabad,Medium,3111.92,67.0,36.38,1575.15,7.94,1626.37,8.145,Medium
Rajasthan,Kishangarh,Small,1583.4,84.58,55.15,1673.78,8.92,2080.37,9.436,Medium
Tamil Nadu,Chennai,Medium,3122.43,89.59,68.65,2105.8,7.12,2493.94,18.998,High
Tamil Nadu,Salem,Small,1801.29,78.69,62.19,1305.44,10.04,2209.97,14.478,Medium
Telangana,Nizamabad,Medium,2540.79,92.36,66.67,1823.52,5.43,1785.3,10.882,Medium
Andhra Pradesh,Kadapa,Medium,3127.18,64.54,37.9,2164.12,5.03,1669.8,12.953,Medium
Tamil Nadu,Chennai,Small,1655.91,82.21,33.25,1271.51,11.94,2430.88,10.181,Medium
Gujarat,Surat,Small,1408.9,77.63,65.89,2031.42,6.44,1511.36,8.685,Medium
Gujarat,Surat,Small,1331.18,80.1,58.07,1422.6,9.34,1865.15,7.47,Low
Rajasthan,Jaipur,Medium,3188.3,80.21,62.68,2388.23,5.96,2208.06,15.133,Medium
Telangana,Nizamabad,Small,961.4,88.82,47.36,1953.98,7.7,1422.89,6.528,Low
Rajasthan,Udaipur,Medium,2543.79,62.39,36.67,1272.94,2.33,2286.88,13.309,Medium
Tamil Nadu,Chennai,Large,5462.15,65.81,57.26,1902.73,5.43,2532.27,17.952,High
Rajasthan,Kishangarh,Small,1298.19,72.35,30.34,2072.45,10.26,1811.85,6.72,Low
Rajasthan,Jaipur,Large,5635.71,48.49,70.64,1382.04,3.56,2352.88,15.984,Medium
Telangana,Warangal,Medium,2342.22,75.44,20.0,2502.3,8.74,1357.81,6.338,Low
Tamil Nadu,Salem,Small,1864.05,89.47,44.98,1729.83,11.91,2674.65,12.263,Medium
Karnataka,Hassan,Medium,3008.86,60.32,90.21,1604.31,4.87,2383.55,17.621,High
Rajasthan,Udaipur,Medium,2857.71,64.88,57.21,1677.24,7.96,2094.57,13.869,Medium
Tamil Nadu,Krishnagiri,Medium,2827.81,60.16,46.76,1464.2,6.45,2366.84,16.468,High
Rajasthan,Udaipur,Small,2305.57,86.64,77.4,1200.4,5.63,2337.25,20.648,High
Andhra Pradesh,Kurnool,Small,1222.56,74.46,51.31,2114.67,5.95,1943.6,10.338,Medium
Tamil Nadu,Krishnagiri,Medium,3460.66,77.12,86.74,2268.01,3.69,2787.11,19.003,Low
Karnataka,Hassan,Medium,2997.18,66.73,50.41,,2.85,2260.98,17.659,High
Rajasthan,Udaipur,Medium,2630.41,75.36,71.64,2139.41,3.14,2441.29,15.425,Medium
Tamil Nadu,Dharmapuri,Small,1857.1,92.15,78.24,1984.6,10.22,2658.2,15.321,Medium
Rajasthan,Jodhpur,Large,5021.44,91.96,73.5,1946.94,3.96,2517.68,22.463,High
Andhra Pradesh,Kurnool,Large,4574.24,74.23,59.62,1646.55,6.25,2030.96,16.998,High
Karnataka,Hassan,Small,1195.31,67.9,57.6,1216.22,9.71,2240.22,15.386,Medium
Karnataka,Chitradurga,Small,1599.7,68.51,43.31,2311.07,10.35,2276.22,8.228,Medium
Karnataka,Mysuru,Large,5249.21,85.15,78.38,2644.86,6.43,2069.21,26.355,High
Tamil Nadu,Dharmapuri,Large,5353.29,62.89,56.91,844.46,2.11,2269.1,23.046,High
Rajasthan,Jodhpur,Medium,2488.19,78.13,36.95,2882.81,7.32,1578.84,9.379,Medium
Gujarat,Ahmedabad,Large,4147.35,73.95,59.4,1299.13,1.22,1954.13,17.585,High
Rajasthan,Kishangarh,Medium,2257.97,68.87,50.28,2819.24,9.74,2468.92,9.02,Medium
Rajasthan,Udaipur,Small,1649.75,65.64,20.0,2979.64,11.4,2087.78,3.248,Low
Andhra Pradesh,Guntur,Medium,2656.19,88.51,56.49,2217.0,8.72,1839.13,10.864,Medium
Rajasthan,Jodhpur,Medium,3236.7,69.45,35.3,2556.81,5.92,1979.31,12.297,Medium
Andhra Pradesh,Guntur,Large,4531.11,68.37,63.3,1068.98,3.61,1946.81,19.459,High
Karnataka,Hassan,Small,1690.81,63.51,34.23,1459.96,9.43,2304.94,8.739,Medium
Tamil Nadu,Dharmapuri,Medium,3139.23,61.44,62.46,1123.48,0.5,2623.85,18.366,High
Rajasthan,Makrana,Medium,2753.51,89.7,58.65,1770.43,3.42,2219.64,17.229,High
Tamil Nadu,Dharmapuri,Small,1753.75,57.74,24.63,1689.62,5.17,2080.73,5.602,Low
Andhra Pradesh,Kadapa,Small,1416.22,66.9,68.85,2257.37,5.17,2035.75,9.168,Medium
Rajasthan,Kishangarh,Large,5118.19,73.14,73.3,1758.21,8.07,1920.16,19.101,High
Rajasthan,Udaipur,Medium,2627.62,97.43,45.49,2077.81,4.94,1871.98,19.696,High
Rajasthan,Jodhpur,Medium,2864.47,82.72,46.29,1807.09,2.78,2401.65,14.016,Medium
Tamil Nadu,Dharmapuri,Large,4682.55,77.42,61.84,2152.07,6.01,1992.14,20.43,High
Gujarat,Bhavnagar,Small,1548.77,72.19,25.98,1654.21,5.53,1192.87,1.5,Low
Rajasthan,Jodhpur,Large,4865.06,67.89,79.84,2544.21,2.81,2632.17,21.474,High
Andhra Pradesh,Nellore,Medium,3375.44,83.16,71.12,2614.46,6.55,2236.7,15.124,Medium
Andhra Pradesh,Kurnool,Medium,2765.19,69.08,54.42,1896.15,9.06,2114.42,12.653,Medium
Andhra Pradesh,Ongole,Medium,2294.97,78.94,58.06,1478.73,5.47,1898.54,13.267,Medium
Karnataka,Mysuru,Large,4751.79,66.96,53.55,2173.65,0.5,2399.3,19.591,High
Karnataka,Bengaluru,Small,1938.55,56.65,56.23,2209.75,8.17,2370.73,10.595,Medium
Rajasthan,Udaipur,Small,2045.31,54.84,58.93,2719.15,12.27,2018.84,6.488,Low
Gujarat,Bhavnagar,Small,1869.44,53.94,63.73,1851.84,,1695.37,4.771,Low
Tamil Nadu,Madurai,Small,1303.32,70.86,53.38,,6.61,2108.54,12.829,Medium
Telangana,Hyderabad,Medium,2647.55,98.0,43.23,1554.9,5.4,1495.83,10.746,Medium
Rajasthan,Makrana,Large,5412.95,71.91,58.14,2165.14,4.87,2174.59,19.748,High
Telangana,Warangal,Large,3877.89,72.72,70.04,2426.04,6.53,1849.97,17.18,High
Tamil Nadu,Madurai,Small,2023.93,70.85,43.13,1324.22,3.46,2360.81,12.133,Medium
Tamil Nadu,Salem,Medium,2909.89,66.62,74.83,1710.89,5.4,2775.96,19.009,High
Rajasthan,Makrana,Medium,2866.26,53.9,64.27,2054.65,7.52,1977.43,14.377,Medium
Rajasthan,Udaipur,Small,1646.14,65.85,28.64,1540.7,8.69,1821.22,7.01,Low
Rajasthan,Kishangarh,Large,5337.14,78.2,64.29,2129.75,4.63,2146.99,23.013,High
Tamil Nadu,Madurai,Large,6031.47,98.0,68.89,1581.55,9.76,2442.25,25.938,High
Rajasthan,Makrana,Large,4801.9,77.36,85.47,2687.43,6.01,2229.04,18.625,High
Gujarat,Vadodara,Small,1071.01,78.82,52.39,1714.19,10.23,1422.86,4.414,Low
Tamil Nadu,Salem,Medium,2804.34,58.9,67.53,1687.42,7.02,2555.2,17.44,High
Rajasthan,Kishangarh,Small,1687.36,76.35,47.36,2005.49,8.24,2016.98,6.959,Low
Rajasthan,Udaipur,Small,2020.56,66.86,65.98,1572.39,5.7,2234.68,11.534,High
Rajasthan,Makrana,Medium,3222.34,64.07,79.47,2619.95,0.5,2441.28,18.125,High
Gujarat,Surat,Large,3740.38,65.33,57.01,2311.47,4.44,2089.69,11.164,Medium
Andhra Pradesh,Guntur,Large,4815.66,75.78,64.17,2111.26,3.61,2352.94,15.665,Medium
Rajasthan,Jodhpur,Large,4636.38,68.84,60.08,1984.81,7.56,1886.89,16.668,High
Rajasthan,Jaipur,Large,4839.44,81.38,84.18,2352.48,6.66,2739.05,24.1,High
Telangana,Hyderabad,Small,1420.24,59.41,45.41,1666.27,4.35,1633.16,4.604,Low
Tamil Nadu,Chennai,Medium,3372.1,78.86,31.21,1351.48,5.29,2107.9,14.11,Medium
Rajasthan,Kishangarh,Small,1577.51,71.07,58.0,,6.05,1990.78,9.977,Medium
Gujarat,Bhavnagar,Small,1606.13,60.94,38.17,2129.41,5.25,1471.45,7.002,Low
Rajasthan,Jaipur,Medium,2562.37,63.8,54.26,1785.06,5.8,1940.84,10.864,Medium
Rajasthan,Udaipur,Medium,2851.42,61.11,55.4,2331.41,7.01,2175.61,9.999,Medium
Telangana,Nizamabad,Medium,2108.11,70.88,27.16,1914.41,4.22,1730.66,8.26,Medium
Gujarat,Ahmedabad,Small,796.62,68.92,34.03,881.97,12.29,1508.13,5.347,Low
Gujarat,Vadodara,Small,1192.8,86.45,59.75,2165.71,7.15,1580.56,6.567,Low
Andhra Pradesh,Ongole,Small,1302.11,49.63,49.48,1269.31,,1877.68,9.397,Medium
Telangana,Hyderabad,Small,1204.83,90.57,63.86,2419.34,,1821.62,7.011,Low
Rajasthan,Udaipur,Small,1741.05,70.82,73.14,2781.29,8.56,1847.42,8.472,Medium
Karnataka,Bengaluru,Medium,2863.04,88.5,31.54,,6.86,2180.06,12.549,Medium
Tamil Nadu,Krishnagiri,Large,5807.92,77.61,69.05,2299.22,6.64,2422.87,21.646,Low
Andhra Pradesh,Kadapa,Medium,2540.9,88.41,60.54,1131.68,5.13,2133.89,14.99,Medium
Rajasthan,Jodhpur,Medium,2790.47,73.44,81.85,1708.17,6.4,2014.08,15.205,Medium
Rajasthan,Jodhpur,Small,1235.91,71.48,41.46,2178.87,4.75,2014.46,5.648,Low
Andhra Pradesh,Guntur,Large,4450.05,73.54,72.91,1873.53,7.98,2172.36,16.727,High
Tamil Nadu,Chennai,Small,1790.62,71.7,78.93,2162.16,8.24,2731.4,14.965,Medium
Rajasthan,Jodhpur,Large,4959.19,69.4,75.24,2405.16,6.31,2156.63,18.761,High
Karnataka,Mysuru,Large,5241.99,83.26,64.03,1486.47,7.45,1949.35,18.572,High
Andhra Pradesh,Guntur,Large,4677.15,80.12,52.42,2171.56,7.42,1902.56,14.432,Medium
Andhra Pradesh,Kadapa,Small,1444.01,73.92,59.73,2388.85,9.24,1738.05,7.605,Low
Rajasthan,Jodhpur,Medium,3199.19,88.83,30.59,2753.16,9.83,1779.59,10.099,Medium
Telangana,Karimnagar,Small,1657.09,83.69,56.58,2434.15,7.82,1586.83,6.792,Low
Karnataka,Ramanagara,Small,1471.6,66.45,27.18,1188.58,7.96,2261.28,9.843,Medium
Telangana,Nizamabad,Small,1351.95,73.26,81.29,1247.42,7.84,1844.52,8.34,Medium
Tamil Nadu,Chennai,Large,5374.2,86.81,56.61,2214.08,9.52,2409.07,20.194,High
Telangana,Karimnagar,Large,4159.03,50.83,60.72,2562.37,6.23,1587.03,9.403,Medium
Gujarat,Vadodara,Small,1333.55,63.59,70.45,1710.75,8.26,1986.78,6.052,Low
Tamil Nadu,Krishnagiri,Medium,3318.74,68.74,62.25,1503.2,0.5,2634.79,20.966,High
Andhra Pradesh,Nellore,Large,4736.1,71.48,54.66,2120.04,1.17,2324.32,18.487,High
Tamil Nadu,Krishnagiri,Medium,3316.24,90.03,57.97,1596.17,6.85,2237.59,18.94,High
Karnataka,Ramanagara,Small,1906.6,61.49,50.71,1566.22,10.61,2151.6,10.405,Low
Rajasthan,Makrana,Medium,2597.4,63.39,69.06,1728.87,4.76,2042.37,15.583,Medium
Telangana,Warangal,Medium,2022.26,77.36,48.88,1375.93,5.5,1625.07,8.993,Medium
Telangana,Nizamabad,Medium,1918.84,73.8,51.37,2093.07,5.42,1917.87,9.596,Medium
Telangana,Khammam,Medium,2321.49,90.32,68.17,1655.59,2.8,2068.49,14.043,Medium
Gujarat,Bhavnagar,Medium,1937.91,80.12,55.14,2505.28,4.17,1507.08,9.249,Medium
Telangana,Khammam,Small,1778.2,98.0,35.34,2772.63,9.89,1308.02,1.5,Low
Gujarat,Bhavnagar,Small,1628.08,64.93,48.81,1579.56,12.42,1640.45,1.5,Low
Telangana,Nizamabad,Small,1178.58,56.89,47.47,1516.43,7.22,1669.25,5.342,Low
Andhra Pradesh,Guntur,Medium,2867.18,90.19,62.44,1958.0,4.31,2168.0,17.95,High
Gujarat,Surat,Small,1151.29,98.0,49.55,1641.41,11.94,1904.33,7.483,Low
Tamil Nadu,Madurai,Large,5514.21,72.34,44.0,1439.6,7.27,2416.51,17.49,High
Telangana,Karimnagar,Medium,2410.63,68.6,68.88,2326.66,5.93,1984.87,10.068,Medium
Telangana,Nizamabad,Medium,3036.31,72.63,54.16,1617.05,7.2,1654.02,10.936,Medium
Andhra Pradesh,Kurnool,Large,5045.88,72.44,57.38,,4.03,1966.46,19.263,High
Telangana,Karimnagar,Large,4190.6,60.71,77.13,1818.47,5.76,2085.85,8.781,Medium
Andhra Pradesh,Ongole,Large,4467.63,84.9,53.18,1614.57,7.79,1819.71,17.274,High
Rajasthan,Udaipur,Medium,3062.06,73.73,83.08,2838.67,4.79,2443.28,15.921,Medium
Tamil Nadu,Salem,Small,1203.1,55.18,84.58,1559.32,6.55,2518.84,14.382,Medium
Rajasthan,Udaipur,Large,5282.27,75.22,74.46,2442.35,5.69,2195.99,14.866,Medium
Tamil Nadu,Chennai,Large,5533.35,66.26,52.66,1379.78,1.36,2697.16,20.539,High
Telangana,Hyderabad,Large,3891.58,84.17,70.25,1771.16,8.52,1581.39,14.898,Medium
Karnataka,Mysuru,Medium,2989.16,73.86,52.86,1028.32,4.48,2074.23,16.802,High
Andhra Pradesh,Guntur,Medium,2272.24,74.89,47.41,1662.49,3.49,2520.54,9.8,Medium
Andhra Pradesh,Kadapa,Small,1614.71,81.49,66.09,2053.39,8.97,1629.21,11.143,Medium
Tamil Nadu,Dharmapuri,Medium,2988.47,85.99,55.46,2081.08,9.51,2597.54,18.002,High
Rajasthan,Kishangarh,Small,1254.34,75.9,20.27,2987.05,7.71,1717.73,7.939,Low
Andhra Pradesh,Kurnool,Small,1431.2,77.87,70.87,2210.37,7.55,1787.54,10.295,Medium
Tamil Nadu,Chennai,Medium,3311.85,96.62,78.45,1368.72,0.5,2621.72,23.599,High
Andhra Pradesh,Kurnool,Medium,2895.9,90.85,57.75,1236.99,9.48,1573.5,17.212,High
Tamil Nadu,Dharmapuri,Small,1430.45,77.66,59.23,778.49,4.65,2246.25,13.29,Medium
Tamil Nadu,Salem,Large,5387.44,85.01,77.62,1771.01,0.5,2946.49,26.758,High
Gujarat,Rajkot,Large,3867.5,72.34,57.75,1485.21,7.55,1985.25,12.944,Medium
Andhra Pradesh,Nellore,Medium,2711.72,65.88,92.0,1718.84,1.44,2091.47,18.925,High
Telangana,Hyderabad,Medium,2534.76,72.78,49.06,2249.33,2.16,1876.93,10.068,Medium
Tamil Nadu,Dharmapuri,Large,5018.29,74.11,66.61,2013.6,2.86,2713.48,21.918,High
Tamil Nadu,Chennai,Small,1839.13,98.0,39.83,1307.53,8.45,2437.0,19.628,High
Rajasthan,Makrana,Medium,2178.19,79.88,68.75,,9.65,2465.07,17.553,High
Andhra Pradesh,Nellore,Small,1538.88,80.5,61.48,2311.35,3.89,2020.88,11.843,Medium
Andhra Pradesh,Ongole,Small,1867.2,88.4,65.05,2114.17,8.86,1949.44,10.179,Medium
Telangana,Karimnagar,Medium,2283.15,70.83,38.55,1296.65,6.18,1411.53,9.503,Medium
Telangana,Karimnagar,Medium,2733.1,68.53,63.84,2551.71,4.83,1731.89,12.54,Medium
Tamil Nadu,Salem,Small,1767.92,80.1,63.55,1370.56,5.17,2345.87,14.744,Medium
Rajasthan,Jodhpur,Small,1028.4,78.29,30.15,2650.46,,1774.4,4.353,Low
Rajasthan,Jodhpur,Medium,2870.69,93.99,60.9,2657.35,5.82,2228.76,17.552,High
Tamil Nadu,Dharmapuri,Medium,3302.81,61.94,44.77,1601.68,3.45,2931.44,17.593,High
Andhra Pradesh,Guntur,Medium,3482.13,67.92,61.06,2326.11,11.56,1683.37,11.047,Medium
Andhra Pradesh,Kurnool,Small,954.81,75.8,62.5,1336.53,8.14,1887.23,9.208,Medium
Rajasthan,Jodhpur,Medium,3007.55,77.18,55.63,1500.38,3.03,2242.88,16.631,High
Karnataka,Bengaluru,Small,1817.46,82.75,35.61,1861.21,12.94,2374.6,10.35,Medium
Tamil Nadu,Krishnagiri,Small,2076.23,75.28,38.64,1057.24,9.07,2205.2,13.048,Medium
Rajasthan,Makrana,Medium,2964.23,88.92,65.03,1658.02,4.27,2167.31,17.773,High
Karnataka,Chitradurga,Medium,2736.25,66.25,60.89,1365.56,10.16,2228.25,12.101,Medium
Telangana,Hyderabad,Small,917.84,92.11,46.28,1805.07,1.94,2110.02,10.39,Medium
Tamil Nadu,Salem,Small,1885.69,59.55,43.67,1656.12,10.95,2525.58,12.798,Medium
Gujarat,Vadodara,Medium,2145.93,51.98,53.34,2270.32,6.01,1568.98,6.738,Low
Andhra Pradesh,Guntur,Small,1666.03,89.33,66.5,2206.79,6.18,1837.27,12.332,Medium
Andhra Pradesh,Kadapa,Small,1248.87,57.64,53.63,2442.46,5.84,2002.97,5.371,Low
Karnataka,Mysuru,Medium,2975.65,69.43,62.9,2238.23,3.66,2690.82,14.752,Medium
Karnataka,Chitradurga,Small,1124.46,67.86,49.97,2691.24,7.01,1807.17,8.328,Medium
Gujarat,Ahmedabad,Small,1034.9,82.29,47.8,2083.72,6.67,1552.81,3.845,Low
Tamil Nadu,Chennai,Large,5756.0,91.2,92.0,2587.56,2.08,2799.43,28.0,High
Karnataka,Bengaluru,Medium,2848.41,62.32,68.8,1297.57,4.83,1859.5,18.508,High
Rajasthan,Udaipur,Medium,2784.05,56.77,67.87,2787.26,0.5,2231.94,12.016,Medium
Tamil Nadu,Dharmapuri,Medium,2959.32,98.0,47.19,1073.06,2.82,2526.62,19.038,High
Rajasthan,Kishangarh,Medium,2585.87,69.93,77.05,2157.31,3.69,2202.83,16.893,High
Andhra Pradesh,Kadapa,Large,4483.18,62.18,55.14,1917.01,0.5,1766.96,15.665,Medium
Tamil Nadu,Krishnagiri,Medium,3159.82,64.84,57.63,1488.77,6.57,2458.31,16.188,High
Karnataka,Chitradurga,Small,1944.54,65.78,50.32,1899.48,9.89,2221.94,10.617,Medium
Andhra Pradesh,Kadapa,Medium,2688.36,76.47,71.41,1751.44,11.59,1836.5,15.094,Medium
Tamil Nadu,Dharmapuri,Medium,2384.94,92.57,50.23,1851.1,7.7,2452.09,14.017,Medium
Gujarat,Ahmedabad,Medium,2425.97,96.55,52.67,1900.22,2.61,1339.22,16.126,High
Karnataka,Bengaluru,Medium,2799.52,62.39,65.86,,6.19,2356.61,14.528,Medium
Rajasthan,Kishangarh,Large,5031.37,71.91,51.46,2067.56,6.8,2342.85,16.356,High
Tamil Nadu,Chennai,Medium,3358.72,75.14,58.37,1823.57,5.93,2664.21,17.584,High
Rajasthan,Jaipur,Small,1867.31,68.13,58.5,2131.78,4.84,2109.19,10.496,Medium
Telangana,Khammam,Small,1696.42,89.6,48.53,1256.97,12.29,1970.2,12.979,Medium
Tamil Nadu,Madurai,Medium,3237.45,98.0,45.93,1539.96,7.1,2284.77,18.765,Medium
Tamil Nadu,Salem,Small,1503.93,74.21,50.54,2268.88,10.78,2551.71,12.818,Medium
Tamil Nadu,Krishnagiri,Small,1975.08,82.85,58.88,1000.73,10.55,2190.06,16.754,High
Telangana,Karimnagar,Small,1499.78,69.93,46.03,1760.93,10.63,1722.04,5.859,Low
Tamil Nadu,Krishnagiri,Small,1704.04,76.23,60.48,1341.75,8.83,2741.82,13.336,Medium
Tamil Nadu,Chennai,Large,5609.52,62.67,71.23,,7.48,2570.78,21.733,High
Tamil Nadu,Chennai,Small,1674.07,61.11,65.44,1033.47,7.69,2617.51,12.825,Medium
Tamil Nadu,Madurai,Small,2020.18,52.19,68.53,2010.03,7.15,2567.84,13.366,Medium
Karnataka,Bengaluru,Small,2040.08,82.56,61.72,1287.46,6.91,2181.27,13.207,Medium
Telangana,Khammam,Medium,3069.54,87.72,58.0,2333.85,2.51,2242.02,13.908,Medium
Tamil Nadu,Madurai,Small,1601.07,88.13,69.11,1612.01,9.67,2290.63,14.838,Medium
Karnataka,Hassan,Medium,3331.44,67.96,62.05,1898.58,4.13,2066.06,13.053,Medium
Tamil Nadu,Krishnagiri,Small,1979.73,73.6,58.06,2194.74,4.84,2484.29,12.639,Medium
Andhra Pradesh,Nellore,Medium,2810.83,75.15,20.0,1028.32,7.31,2031.56,9.937,Medium
Karnataka,Ramanagara,Large,5270.92,69.05,54.48,1026.66,5.92,1810.18,15.211,Medium
Karnataka,Hassan,Small,1833.67,87.08,65.5,2152.06,7.03,1999.93,14.541,Medium
Karnataka,Chitradurga,Medium,2407.19,85.73,75.83,2394.21,8.27,2349.06,17.13,High
Rajasthan,Jodhpur,Medium,2903.82,61.17,66.21,2625.0,8.74,2250.65,14.263,Medium
Gujarat,Rajkot,Medium,2011.67,67.2,61.98,1234.0,2.71,1984.73,9.173,Medium
Tamil Nadu,Chennai,Medium,3045.39,57.63,68.56,1468.73,5.45,2526.87,15.592,Medium
Telangana,Karimnagar,Medium,1884.36,72.1,55.94,1917.75,,1850.11,6.425,Low
Andhra Pradesh,Nellore,Medium,2562.59,75.32,44.04,2037.51,5.66,1762.32,11.612,Medium
Tamil Nadu,Krishnagiri,Medium,3139.61,75.11,66.9,1093.07,4.82,2482.98,21.429,High
Karnataka,Ramanagara,Small,1810.05,57.37,35.46,2444.82,6.77,2409.72,10.925,Medium
Rajasthan,Jodhpur,Small,1718.74,59.97,57.22,2127.23,9.64,2376.75,12.439,Medium
Rajasthan,Udaipur,Medium,2939.82,67.68,84.5,1846.58,,2684.27,17.285,High
Karnataka,Chitradurga,Large,4623.6,92.0,66.17,1319.12,4.18,2279.15,22.767,High
Tamil Nadu,Madurai,Large,4872.77,68.27,66.98,1016.89,7.76,2284.78,22.623,High
Karnataka,Ramanagara,Large,5201.14,84.38,76.16,1530.3,,2314.01,22.168,High
Telangana,Khammam,Medium,2512.7,66.64,51.86,1539.59,4.49,1807.22,10.959,Medium
Telangana,Karimnagar,Medium,2183.19,65.82,78.93,2617.77,5.49,2047.56,12.143,Medium
Rajasthan,Udaipur,Medium,2694.7,82.18,79.52,2998.46,7.56,2584.43,18.414,High
Gujarat,Bhavnagar,Medium,2345.02,57.67,61.43,2102.13,4.2,1515.52,7.377,Low
Rajasthan,Udaipur,Medium,2582.0,40.89,26.18,1749.01,7.33,1716.73,8.536,Medium
Karnataka,Ramanagara,Small,1499.89,58.16,47.75,1471.9,6.83,2354.81,11.102,Medium
Telangana,Khammam,Small,1676.4,76.25,55.05,1074.41,8.69,1567.24,8.222,Medium
Andhra Pradesh,Nellore,Medium,2760.92,64.74,58.12,1330.5,8.13,1911.69,10.215,Medium
Telangana,Karimnagar,Medium,2220.96,58.99,72.06,2507.91,7.72,2232.54,6.609,Low
Karnataka,Hassan,Small,955.24,79.2,62.71,1580.3,6.68,2414.35,16.125,High
Telangana,Karimnagar,Small,1325.87,81.4,52.98,2436.05,8.38,1802.43,8.525,Medium
Karnataka,Ramanagara,Large,5188.22,88.48,64.74,2398.7,3.22,2528.19,23.942,High
Gujarat,Surat,Medium,2679.29,82.42,35.54,1304.11,9.16,1141.71,5.301,Low
Tamil Nadu,Krishnagiri,Medium,2483.1,57.46,70.81,951.42,2.75,3002.47,14.985,Medium
Rajasthan,Jodhpur,Medium,3100.19,93.4,54.14,2061.05,7.96,1700.89,20.679,High
Tamil Nadu,Salem,Medium,3150.99,59.83,72.31,1504.14,3.58,2563.95,16.999,High
Rajasthan,Udaipur,Small,1159.39,60.65,57.44,1917.01,10.84,1952.46,6.295,Low
Telangana,Khammam,Medium,2760.73,73.27,51.73,1444.16,5.9,1773.61,9.51,Medium
Tamil Nadu,Madurai,Medium,2913.54,78.26,58.99,1114.75,5.05,2282.79,21.953,High
Telangana,Nizamabad,Small,643.76,89.47,55.15,2333.95,6.92,1608.92,7.55,Low
Tamil Nadu,Dharmapuri,Small,1443.43,70.36,64.33,1184.49,11.22,2272.1,11.966,Medium
Rajasthan,Kishangarh,Small,1563.2,79.45,52.01,1584.29,5.23,2706.86,17.236,High
Andhra Pradesh,Kurnool,Medium,2479.17,68.65,49.73,2244.41,5.63,1800.75,10.855,Medium
Rajasthan,Kishangarh,Small,1608.64,91.32,51.89,2178.63,8.62,2098.72,12.479,Medium
Andhra Pradesh,Guntur,Medium,2768.68,77.23,50.34,2031.89,6.59,2017.54,12.36,Medium
Andhra Pradesh,Guntur,Medium,2391.15,88.45,45.41,2344.98,5.03,1839.24,11.977,Medium
Rajasthan,Makrana,Large,4781.21,65.11,60.92,1815.4,7.98,1863.92,14.68,Medium
Tamil Nadu,Madurai,Medium,3033.57,65.88,67.09,705.13,3.32,2823.43,21.84,High
Tamil Nadu,Chennai,Small,1280.67,73.66,43.72,973.01,5.1,2281.04,12.959,Medium
Andhra Pradesh,Kurnool,Medium,2636.39,92.03,77.59,1034.48,4.72,1886.09,16.84,High
Andhra Pradesh,Guntur,Medium,2568.41,81.51,91.11,,5.36,1884.07,15.359,Medium
Andhra Pradesh,Guntur,Small,1620.45,93.88,44.37,2070.89,9.32,1790.61,11.374,Medium
Karnataka,Hassan,Medium,2689.53,92.59,47.95,2205.91,4.12,2559.05,17.217,High
Karnataka,Mysuru,Large,4590.57,88.48,58.57,1883.85,6.57,2156.17,21.301,High
Telangana,Hyderabad,Small,1277.01,83.45,68.37,2113.2,4.1,1543.41,13.033,Medium
Rajasthan,Jodhpur,Medium,2240.86,60.65,58.64,2262.31,,2075.16,10.444,Medium
Rajasthan,Kishangarh,Large,4416.11,53.39,74.52,1619.15,2.9,2700.24,20.444,High
Andhra Pradesh,Ongole,Medium,2215.02,74.75,61.49,,6.97,2070.58,14.896,Medium
Telangana,Hyderabad,Medium,2613.26,86.89,57.85,2629.33,5.6,1641.39,11.652,Medium
Gujarat,Rajkot,Small,1560.44,40.51,92.0,940.18,7.46,1619.86,8.356,Medium
Tamil Nadu,Madurai,Small,2429.41,61.82,47.9,1954.51,,2745.45,12.118,Medium
Rajasthan,Jaipur,Medium,2684.82,57.75,28.82,2396.76,8.2,1732.09,9.313,Medium
Tamil Nadu,Chennai,Medium,2824.29,72.19,59.82,1011.28,,2120.71,15.947,Medium
Rajasthan,Udaipur,Large,4895.08,84.2,52.52,2093.25,4.57,2075.99,20.461,High
Gujarat,Ahmedabad,Small,1134.04,86.85,65.11,1943.81,4.94,1687.13,8.899,Medium
Rajasthan,Udaipur,Medium,2604.52,55.94,57.0,1855.04,10.0,2264.53,12.725,Medium
Rajasthan,Jodhpur,Small,1728.3,77.28,65.9,2778.75,7.33,2410.77,10.627,Medium
Telangana,Hyderabad,Small,1454.68,53.08,28.71,1794.36,7.54,1508.05,4.3,Low
Telangana,Khammam,Medium,2322.7,86.77,63.01,2131.12,5.46,1506.64,7.878,High
Andhra Pradesh,Ongole,Small,1486.86,71.88,73.79,1874.34,11.79,2045.66,10.312,Medium
Rajasthan,Udaipur,Small,1567.38,59.07,51.28,2450.69,4.45,2120.2,6.683,Low
Telangana,Khammam,Small,1176.61,70.47,45.52,1441.89,11.31,2246.75,6.312,Low
Tamil Nadu,Krishnagiri,Small,1755.86,62.84,47.56,850.73,11.93,2098.13,8.481,Medium
Gujarat,Ahmedabad,Large,4021.66,81.16,56.38,1169.52,,1984.4,14.803,Medium
Rajasthan,Jodhpur,Medium,3105.72,85.52,70.74,1388.89,0.5,2709.13,22.162,High
Tamil Nadu,Chennai,Small,1853.01,88.51,39.15,2288.64,7.31,1981.91,10.475,Medium
Tamil Nadu,Salem,Large,5466.01,77.34,88.24,2218.57,3.99,2639.26,24.106,High
Andhra Pradesh,Kurnool,Medium,2144.93,94.83,44.89,2389.13,1.78,2033.67,8.002,Medium
Andhra Pradesh,Guntur,Large,4537.86,78.99,47.27,2049.26,2.12,1917.51,19.052,High
Andhra Pradesh,Ongole,Small,1332.54,91.25,53.92,1555.12,9.99,1922.53,14.716,Medium
Karnataka,Hassan,Medium,2360.19,66.32,42.19,2266.5,6.91,2175.53,13.762,Medium
Rajasthan,Jodhpur,Large,4723.6,73.74,46.02,1855.51,1.47,2247.9,18.306,High
Andhra Pradesh,Nellore,Small,1728.84,82.46,66.5,1688.93,9.66,1970.05,13.089,Medium
Karnataka,Mysuru,Large,5271.58,84.79,71.53,1968.24,2.15,2535.91,24.033,High
Gujarat,Ahmedabad,Large,3822.88,70.5,57.39,1795.81,2.66,1674.01,15.902,Medium
Andhra Pradesh,Kurnool,Large,4572.79,92.73,74.38,2145.84,2.98,2348.95,20.832,High
Karnataka,Hassan,Small,1429.4,63.59,35.89,2768.91,7.79,2189.23,8.579,Medium
Tamil Nadu,Salem,Small,1476.86,80.93,47.1,1737.89,5.61,2538.1,13.199,Medium
Tamil Nadu,Madurai,Small,2007.77,79.73,57.97,1077.47,7.06,2385.2,12.166,Medium
Tamil Nadu,Salem,Large,4680.47,88.54,42.49,1781.63,5.21,1941.94,23.361,Low
Tamil Nadu,Madurai,Small,1936.21,88.06,28.61,1675.13,10.43,2395.83,14.763,Medium
Rajasthan,Kishangarh,Medium,2421.38,71.25,53.46,1655.43,8.09,2326.78,14.319,Medium
Karnataka,Bengaluru,Medium,3307.64,80.91,61.17,1654.32,1.09,2178.04,17.783,High
Gujarat,Surat,Small,939.93,77.8,48.81,1729.73,11.86,1333.76,3.56,Low
Tamil Nadu,Madurai,Small,1993.03,95.35,44.31,2002.27,7.11,2198.66,15.055,Medium
Andhra Pradesh,Kurnool,Medium,2479.07,75.99,48.08,2209.96,6.55,1310.03,13.972,Medium
Tamil Nadu,Madurai,Large,5640.65,98.0,64.89,1828.95,5.0,2446.41,24.599,High
Tamil Nadu,Dharmapuri,Small,1624.77,73.44,64.17,959.79,7.61,2575.37,14.298,Medium
Karnataka,Chitradurga,Large,5413.77,64.83,84.87,1325.44,7.52,2278.94,19.069,High
Karnataka,Hassan,Medium,2747.62,65.43,52.75,1439.72,6.27,2076.1,11.036,Medium
Tamil Nadu,Salem,Medium,3012.97,88.54,30.78,1903.1,3.15,2535.63,15.292,Medium
Karnataka,Mysuru,Medium,3407.15,63.25,67.99,1253.77,10.11,2215.96,17.179,High
Tamil Nadu,Chennai,Small,1734.56,98.0,64.15,968.23,10.32,2433.55,14.129,Medium
Tamil Nadu,Chennai,Medium,3287.76,71.36,48.2,753.42,2.52,2822.37,19.433,High
Karnataka,Hassan,Medium,3069.24,81.44,60.0,1292.9,4.34,2214.96,17.852,High
Telangana,Karimnagar,Small,1230.34,79.16,74.99,1619.06,1.85,2215.2,12.701,Medium
Tamil Nadu,Salem,Medium,3108.12,76.92,87.14,2134.75,2.2,2772.67,19.849,High
Gujarat,Rajkot,Small,1552.8,63.42,47.42,1203.78,6.2,1670.24,6.81,Low
Rajasthan,Makrana,Medium,2188.06,76.52,92.0,1682.45,5.3,1986.89,18.318,High
Andhra Pradesh,Guntur,Medium,2652.88,68.2,60.19,2255.8,7.26,1379.64,11.296,Medium
Rajasthan,Jaipur,Medium,2662.78,72.01,91.77,1986.26,2.83,2409.32,19.726,High
Tamil Nadu,Dharmapuri,Small,2392.01,98.0,30.67,1400.71,13.55,2442.37,10.762,Medium
Rajasthan,Udaipur,Large,5332.44,61.48,59.32,1635.02,8.14,2191.7,16.294,High
Karnataka,Mysuru,Small,1864.79,52.03,23.75,1081.78,6.28,1936.25,7.725,Low
Andhra Pradesh,Kurnool,Medium,1897.45,81.12,54.24,2301.67,6.49,1974.7,8.515,Medium
Karnataka,Hassan,Medium,2844.19,72.54,72.21,1273.6,4.36,2198.44,19.403,High
Rajasthan,Udaipur,Medium,2629.12,59.47,81.35,1789.78,1.89,2542.92,19.778,High
Karnataka,Chitradurga,Small,1838.91,74.61,32.99,1648.98,7.54,1868.32,10.155,Medium
Telangana,Khammam,Medium,2451.65,89.7,64.02,1287.17,5.43,1724.36,13.357,Medium
Tamil Nadu,Dharmapuri,Small,1656.83,51.45,46.83,2393.3,3.48,2270.23,7.646,Low
Tamil Nadu,Madurai,Medium,2936.17,81.78,68.65,890.2,4.93,2237.13,19.042,High
Telangana,Warangal,Medium,2380.77,80.12,59.42,1385.33,,1707.09,13.025,Medium
Tamil Nadu,Dharmapuri,Medium,2804.86,66.42,53.42,1681.51,7.77,2679.47,16.844,High
Karnataka,Bengaluru,Medium,2682.26,81.02,28.81,2030.39,9.12,2006.94,12.694,Medium
Telangana,Nizamabad,Large,4125.63,81.3,67.79,2258.54,3.58,2010.82,10.103,Medium
Tamil Nadu,Madurai,Small,2314.04,77.44,78.33,924.16,7.31,2826.07,16.475,High
Tamil Nadu,Dharmapuri,Large,5651.45,72.34,50.16,1407.43,7.49,2120.44,20.495,High
Rajasthan,Jodhpur,Small,1613.95,89.66,69.59,,7.99,2010.31,11.871,Medium
Tamil Nadu,Krishnagiri,Medium,3345.2,82.83,57.35,2092.54,6.04,2299.02,16.332,High
Gujarat,Surat,Medium,2141.25,85.12,32.02,1375.59,6.33,1581.41,6.991,Low
Rajasthan,Makrana,Medium,2522.57,54.15,57.19,2239.46,3.37,2685.36,10.406,Medium
Karnataka,Hassan,Small,1267.57,86.75,42.13,1734.45,10.43,2545.52,12.761,Medium
Gujarat,Rajkot,Medium,2079.25,73.43,65.42,1834.91,3.87,1912.58,12.292,Medium
Andhra Pradesh,Ongole,Small,1713.58,82.96,60.6,1600.09,4.56,1706.29,11.658,Medium
Rajasthan,Makrana,Small,1193.66,41.21,49.26,1691.96,10.58,1899.99,7.921,Low
Tamil Nadu,Madurai,Small,2337.82,63.32,57.1,1202.35,7.18,2286.69,14.477,Medium
Rajasthan,Jodhpur,Medium,2496.41,82.46,53.56,1543.46,4.42,2348.78,16.48,High
Andhra Pradesh,Kurnool,Small,1650.88,78.9,50.15,1460.01,7.41,2024.4,9.944,Medium
Gujarat,Vadodara,Small,1512.92,62.38,55.01,2322.75,7.7,1764.09,6.237,Low
Karnataka,Mysuru,Small,1935.44,85.57,71.34,2551.27,10.73,1979.32,13.758,Medium
Gujarat,Surat,Small,1826.05,62.28,26.48,1543.06,8.35,1643.19,1.5,Low
Tamil Nadu,Krishnagiri,Large,5387.57,73.43,70.38,912.33,5.62,2023.21,23.254,High
Telangana,Warangal,Large,4233.33,64.99,89.66,1413.32,8.38,1810.7,17.948,High
Rajasthan,Jodhpur,Small,1515.41,71.62,53.82,2816.99,0.5,2153.28,14.833,Medium
Telangana,Nizamabad,Medium,2577.34,89.14,92.0,2718.19,3.63,2391.82,21.146,High
Tamil Nadu,Chennai,Medium,2557.07,84.24,52.29,1665.41,7.18,2556.92,19.512,Low
Andhra Pradesh,Nellore,Medium,2651.09,61.86,57.5,1760.2,8.35,1861.34,7.724,Low
Tamil Nadu,Salem,Medium,3241.29,74.1,52.41,1277.42,1.45,2397.16,19.323,High
Andhra Pradesh,Kadapa,Small,1436.23,52.38,45.27,1204.1,5.16,1873.6,8.752,Medium
Telangana,Hyderabad,Medium,2965.39,89.32,69.58,1184.41,4.96,1768.49,12.516,Medium
Andhra Pradesh,Nellore,Small,1472.27,72.19,49.82,2009.94,2.17,2017.67,10.397,Medium
Telangana,Karimnagar,Small,1527.81,76.12,41.32,2394.32,8.07,1620.43,4.743,Low
Karnataka,Mysuru,Medium,3391.56,76.37,38.14,2412.57,6.26,2163.07,12.042,Medium
Tamil Nadu,Salem,Medium,3170.2,74.04,61.6,1796.95,4.21,2229.11,18.392,High
Karnataka,Bengaluru,Small,1930.7,67.44,55.12,2299.6,5.12,2088.43,9.84,Medium
Telangana,Warangal,Medium,2559.47,77.15,49.16,1491.15,4.64,1457.99,9.441,Medium
Tamil Nadu,Salem,Medium,3199.41,93.81,86.98,1056.84,1.51,2629.45,23.975,High
Telangana,Karimnagar,Large,3749.88,72.6,74.33,1983.62,1.99,2191.33,14.984,Medium
Rajasthan,Jaipur,Medium,3030.73,86.3,48.12,1849.89,5.25,2016.44,14.411,Medium
Rajasthan,Jaipur,Medium,2646.93,83.79,62.41,3001.24,6.51,1508.23,16.26,High
Rajasthan,Makrana,Medium,2619.03,68.5,73.28,1430.28,7.33,2173.73,13.555,Medium
Karnataka,Bengaluru,Small,1870.37,86.32,48.77,2294.88,9.38,2123.11,11.874,Medium
Tamil Nadu,Chennai,Small,1608.77,88.3,51.15,1921.71,9.01,2608.69,14.063,Medium
Tamil Nadu,Chennai,Small,1978.17,47.04,31.86,1093.37,12.09,2282.58,10.283,Medium
Rajasthan,Jodhpur,Medium,2898.24,81.53,80.33,2020.36,3.39,2830.0,21.053,High
Telangana,Nizamabad,Medium,2555.96,83.61,59.17,2197.35,6.73,2029.93,11.768,Medium
Andhra Pradesh,Guntur,Large,4535.36,62.02,64.26,1185.82,6.04,1710.65,18.167,High
Andhra Pradesh,Guntur,Medium,2232.4,58.48,72.57,2090.01,5.29,2474.1,11.084,Medium
Karnataka,Mysuru,Small,1861.3,79.92,52.42,1831.1,5.03,2087.06,16.155,High
Rajasthan,Makrana,Small,1647.46,92.38,86.52,1588.67,5.16,2194.52,20.42,High
Andhra Pradesh,Kurnool,Small,1074.99,60.72,46.48,1045.87,5.58,1571.06,7.704,Low
Tamil Nadu,Chennai,Medium,2896.31,50.81,52.09,1934.4,0.73,2329.04,13.752,Medium
Rajasthan,Kishangarh,Medium,3011.85,66.1,48.04,2502.06,2.56,1670.58,14.934,Medium
Gujarat,Bhavnagar,Large,3835.8,73.6,55.72,2445.48,4.78,1833.72,13.823,Medium
Andhra Pradesh,Nellore,Medium,2650.18,57.55,63.78,1181.84,6.38,2154.43,13.173,Medium
Rajasthan,Makrana,Large,4473.19,73.59,72.37,1912.33,4.63,2280.63,20.612,High
Tamil Nadu,Krishnagiri,Medium,3243.09,77.79,49.51,1352.65,1.11,2513.78,18.355,High
Tamil Nadu,Madurai,Large,5181.96,98.0,66.28,2093.92,2.6,2501.51,26.312,High
Rajasthan,Jodhpur,Medium,2589.48,77.71,54.04,2457.02,4.43,2088.57,12.72,Medium
Andhra Pradesh,Ongole,Medium,2530.34,80.88,75.53,1843.65,11.21,2004.02,11.647,Medium
Tamil Nadu,Chennai,Medium,3215.17,60.25,50.21,1536.87,2.85,2740.8,19.124,High
Andhra Pradesh,Guntur,Medium,2290.37,69.4,60.12,1512.2,5.91,1938.24,16.666,High
Rajasthan,Jaipur,Medium,2831.2,73.46,65.88,2588.06,4.79,1974.03,14.307,Medium
Gujarat,Surat,Small,1216.76,80.73,58.55,1843.05,5.17,1786.32,10.563,Medium
Tamil Nadu,Krishnagiri,Small,2324.09,80.34,56.46,1404.57,7.19,2293.42,15.855,Medium
Karnataka,Hassan,Medium,3156.52,87.7,72.96,1492.84,4.86,2480.68,19.68,High
Andhra Pradesh,Ongole,Medium,2012.27,78.85,56.01,1954.57,6.3,1899.43,11.363,Medium
Tamil Nadu,Krishnagiri,Small,1337.17,68.93,49.71,999.26,7.77,2701.95,15.918,Medium
Karnataka,Chitradurga,Small,1522.77,91.38,46.78,2406.52,3.09,2350.84,13.744,Medium
Karnataka,Ramanagara,Small,1528.23,82.47,42.04,1007.1,9.57,2461.85,11.29,Medium
Telangana,Hyderabad,Medium,2605.95,84.12,59.78,1570.88,,1995.48,16.062,High
Rajasthan,Jodhpur,Small,1528.17,73.15,62.12,1517.13,6.9,2292.26,15.581,Medium
Rajasthan,Jodhpur,Small,1591.91,86.5,40.64,2670.59,9.33,1971.2,10.969,Medium
Andhra Pradesh,Kadapa,Small,1590.36,61.0,61.56,1151.59,10.79,1776.37,4.548,Low
Telangana,Khammam,Small,1081.97,85.38,51.94,1817.87,7.54,1547.58,7.785,Low
Rajasthan,Jaipur,Large,4721.35,93.0,53.32,2508.81,5.98,2149.94,21.763,High
Tamil Nadu,Salem,Small,1604.85,60.97,45.01,1220.97,3.48,2617.63,13.547,Medium
Tamil Nadu,Chennai,Medium,2901.72,66.79,64.42,1009.44,10.25,2267.79,12.992,Medium
Telangana,Nizamabad,Medium,1587.55,61.41,36.97,,7.33,1501.35,6.617,Low
Tamil Nadu,Madurai,Large,5514.02,84.79,92.0,1677.59,3.07,3095.96,27.088,High
Gujarat,Rajkot,Small,1273.45,45.42,48.27,1117.96,10.18,1924.71,1.5,Low
Tamil Nadu,Salem,Small,1389.49,81.4,20.0,972.23,10.59,2295.61,7.741,Low
Andhra Pradesh,Kurnool,Small,804.39,63.07,40.69,1589.39,8.41,1916.46,5.981,Low
Karnataka,Chitradurga,Small,1305.64,62.99,64.83,2603.43,3.37,2646.84,13.82,Medium
Andhra Pradesh,Ongole,Medium,2624.99,56.73,34.4,1977.66,6.5,2051.3,5.793,Low
Telangana,Nizamabad,Small,1185.53,59.06,61.75,2182.28,,1955.51,2.362,Low
Tamil Nadu,Krishnagiri,Small,920.46,92.37,42.97,1931.93,13.26,2544.05,13.811,Medium
Rajasthan,Jodhpur,Large,4984.91,73.45,67.42,2948.48,5.26,2003.42,20.367,High
Gujarat,Rajkot,Medium,2389.69,79.1,80.09,2071.3,2.98,1869.89,11.947,Medium
Telangana,Khammam,Small,1802.37,67.62,55.48,1479.41,9.66,1974.23,6.669,Low
Telangana,Khammam,Small,1511.17,87.78,61.46,1087.55,5.23,1620.33,14.737,Medium
Telangana,Karimnagar,Small,1034.13,85.3,57.16,1790.06,7.95,2048.82,7.739,Low
Andhra Pradesh,Ongole,Large,4743.09,79.77,50.6,1247.82,6.31,1676.33,17.053,High
Karnataka,Hassan,Large,4914.61,87.26,52.28,1538.41,2.67,2470.06,21.267,High
Tamil Nadu,Dharmapuri,Large,5501.62,84.34,42.58,1286.68,0.5,2512.75,21.158,High
Andhra Pradesh,Guntur,Large,4495.25,64.07,69.47,2334.16,6.66,1816.68,13.561,Medium
Karnataka,Mysuru,Medium,2853.21,65.88,54.01,1984.53,,2177.44,11.206,Medium
Tamil Nadu,Madurai,Small,2311.41,79.96,44.96,1578.36,7.59,2312.61,12.867,Medium
Telangana,Nizamabad,Medium,2705.48,91.56,60.44,2109.71,1.31,2068.41,13.571,Medium
Tamil Nadu,Madurai,Medium,2777.03,74.36,78.23,1511.02,8.09,2299.92,17.922,High
Tamil Nadu,Madurai,Large,4972.62,87.15,69.41,1900.35,2.81,2737.13,27.466,High
Karnataka,Ramanagara,Medium,3284.98,92.25,84.22,1776.71,2.46,2685.66,21.708,High
Karnataka,Hassan,Medium,3202.13,70.03,45.82,1872.22,2.36,2575.6,14.709,Medium
Telangana,Karimnagar,Large,4426.03,85.25,72.25,2007.42,5.64,1607.03,14.934,Medium
Rajasthan,Makrana,Small,1354.74,82.38,58.87,2296.02,7.85,2233.36,14.229,Medium
Andhra Pradesh,Nellore,Large,4762.8,98.0,75.92,1885.78,10.72,1912.19,18.784,High
Rajasthan,Jaipur,Small,1722.94,81.21,31.46,2076.36,10.33,2200.83,11.718,Medium
Andhra Pradesh,Guntur,Medium,2413.02,80.2,80.91,1501.57,2.68,2145.65,16.132,High
Karnataka,Mysuru,Small,1268.0,62.91,64.36,1151.31,6.39,2226.83,13.308,Medium
Telangana,Karimnagar,Medium,2566.92,72.24,83.33,1810.37,8.06,2187.42,10.801,Medium
Tamil Nadu,Salem,Medium,3615.31,84.7,75.73,1901.18,5.49,2394.38,20.925,High
Gujarat,Bhavnagar,Small,1603.82,80.02,23.08,920.05,5.53,1195.68,7.788,Low
Rajasthan,Jodhpur,Large,4346.5,71.14,73.34,1680.16,6.78,1547.16,18.52,High
Rajasthan,Jodhpur,Medium,3305.11,93.48,65.82,2816.14,5.76,2142.09,16.217,High
Rajasthan,Udaipur,Medium,2789.65,89.05,56.39,2067.2,4.28,1617.01,12.433,Medium
Tamil Nadu,Madurai,Small,1507.58,69.54,49.53,1789.98,8.42,2017.54,12.232,Medium
Andhra Pradesh,Kadapa,Large,3811.52,85.86,53.42,1531.55,7.57,1802.1,17.955,High
Rajasthan,Jodhpur,Small,1431.67,69.72,52.95,2123.45,5.46,2186.18,10.912,Medium
Tamil Nadu,Chennai,Small,1630.04,64.84,47.6,2218.78,4.05,2258.32,10.587,Medium
Gujarat,Rajkot,Small,955.7,76.43,46.73,2172.9,12.72,1348.76,1.5,Low
Rajasthan,Kishangarh,Medium,3374.56,61.97,50.81,2518.98,4.47,1959.41,12.419,Medium
Karnataka,Mysuru,Large,5349.27,86.12,32.76,2029.34,6.62,1564.85,17.181,High
Rajasthan,Makrana,Small,1626.44,65.45,39.79,1724.73,9.35,2020.09,7.23,Low
Telangana,Hyderabad,Small,763.27,85.12,42.43,1461.97,10.16,2107.12,8.329,Medium
Telangana,Hyderabad,Large,4288.16,80.62,47.32,2221.82,,2004.51,14.895,Medium
Tamil Nadu,Salem,Medium,3135.32,53.13,40.59,1290.32,7.68,2044.84,12.765,Medium
Tamil Nadu,Dharmapuri,Medium,3344.02,69.62,49.28,1516.43,5.62,2091.8,17.759,High
Telangana,Nizamabad,Small,1244.62,76.43,35.79,2361.58,7.53,1372.6,3.268,Low
Karnataka,Chitradurga,Medium,2597.76,52.49,41.46,2275.24,5.4,1820.19,9.409,Medium
Rajasthan,Kishangarh,Small,1344.06,52.12,57.14,2488.34,6.86,1876.61,9.287,Medium
Andhra Pradesh,Ongole,Large,4279.73,76.72,83.94,1250.32,10.42,1883.05,17.151,High
Tamil Nadu,Dharmapuri,Medium,3070.09,89.43,59.11,1118.36,7.49,2521.69,21.476,High
Rajasthan,Kishangarh,Medium,2495.71,74.75,71.34,1792.58,,2387.15,15.294,Medium
Gujarat,Surat,Small,1361.46,70.39,49.63,2110.83,7.94,1425.86,6.488,Low
Tamil Nadu,Dharmapuri,Small,1886.6,62.35,89.66,1305.0,8.54,2273.4,16.957,High
Andhra Pradesh,Kadapa,Small,1870.86,59.85,35.78,735.81,10.71,1927.97,6.509,Low
Karnataka,Mysuru,Small,1023.73,83.1,23.52,2325.32,12.78,2186.06,9.719,Medium
Rajasthan,Udaipur,Small,2036.8,71.78,60.88,1575.89,5.68,2405.11,13.179,Medium
Telangana,Karimnagar,Medium,2013.1,87.86,64.48,2481.53,,1693.08,14.614,Medium
Rajasthan,Makrana,Small,2059.44,94.32,21.08,2381.07,9.68,1622.55,8.923,Medium
Andhra Pradesh,Guntur,Medium,2626.18,69.3,54.5,2256.35,3.3,2234.72,14.188,Medium
Tamil Nadu,Chennai,Small,1938.16,77.42,83.08,2065.89,5.7,2895.95,19.075,High
Andhra Pradesh,Kadapa,Small,1518.93,83.65,65.21,1248.54,11.54,1962.01,10.91,Medium
Rajasthan,Kishangarh,Medium,3638.68,64.78,36.63,2306.1,4.01,2254.06,11.288,Medium
Tamil Nadu,Madurai,Medium,3164.81,63.7,23.38,2227.35,6.4,2089.22,10.117,Medium
Tamil Nadu,Chennai,Medium,3676.58,82.83,85.11,1148.47,9.86,2499.52,21.4,High
Karnataka,Mysuru,Small,1569.33,69.29,46.52,1191.44,4.66,2418.59,15.267,Medium
Andhra Pradesh,Nellore,Medium,3003.86,61.31,68.21,1456.28,3.61,2168.08,13.412,Medium
Karnataka,Bengaluru,Medium,3503.94,61.87,64.05,1879.03,4.8,2390.63,16.345,High
Rajasthan,Makrana,Small,1112.56,58.31,57.41,2485.63,6.3,1890.65,8.63,Medium
Telangana,Hyderabad,Medium,2543.77,64.93,49.06,1616.22,5.11,1653.58,11.048,Medium
Karnataka,Mysuru,Medium,2696.39,58.87,85.74,1453.24,0.54,2231.38,18.226,High
Rajasthan,Makrana,Small,1730.11,73.69,25.3,2090.53,10.26,1888.57,7.001,Low
Rajasthan,Udaipur,Large,5701.79,98.0,73.66,1789.34,7.62,2050.11,21.182,High
Karnataka,Ramanagara,Medium,2768.33,79.53,59.82,2202.37,3.83,2456.97,17.55,High
Andhra Pradesh,Guntur,Small,1438.47,91.71,41.85,2187.49,9.79,1732.45,6.511,Low
Karnataka,Ramanagara,Medium,2478.35,76.09,56.39,1875.92,,2578.76,18.875,High
Rajasthan,Kishangarh,Small,1384.55,56.86,67.92,2363.6,10.76,2228.94,7.656,Low
Gujarat,Ahmedabad,Large,3918.31,84.17,48.22,1843.25,0.5,1835.16,15.093,Medium
Gujarat,Bhavnagar,Medium,2046.99,66.35,56.56,2027.36,3.35,1718.93,5.087,Low
Andhra Pradesh,Guntur,Small,2084.25,64.53,65.92,2043.26,12.37,1960.78,6.508,Low
Telangana,Khammam,Small,1449.86,72.07,46.98,1338.37,8.61,1881.56,6.216,Low
Karnataka,Mysuru,Small,1198.42,78.75,35.28,2453.93,4.98,1732.68,11.463,Medium
Andhra Pradesh,Nellore,Medium,2574.0,73.22,48.79,2081.85,4.38,2064.45,10.299,Medium
Tamil Nadu,Madurai,Medium,3564.7,84.53,89.93,832.33,3.15,2972.67,25.048,High
Tamil Nadu,Chennai,Small,2028.02,72.59,64.88,1302.16,9.99,2499.66,16.905,High
Rajasthan,Jodhpur,Small,1732.83,81.38,61.19,1791.09,13.42,2357.39,12.184,Medium
Rajasthan,Jodhpur,Small,1277.27,72.96,87.42,2809.08,5.74,2142.86,12.758,Medium
Gujarat,Rajkot,Small,1323.78,89.59,43.22,1321.06,12.88,1270.94,7.6,Low
Rajasthan,Makrana,Small,1453.0,58.06,53.64,2508.06,8.03,2168.61,4.317,Low
Tamil Nadu,Madurai,Medium,2383.59,66.02,47.09,1677.37,6.12,1990.77,14.599,Medium
Karnataka,Hassan,Medium,2906.94,73.99,74.12,869.07,4.1,2046.11,20.633,Medium
Rajasthan,Kishangarh,Large,5288.8,84.15,43.78,2170.03,6.91,1797.32,15.428,Medium
Gujarat,Bhavnagar,Large,3424.94,83.78,67.79,495.46,6.8,1746.5,11.753,Medium
Gujarat,Rajkot,Medium,2314.65,68.64,61.64,2156.11,2.54,1827.77,8.484,Medium
Karnataka,Chitradurga,Medium,3071.53,79.53,64.64,1599.93,9.42,2025.21,15.253,Medium
Rajasthan,Makrana,Large,5057.09,70.04,55.83,2179.77,4.74,2513.51,16.798,Medium
Tamil Nadu,Salem,Small,1883.74,81.94,72.89,1988.06,6.14,2721.38,17.828,High
Andhra Pradesh,Kadapa,Small,1421.07,78.54,62.02,1745.22,8.08,1955.94,8.317,Medium
Karnataka,Ramanagara,Small,1379.97,81.3,36.94,1771.4,5.02,2240.59,11.473,Medium
Andhra Pradesh,Nellore,Medium,2228.2,80.43,67.16,2468.46,4.78,1930.24,14.779,Medium
Karnataka,Ramanagara,Medium,3123.53,68.56,55.35,2021.98,7.11,2551.18,14.845,Medium
Tamil Nadu,Salem,Small,1692.15,77.41,56.27,1667.75,5.26,2916.11,12.872,Medium
Karnataka,Chitradurga,Medium,2261.47,98.0,36.61,1768.2,8.08,2197.98,17.695,High
Telangana,Khammam,Medium,2438.8,78.67,50.63,1406.25,4.83,1343.78,10.629,Medium
Karnataka,Bengaluru,Small,1198.95,67.46,62.98,1030.21,11.31,2279.8,12.006,Medium
Tamil Nadu,Krishnagiri,Small,2708.44,65.14,77.88,1772.81,16.16,2542.21,14.182,Medium
Telangana,Nizamabad,Small,805.58,88.57,60.15,1464.66,2.95,2046.18,10.118,Medium
Gujarat,Rajkot,Small,1035.09,73.9,49.83,624.66,6.26,1882.35,5.225,Low
Andhra Pradesh,Guntur,Large,4133.86,98.0,53.84,1283.03,7.54,1751.64,16.371,High
Andhra Pradesh,Guntur,Large,4910.34,89.42,61.49,1599.8,6.78,1889.91,21.189,High
Rajasthan,Makrana,Large,4782.17,64.57,61.94,2543.5,3.65,2329.13,17.295,High
Gujarat,Rajkot,Medium,2701.32,85.45,47.12,2178.53,4.09,1531.96,11.594,Medium
Tamil Nadu,Krishnagiri,Medium,3152.34,48.57,57.35,1607.17,4.77,2536.16,13.709,Medium
Andhra Pradesh,Guntur,Medium,2233.42,63.79,50.34,1571.21,3.65,1809.6,10.343,Medium
Tamil Nadu,Chennai,Medium,2934.78,84.82,68.7,1441.88,5.42,2560.35,23.989,High
Rajasthan,Kishangarh,Medium,2576.79,49.7,57.2,2414.79,3.88,2482.23,11.741,Medium
Tamil Nadu,Krishnagiri,Medium,3168.74,94.93,69.11,1489.36,0.5,2822.07,21.926,High
Tamil Nadu,Madurai,Small,1474.63,86.22,56.72,2195.15,7.44,2383.05,14.456,Medium
Rajasthan,Jodhpur,Medium,3013.41,62.67,67.85,2487.76,7.3,2412.91,10.711,Medium
Karnataka,Mysuru,Small,1740.36,86.93,41.77,1380.27,8.92,1789.8,9.361,Medium
Andhra Pradesh,Ongole,Medium,2310.65,49.89,68.93,1324.03,6.98,2028.2,12.561,Medium
Tamil Nadu,Salem,Medium,2637.55,65.93,65.21,2328.49,5.29,3059.52,17.324,High
Andhra Pradesh,Guntur,Small,1351.72,53.24,20.0,1594.32,8.16,1955.19,3.395,Low
Tamil Nadu,Chennai,Large,5696.13,56.8,72.78,,6.46,2623.43,19.939,High
Karnataka,Hassan,Small,1703.76,66.39,46.77,,6.24,2313.46,9.21,Medium
Tamil Nadu,Chennai,Small,2562.1,81.22,37.27,2225.0,6.66,2307.81,14.498,Medium
Tamil Nadu,Dharmapuri,Small,1578.8,78.03,44.9,1332.21,3.93,2498.85,17.735,High
Tamil Nadu,Madurai,Large,5348.5,79.08,55.16,1879.3,6.41,2522.4,18.279,High
Tamil Nadu,Krishnagiri,Medium,2337.35,75.27,41.15,2369.22,6.01,2396.58,14.789,Medium
Gujarat,Bhavnagar,Medium,1928.55,55.71,39.0,1853.88,2.76,2025.15,3.631,Low
Gujarat,Bhavnagar,Large,3592.26,68.53,91.98,1168.92,5.85,1915.67,15.439,Medium
Tamil Nadu,Dharmapuri,Small,1587.74,40.7,33.1,1749.45,2.73,2444.75,12.865,Medium
Andhra Pradesh,Guntur,Small,1126.75,84.68,43.63,1978.31,9.56,2087.51,10.031,Medium
Karnataka,Hassan,Small,4181.137120045472,75.73,62.44,1423.54,9.92,2098.63,12.92,Medium
Gujarat,Surat,Medium,2264.67,69.79,71.02,1513.5,7.19,1804.51,7.306,Low
Tamil Nadu,Chennai,Medium,2695.59,81.68,44.13,2167.86,3.09,2710.88,18.753,High
Andhra Pradesh,Guntur,Small,1269.75,88.8,55.19,2340.69,6.78,1701.64,10.361,Medium
Telangana,Nizamabad,Small,1432.55,73.96,62.43,1568.17,7.07,1839.98,8.378,Medium
Tamil Nadu,Krishnagiri,Small,1959.72,77.62,57.14,1344.25,5.3,1991.51,13.076,Medium
Tamil Nadu,Krishnagiri,Medium,3312.34,98.0,64.12,2212.46,9.98,2339.58,16.475,High
Tamil Nadu,Salem,Small,1694.38,65.76,31.14,1543.02,12.61,2059.17,6.497,Low
Andhra Pradesh,Ongole,Small,1832.87,84.35,40.23,,9.4,1668.71,9.23,Medium
Rajasthan,Udaipur,Small,1669.06,73.11,51.12,1828.88,11.7,2387.22,9.635,Medium
Rajasthan,Udaipur,Medium,3331.2,47.75,57.32,2719.85,3.22,1861.26,11.491,High
Andhra Pradesh,Ongole,Medium,2024.75,81.25,62.98,1953.25,5.4,2115.36,15.625,Medium
Andhra Pradesh,Kadapa,Medium,2760.8,69.95,42.17,1726.8,5.31,1708.27,7.874,Low
Telangana,Hyderabad,Medium,2354.76,62.73,77.17,1639.31,9.66,2005.06,7.062,Low
Andhra Pradesh,Ongole,Medium,2411.5,72.56,33.51,1397.55,8.92,1570.7,9.777,Medium
Gujarat,Vadodara,Large,3891.78,72.14,71.5,2124.33,6.88,1983.12,11.541,Medium
Andhra Pradesh,Kurnool,Small,1149.03,98.0,36.8,1285.66,10.88,1663.93,7.876,Low
Telangana,Hyderabad,Medium,2649.45,87.09,60.42,1445.44,3.24,1716.22,13.563,Medium
Karnataka,Hassan,Medium,2636.59,59.03,41.34,1547.43,5.32,2070.37,11.771,Medium
Andhra Pradesh,Kadapa,Small,1356.74,65.01,43.77,1193.34,7.12,1757.12,3.661,Low
Andhra Pradesh,Nellore,Medium,3241.95,84.28,63.3,1962.43,7.57,1779.79,13.346,Medium
Telangana,Warangal,Small,1653.03,89.16,62.79,2737.51,7.87,1829.71,12.505,Medium
Karnataka,Chitradurga,Small,1842.82,69.9,53.66,1294.32,6.54,1977.71,11.611,Medium
Rajasthan,Makrana,Small,1227.93,68.64,36.76,2564.24,7.9,1871.22,7.568,Low
Tamil Nadu,Krishnagiri,Small,1065.28,72.52,67.05,999.23,7.06,2614.85,16.96,High
Tamil Nadu,Dharmapuri,Medium,3075.88,76.42,52.2,2229.71,2.59,2693.69,19.927,High
Rajasthan,Kishangarh,Medium,3099.44,83.79,52.35,2021.55,9.09,2070.72,16.375,High
Tamil Nadu,Dharmapuri,Medium,2969.03,81.05,53.37,2133.05,5.85,2334.58,15.806,Medium
Tamil Nadu,Salem,Medium,3191.31,66.28,61.41,1173.13,6.54,2723.45,18.37,High
Karnataka,Hassan,Small,1396.55,69.64,51.01,2258.42,5.75,2419.77,14.387,Medium
Tamil Nadu,Salem,Medium,2357.9,51.47,70.48,990.33,4.23,2482.72,15.817,Medium
Rajasthan,Kishangarh,Large,4802.19,78.11,57.26,1512.51,,1592.27,20.925,High
Tamil Nadu,Krishnagiri,Small,1784.02,56.07,48.71,1576.27,3.0,2684.2,12.088,Medium
Gujarat,Bhavnagar,Medium,2439.69,67.98,48.49,836.73,5.22,1596.29,9.542,Medium
Tamil Nadu,Krishnagiri,Medium,3783.91,89.53,38.14,2081.09,7.38,2177.08,20.037,High
Rajasthan,Udaipur,Medium,2577.26,78.31,61.54,2492.39,5.1,2043.26,12.887,Medium
Gujarat,Rajkot,Small,1171.83,72.83,62.12,1671.57,0.5,2201.82,6.336,Low
Rajasthan,Jodhpur,Small,2264.87,72.46,50.38,1523.9,9.25,2151.1,12.08,Medium
Tamil Nadu,Dharmapuri,Medium,2520.34,90.58,91.88,1580.34,4.26,2676.84,24.749,High
Andhra Pradesh,Ongole,Large,4300.34,70.42,75.99,1801.19,1.68,2114.85,18.069,High
Telangana,Khammam,Small,1429.94,72.15,67.59,2305.9,7.31,2132.6,8.353,Medium
Telangana,Nizamabad,Large,4627.12,83.88,70.86,5567.081834428449,7.29,1854.56,18.054,High
Rajasthan,Kishangarh,Small,1757.11,69.28,45.26,2150.04,8.7,2389.24,8.471,Medium
Gujarat,Rajkot,Small,1050.77,98.0,32.04,1055.26,9.39,1556.84,6.119,Low
Karnataka,Bengaluru,Medium,3401.6,58.85,59.52,2485.67,5.39,2471.15,15.428,Medium
Rajasthan,Makrana,Medium,2847.91,52.35,64.79,2898.36,5.54,1963.09,13.087,Medium
Rajasthan,Kishangarh,Small,1204.37,73.53,61.38,1966.8,7.44,2067.55,11.372,Medium
Telangana,Karimnagar,Small,1185.49,71.3,43.71,2128.8,10.4,2137.82,3.783,Low
Rajasthan,Kishangarh,Large,4979.01,51.24,75.38,1821.37,7.77,2546.84,18.865,High
Andhra Pradesh,Guntur,Large,5335.61,83.9,58.2,2518.7,8.15,2205.21,16.956,High
Karnataka,Bengaluru,Small,1579.92,74.04,52.96,1145.53,10.88,2206.37,9.727,Medium
Andhra Pradesh,Nellore,Small,2046.55,88.61,56.87,1608.25,14.05,2130.81,7.976,Low
Andhra Pradesh,Ongole,Medium,2839.68,66.34,61.88,1991.16,5.34,2345.31,11.711,Medium
Tamil Nadu,Chennai,Medium,2571.5,48.78,72.04,844.23,4.49,2798.92,19.542,High
Karnataka,Mysuru,Small,2121.82,62.59,55.32,1406.13,8.24,2172.03,9.457,Medium
Andhra Pradesh,Kadapa,Large,4179.61,59.11,69.08,,6.32,2298.34,18.379,High
Gujarat,Bhavnagar,Small,943.66,96.91,74.9,1203.12,7.39,1726.98,14.094,Medium
Andhra Pradesh,Kurnool,Medium,2595.99,86.78,60.3,1714.22,4.55,1624.8,15.338,Medium
Gujarat,Rajkot,Medium,2172.03,87.75,54.11,2081.77,8.29,1555.8,8.543,Medium
Andhra Pradesh,Kurnool,Medium,2994.68,83.37,81.07,1400.55,7.23,2016.4,19.972,High
Tamil Nadu,Chennai,Small,1999.79,56.77,20.0,1101.23,10.25,2254.19,7.671,Low
Gujarat,Vadodara,Medium,2284.07,69.32,67.41,940.48,6.34,1851.37,9.999,Medium
Karnataka,Hassan,Large,5667.13,89.5,73.71,1733.33,4.62,2116.22,22.674,High
Rajasthan,Udaipur,Medium,2560.32,54.99,55.69,1473.35,6.39,1839.15,9.001,Medium
Telangana,Nizamabad,Medium,2173.93,81.07,60.28,1963.73,6.55,1855.58,9.716,Medium
Andhra Pradesh,Kadapa,Small,1394.0,83.19,52.35,1407.72,9.27,1440.58,7.507,Low
Tamil Nadu,Dharmapuri,Large,5538.44,98.0,65.73,1701.53,4.8,2661.04,25.1,High
Karnataka,Hassan,Large,5265.61,94.22,66.28,1463.42,4.55,2236.97,23.096,High
Tamil Nadu,Chennai,Medium,3404.21,73.46,61.49,1615.43,6.03,2144.28,14.574,Medium
Gujarat,Surat,Medium,1979.94,73.3,50.49,1939.89,9.97,1645.63,6.216,Low
Telangana,Karimnagar,Large,4993.69,86.46,64.9,2295.33,4.44,1965.34,16.83,High
Gujarat,Ahmedabad,Small,1397.36,83.15,37.72,841.82,9.71,1649.17,5.4,Low
Gujarat,Bhavnagar,Medium,2149.8,54.64,48.31,1950.65,5.02,1926.77,7.117,High
Karnataka,Hassan,Medium,2914.27,74.4,41.72,1873.23,7.67,2214.08,13.779,Medium
Tamil Nadu,Krishnagiri,Medium,3032.13,45.72,63.46,1620.19,2.48,2674.75,16.777,High
Telangana,Nizamabad,Large,4070.72,53.56,50.51,1207.25,10.35,1710.48,7.564,Low
Gujarat,Rajkot,Medium,1790.45,75.49,38.88,714.76,7.08,1423.42,6.302,Low
Gujarat,Surat,Small,920.5,83.33,31.18,1673.75,6.48,1475.14,3.982,Low
Karnataka,Ramanagara,Small,2086.26,53.1,34.42,1083.41,13.75,2317.14,8.06,Medium
Rajasthan,Jaipur,Small,1058.18,88.73,65.25,2319.43,6.28,2021.71,13.8,Medium
Karnataka,Chitradurga,Medium,2910.21,97.19,77.05,2509.41,5.74,2868.71,19.969,High
Karnataka,Ramanagara,Small,1565.13,80.5,58.24,1167.04,6.6,2039.56,13.624,Medium
Tamil Nadu,Madurai,Small,2098.75,73.69,29.99,1617.66,5.83,2479.63,14.327,Medium
Rajasthan,Makrana,Medium,2824.89,79.71,51.89,2171.99,6.13,2407.97,17.515,High
Andhra Pradesh,Kurnool,Large,4891.9,75.48,88.87,1997.54,8.03,1781.83,17.803,High
Telangana,Warangal,Large,4179.75,83.58,72.47,2616.93,8.82,2150.76,14.379,Medium
Tamil Nadu,Madurai,Large,4628.04,66.93,41.92,832.13,8.18,2230.8,13.856,Medium
Rajasthan,Jaipur,Medium,2766.63,73.73,84.45,2191.76,5.39,1942.96,17.479,High
Karnataka,Chitradurga,Small,1436.27,72.5,45.93,2119.46,5.77,1795.55,10.477,Medium
Tamil Nadu,Krishnagiri,Large,5502.43,83.92,59.67,1967.15,7.59,2611.81,23.31,High
Andhra Pradesh,Guntur,Small,1084.61,78.66,67.34,,11.02,2246.3,11.279,Medium
Andhra Pradesh,Nellore,Medium,2546.59,61.66,53.63,1279.91,2.32,2051.29,12.129,Medium
Tamil Nadu,Krishnagiri,Medium,3316.65,69.77,78.25,1713.86,0.5,3082.91,19.158,High
Telangana,Nizamabad,Large,3968.2,75.62,65.88,1791.45,9.38,1489.79,15.887,Medium
Tamil Nadu,Chennai,Medium,2564.17,94.07,52.02,1636.88,3.76,2582.01,18.119,High
Tamil Nadu,Madurai,Small,2022.95,74.91,49.32,1807.42,3.84,2664.58,17.376,High
Rajasthan,Kishangarh,Medium,3261.86,79.83,64.14,1520.67,6.99,2278.36,17.849,High
Andhra Pradesh,Nellore,Small,1837.61,84.58,56.25,2010.94,6.48,1513.17,6.653,Low
Telangana,Karimnagar,Large,3887.68,89.9,49.95,2066.85,2.11,2060.42,15.841,Medium
Rajasthan,Makrana,Medium,2714.36,40.87,37.7,2107.92,8.99,1958.09,5.717,Low
Tamil Nadu,Salem,Medium,3418.31,72.29,61.28,1460.19,6.12,2542.47,12.478,Medium
Tamil Nadu,Salem,Large,5889.19,91.85,65.64,2141.16,,2200.9,20.736,High
Rajasthan,Udaipur,Medium,3016.93,77.82,52.25,1827.19,8.28,2366.52,11.447,Medium
Tamil Nadu,Madurai,Small,1878.66,51.38,64.33,1441.58,8.39,2551.23,13.732,Medium
Telangana,Karimnagar,Small,975.34,64.55,52.04,2183.58,9.41,1832.93,3.784,Low
Gujarat,Rajkot,Medium,1608.08,60.92,68.85,1935.9,1.46,2151.92,10.399,Medium
Andhra Pradesh,Kadapa,Large,4769.28,84.82,61.79,1766.11,0.76,2300.58,20.04,High
Karnataka,Bengaluru,Medium,2662.0,69.56,39.67,1374.98,4.75,2266.01,17.811,High
Karnataka,Mysuru,Large,5207.33,98.0,82.56,,4.58,2436.92,26.2,High
Andhra Pradesh,Kadapa,Small,1770.63,74.17,57.68,947.04,9.01,1938.85,8.96,Medium
Tamil Nadu,Krishnagiri,Small,1616.61,76.86,32.32,1407.5,10.9,2154.81,9.107,Medium
Karnataka,Bengaluru,Small,1732.86,58.01,42.43,1566.93,10.93,1962.62,6.844,Low
Tamil Nadu,Chennai,Medium,3722.71,77.73,62.71,812.78,8.58,2410.0,19.297,High
Rajasthan,Jodhpur,Small,1790.98,98.0,67.91,1239.03,8.06,2355.38,15.941,Medium
Tamil Nadu,Salem,Small,1479.21,80.25,50.42,1902.58,6.28,2554.17,12.268,Medium
Rajasthan,Kishangarh,Medium,2219.48,68.95,67.64,2414.43,9.05,1673.68,12.175,Medium
Gujarat,Ahmedabad,Medium,2307.6,85.0,86.56,2218.28,7.34,2063.44,15.561,Medium
Karnataka,Chitradurga,Medium,2729.69,85.75,75.93,1831.0,4.36,1971.87,18.831,High
Gujarat,Bhavnagar,Medium,1950.1,75.81,62.4,1603.5,1.77,1854.11,10.893,Medium
Tamil Nadu,Chennai,Medium,3608.51,89.13,66.63,1775.45,8.46,2654.37,19.763,High
Telangana,Khammam,Medium,2589.4,84.09,49.47,2326.55,7.64,1642.01,5.935,Low
Tamil Nadu,Salem,Large,5599.73,83.37,67.18,1857.47,9.43,2372.52,21.088,High
Rajasthan,Makrana,Small,2310.63,79.51,55.09,2100.47,4.27,1986.38,11.572,Medium
Telangana,Warangal,Small,1748.0,64.62,41.37,2542.35,3.61,1915.82,2.827,Low
Karnataka,Mysuru,Small,1349.98,62.45,25.72,1949.68,10.37,1771.74,8.152,Medium
Tamil Nadu,Madurai,Small,2182.98,76.23,48.4,1846.77,,2635.02,14.318,Medium
Gujarat,Ahmedabad,Large,3799.95,67.91,49.89,2438.71,7.78,1880.22,8.614,Medium
Rajasthan,Makrana,Small,2170.82,80.33,70.79,2197.27,7.35,2574.74,14.534,Medium
Rajasthan,Jaipur,Large,5341.51,71.65,57.65,1718.57,8.86,2015.84,14.662,Medium
Telangana,Warangal,Small,1282.79,71.95,60.28,2324.58,6.94,2114.38,6.686,Low
Rajasthan,Jaipur,Large,4886.14,85.21,60.02,1959.92,1.98,2284.71,19.972,High
Tamil Nadu,Madurai,Medium,2617.94,61.84,49.17,1782.64,7.52,2274.61,12.956,Medium
Tamil Nadu,Salem,Medium,2854.04,76.58,67.84,1423.58,3.83,2680.06,23.135,Medium
Rajasthan,Makrana,Medium,2739.75,49.62,80.15,2148.94,,2259.07,17.373,Low
Tamil Nadu,Krishnagiri,Small,1315.77,82.45,52.08,1837.64,7.87,2426.59,10.844,Medium
Karnataka,Hassan,Medium,2967.11,82.77,44.53,1821.52,8.56,1779.28,13.609,Medium
Karnataka,Bengaluru,Small,1220.39,78.97,60.48,1742.77,5.81,2243.28,12.32,Medium
Tamil Nadu,Madurai,Medium,3136.51,77.77,35.7,1249.13,12.59,2128.69,13.488,Medium
Tamil Nadu,Krishnagiri,Medium,3405.44,70.32,80.32,1153.58,9.21,2933.3,16.696,High
Andhra Pradesh,Guntur,Small,1150.52,73.79,70.07,828.23,6.16,1815.23,15.362,Medium
Karnataka,Ramanagara,Large,5169.62,71.96,55.31,2186.11,3.89,2231.27,18.803,High
Tamil Nadu,Chennai,Small,1847.7,87.59,50.56,1170.39,3.8,2414.39,15.565,Medium
Rajasthan,Jaipur,Medium,2577.6,90.81,54.79,1839.98,5.76,2027.97,14.712,Medium
Rajasthan,Jaipur,Large,5052.62,80.29,62.18,1786.54,2.35,2442.98,21.709,High
Gujarat,Rajkot,Medium,2673.11,60.64,66.64,1858.1,6.49,1597.76,7.082,Low
Tamil Nadu,Krishnagiri,Medium,3529.98,76.48,38.11,2503.08,7.62,2405.2,12.909,Medium
Rajasthan,Udaipur,Medium,3553.18,87.95,72.82,1389.57,13.14,1989.37,16.935,High
Karnataka,Hassan,Large,4800.98,86.93,68.34,1818.41,6.7,2455.13,19.345,High
Karnataka,Hassan,Small,828.46,68.7,41.32,1322.84,11.14,2336.41,9.175,Medium
Karnataka,Chitradurga,Medium,2611.91,71.75,65.66,1210.66,2.49,2138.08,18.31,High
Telangana,Khammam,Medium,2532.9,54.69,80.25,1517.74,2.99,2034.13,9.874,Medium
Karnataka,Ramanagara,Small,1405.39,70.74,50.32,1570.06,5.03,2321.57,12.506,Medium
Tamil Nadu,Dharmapuri,Small,1112.76,69.49,69.13,1552.76,7.4,2309.49,14.106,Medium
Andhra Pradesh,Guntur,Small,976.28,74.35,67.27,1873.21,5.71,2067.35,12.157,Medium
Gujarat,Surat,Medium,2466.61,80.23,71.39,1862.07,4.0,1632.67,11.72,Medium
Tamil Nadu,Dharmapuri,Large,5453.04,98.0,74.62,2366.28,2.08,2829.99,24.706,High
Rajasthan,Makrana,Medium,2818.74,80.09,48.76,1827.83,7.53,2108.39,11.779,Medium
Andhra Pradesh,Guntur,Medium,3035.87,78.8,49.61,2140.51,3.96,2227.2,10.536,Medium
Andhra Pradesh,Ongole,Small,2292.63,78.12,92.0,1822.65,4.91,2183.46,14.938,Medium
Telangana,Karimnagar,Small,1708.18,71.1,56.21,2549.46,4.37,1974.28,6.544,Low
Rajasthan,Udaipur,Small,1965.15,87.24,50.32,1984.57,6.56,2114.68,14.793,Medium
Andhra Pradesh,Guntur,Medium,2928.96,72.15,73.07,1797.09,5.0,2051.5,14.431,Medium
Tamil Nadu,Chennai,Small,1955.09,84.93,31.18,1629.34,6.81,2647.88,13.953,Medium
Rajasthan,Kishangarh,Medium,3603.54,82.99,67.32,1630.66,4.25,2084.89,18.249,High
Tamil Nadu,Salem,Large,5086.64,84.98,89.95,1248.83,6.45,2606.92,25.396,High
Andhra Pradesh,Kadapa,Medium,2559.46,75.63,84.19,2096.84,4.24,1972.09,17.598,High
Rajasthan,Jaipur,Medium,2688.55,81.57,65.3,1998.09,3.68,2260.99,13.857,Medium
Andhra Pradesh,Guntur,Medium,2838.44,67.4,39.68,1891.56,8.59,1731.35,8.413,Medium
Tamil Nadu,Salem,Small,2221.21,68.88,62.61,952.82,8.7,2477.71,11.967,Medium
Karnataka,Chitradurga,Small,1769.84,68.82,44.19,1748.05,10.61,2075.75,5.898,Low
Rajasthan,Kishangarh,Large,5173.14,70.6,90.47,1487.51,6.25,2449.87,19.693,High
Rajasthan,Makrana,Medium,2885.93,58.82,69.94,2242.88,3.07,2323.01,18.324,High
Karnataka,Bengaluru,Medium,2827.89,53.98,57.04,1359.81,5.86,2343.36,12.84,Medium
Andhra Pradesh,Guntur,Small,1391.33,65.95,65.34,2358.93,7.57,2127.19,8.754,Medium
Rajasthan,Makrana,Medium,2689.43,47.52,54.57,1641.59,1.15,2244.56,15.84,Medium
Karnataka,Hassan,Small,1323.32,74.87,50.61,2218.0,2.63,1984.92,10.329,Medium
Tamil Nadu,Salem,Small,1567.72,78.79,70.83,1081.43,7.83,2587.39,16.047,High
Tamil Nadu,Madurai,Small,1997.83,84.12,52.05,1135.24,4.67,2447.71,15.837,Medium
Telangana,Warangal,Medium,2077.09,68.18,54.52,1511.23,3.25,1827.84,12.467,Medium
Tamil Nadu,Madurai,Small,2302.57,80.94,44.15,1200.2,9.86,2102.61,15.29,Medium
Andhra Pradesh,Ongole,Small,1309.66,58.29,64.88,2019.61,11.29,1892.5,4.36,Low
Andhra Pradesh,Kurnool,Medium,2986.61,80.82,55.21,1989.18,4.37,1831.33,11.797,Medium
Tamil Nadu,Dharmapuri,Medium,2571.72,51.65,77.04,1388.87,10.8,2532.02,16.826,High
Telangana,Nizamabad,Medium,2071.14,68.62,43.28,,3.63,1878.53,8.414,Medium
Rajasthan,Kishangarh,Medium,2867.59,66.57,45.23,1443.02,5.47,2008.71,12.51,Medium
Telangana,Karimnagar,Large,4398.7,95.28,83.97,2232.47,4.64,1491.63,18.178,High
Tamil Nadu,Dharmapuri,Small,1633.34,79.64,30.91,1904.37,11.39,2436.59,11.962,Medium
Rajasthan,Jodhpur,Small,1486.61,87.04,46.14,2307.7,7.41,1802.74,11.443,Medium
Karnataka,Hassan,Medium,3133.41,50.03,64.48,1734.09,3.46,2318.02,10.832,Medium
Tamil Nadu,Krishnagiri,Small,1590.19,88.01,70.72,1982.24,12.39,2227.72,12.416,Medium
Telangana,Warangal,Medium,2109.45,62.4,63.91,1214.22,4.22,2318.19,11.098,Medium
Andhra Pradesh,Nellore,Medium,2718.68,87.41,46.91,2023.27,3.84,2072.31,13.234,Medium
Telangana,Nizamabad,Large,3885.45,98.0,65.77,1502.26,0.5,1979.25,22.775,High
Karnataka,Mysuru,Large,5074.44,90.94,64.39,1689.02,0.78,2167.71,24.214,High
Tamil Nadu,Krishnagiri,Large,5581.69,68.79,76.97,1747.54,3.16,2801.49,23.209,High
Andhra Pradesh,Guntur,Small,1552.14,58.9,42.48,932.35,7.26,1760.5,7.455,Low
Gujarat,Surat,Large,3981.06,75.58,54.03,1808.08,10.01,1687.59,11.158,Medium
Gujarat,Vadodara,Small,1659.33,79.01,54.1,1443.55,8.1,1889.99,6.568,Low
Telangana,Nizamabad,Medium,2234.91,67.65,66.23,2434.91,8.28,1527.17,7.182,Low
Tamil Nadu,Salem,Medium,3505.63,52.34,39.22,905.6,5.66,2438.86,13.268,Medium
Rajasthan,Udaipur,Small,1828.95,84.14,20.0,2613.07,13.43,1611.55,3.322,Low
Telangana,Karimnagar,Medium,2738.05,67.2,55.17,2397.81,7.33,1937.62,9.246,Medium
Telangana,Karimnagar,Small,1073.11,88.68,83.49,1377.59,6.61,2060.12,15.254,Medium
Andhra Pradesh,Kadapa,Small,1818.04,80.06,39.29,1686.76,12.16,1286.4,7.046,Low
Gujarat,Surat,Large,3865.18,88.2,86.05,996.13,6.16,1895.78,19.966,High
Karnataka,Chitradurga,Small,1640.62,85.67,32.5,1618.27,7.8,1837.24,9.211,Medium
Rajasthan,Udaipur,Small,1672.01,88.34,57.47,3045.29,7.74,2326.59,9.768,Low
Rajasthan,Kishangarh,Medium,3294.11,81.6,72.66,1579.91,6.88,2245.55,19.081,High
Andhra Pradesh,Ongole,Large,4213.45,88.25,63.54,1602.2,2.25,1873.87,19.757,High
Rajasthan,Jodhpur,Small,2073.07,81.98,32.3,2440.04,9.78,1826.04,8.01,Medium
Andhra Pradesh,Guntur,Small,1752.15,65.27,52.74,1591.61,10.59,2138.39,8.556,Medium
Gujarat,Ahmedabad,Large,4079.95,88.32,83.65,1679.37,6.32,1797.73,17.006,High
Tamil Nadu,Dharmapuri,Small,1495.75,79.93,76.75,2019.06,8.12,2345.06,18.451,High
Rajasthan,Jaipur,Small,2025.3,84.86,31.92,1572.57,10.38,2247.55,11.314,Medium
Gujarat,Rajkot,Medium,2118.7,78.18,66.0,1299.05,7.8,1806.67,10.858,Medium
Tamil Nadu,Dharmapuri,Medium,3518.36,72.22,41.53,1866.17,5.09,2274.28,12.615,Medium
Telangana,Warangal,Large,4141.03,92.95,63.27,1864.1,2.83,1828.05,17.142,High
Telangana,Khammam,Small,1283.85,70.74,39.79,2043.33,11.73,1451.99,5.64,Low
Rajasthan,Makrana,Large,5178.14,84.99,61.43,1702.08,,2367.88,22.016,High
Rajasthan,Udaipur,Large,5535.21,91.58,88.33,2105.28,5.04,2164.61,26.974,Medium
Rajasthan,Makrana,Small,1461.02,62.21,51.83,2509.12,6.46,1974.37,7.163,Low
Rajasthan,Makrana,Small,2202.05,90.21,33.8,1576.36,12.55,2048.55,6.905,Low
Andhra Pradesh,Nellore,Large,4672.74,84.05,63.3,1800.54,5.73,2150.83,19.636,High
Rajasthan,Udaipur,Medium,2761.6,62.7,64.65,2422.06,6.03,2088.37,14.655,Medium
Karnataka,Mysuru,Medium,2563.62,72.39,64.69,1621.46,3.93,2244.04,16.746,High
Andhra Pradesh,Kurnool,Medium,2605.25,60.55,65.43,1890.11,2.67,1780.42,13.936,Medium
Karnataka,Bengaluru,Medium,2949.32,64.37,82.64,,,2969.52,22.546,High
Andhra Pradesh,Guntur,Large,4520.03,68.51,79.88,1440.02,4.84,2205.11,18.004,High
Tamil Nadu,Dharmapuri,Small,1586.18,71.1,70.26,1390.34,4.87,2620.46,18.723,High
Karnataka,Chitradurga,Small,1219.44,90.99,51.74,2041.08,6.81,1794.94,9.666,Medium
Andhra Pradesh,Ongole,Large,4567.39,80.13,86.94,1972.89,4.8,1992.34,19.899,High
Tamil Nadu,Chennai,Large,5767.43,70.63,56.88,,6.41,2445.16,20.562,High
Rajasthan,Jodhpur,Medium,2265.59,63.66,64.45,1957.65,0.5,2228.64,16.107,High
Karnataka,Chitradurga,Large,4416.97,86.22,83.26,2153.54,9.65,2171.53,22.205,High
Rajasthan,Makrana,Medium,2050.04,73.26,55.13,1532.48,6.15,1822.29,15.239,Medium
Rajasthan,Jaipur,Small,1193.84,67.88,43.21,2104.68,11.68,2005.36,6.259,Low
Karnataka,Chitradurga,Large,5145.32,87.42,79.95,2055.24,3.09,2451.53,22.061,High
Rajasthan,Makrana,Medium,2541.46,63.08,46.06,1766.01,4.9,1933.05,13.707,Medium
Tamil Nadu,Chennai,Small,1521.55,92.06,90.64,2526.26,8.61,2503.62,16.238,High
Tamil Nadu,Madurai,Small,1700.33,39.59,53.89,1986.51,9.21,2449.27,5.427,Low
Tamil Nadu,Salem,Medium,2379.54,74.79,48.7,1638.04,6.95,2037.7,15.35,Medium
Andhra Pradesh,Kurnool,Large,4838.22,96.24,74.93,1961.46,6.77,2195.4,19.765,High
Telangana,Khammam,Small,1838.83,87.37,80.57,1194.88,6.53,1705.44,10.481,Medium
Telangana,Nizamabad,Small,1109.04,78.52,62.58,1976.03,4.92,1950.03,7.149,Low
Telangana,Warangal,Medium,2597.03,61.45,55.72,1190.58,4.77,1271.68,9.384,Medium
Tamil Nadu,Madurai,Large,5609.59,81.24,65.53,1145.13,11.59,2477.41,20.65,High
Telangana,Warangal,Medium,1958.77,98.0,73.42,1479.68,2.09,2005.85,17.712,High
Telangana,Nizamabad,Medium,2454.58,80.78,33.46,1434.15,3.07,2024.89,11.553,Medium
Telangana,Warangal,Medium,3039.11,52.44,44.15,5301.492198780205,11.53,1603.17,5.026,Low
Andhra Pradesh,Kurnool,Small,1343.16,74.66,45.61,2359.86,7.91,1926.41,5.675,Low
Rajasthan,Udaipur,Medium,2943.94,59.19,67.03,2266.14,3.21,2349.22,14.289,Medium
Telangana,Warangal,Small,1164.53,59.08,47.03,2542.39,7.7,1560.67,4.433,Low
Telangana,Warangal,Large,4104.89,80.31,57.55,2201.46,5.41,1655.86,14.049,Medium
Rajasthan,Jodhpur,Small,1831.49,62.86,50.72,2591.99,11.36,2017.38,9.29,Medium
Karnataka,Chitradurga,Medium,2538.65,93.4,44.63,2395.27,8.64,2349.74,13.759,Medium
Telangana,Khammam,Small,2029.99,93.02,69.17,1466.63,9.77,1969.22,12.798,Medium
Karnataka,Chitradurga,Medium,2525.95,61.24,49.59,1602.06,7.56,2004.9,12.363,Medium
Telangana,Hyderabad,Small,1215.68,65.18,62.11,1222.0,9.13,1835.32,6.178,Low
Andhra Pradesh,Guntur,Small,766.96,81.94,45.65,1766.01,12.33,1530.72,7.653,Low
Rajasthan,Jaipur,Small,1999.95,84.51,58.01,2743.95,7.59,1957.92,10.737,Medium
Rajasthan,Udaipur,Medium,2870.99,67.76,59.17,2573.24,3.75,2287.06,15.19,Medium
Tamil Nadu,Krishnagiri,Small,1755.0,85.98,27.68,1972.32,12.83,1953.55,10.829,Medium
Rajasthan,Makrana,Medium,3105.7,97.98,42.27,2109.08,7.55,1918.24,16.464,High
Tamil Nadu,Salem,Medium,3714.03,77.24,40.94,2029.17,6.26,2592.73,15.909,Medium
Karnataka,Chitradurga,Medium,2931.56,65.41,67.33,1050.32,3.19,2267.0,15.039,Medium
Tamil Nadu,Madurai,Medium,3624.25,86.86,71.51,1636.13,4.71,2732.82,21.878,High
Telangana,Hyderabad,Large,3906.34,75.3,55.49,2500.62,9.52,1593.27,14.581,Medium
Tamil Nadu,Chennai,Small,1337.96,67.56,64.91,1157.28,7.73,2047.28,16.699,High
Karnataka,Hassan,Small,1514.86,81.37,40.11,1869.7,9.01,2198.61,9.333,Medium
Gujarat,Rajkot,Large,3780.07,98.0,68.2,1842.8,,1565.85,18.741,High
Tamil Nadu,Salem,Small,2096.59,76.17,49.48,1451.84,6.21,2366.17,12.698,Medium
Rajasthan,Jodhpur,Large,4671.42,56.52,55.12,1152.03,5.71,1920.8,19.319,High
Tamil Nadu,Salem,Small,1624.87,75.03,66.07,,7.82,2744.46,16.176,High
Rajasthan,Udaipur,Medium,2276.62,80.68,52.27,2246.77,4.68,2254.89,14.939,Medium
Andhra Pradesh,Kadapa,Small,1416.51,98.0,46.44,1859.23,9.55,1942.13,11.341,Medium
Tamil Nadu,Salem,Large,5346.2,81.27,92.0,850.34,7.04,2645.76,22.468,High
Rajasthan,Jodhpur,Medium,3172.32,75.47,85.2,2149.63,3.03,2550.96,18.336,High
Gujarat,Bhavnagar,Small,1566.91,80.76,50.88,1254.82,12.51,1907.04,6.889,Low
Andhra Pradesh,Guntur,Small,1619.57,76.46,64.29,1989.92,5.66,1682.28,8.726,Medium
Gujarat,Bhavnagar,Small,634.91,61.38,81.67,1827.38,2.45,1787.39,8.331,High
Andhra Pradesh,Kadapa,Medium,2328.19,53.58,74.89,1205.02,6.24,2033.57,12.86,Low
Rajasthan,Kishangarh,Small,1786.49,67.16,35.27,,9.66,1966.31,7.845,Low
Rajasthan,Jaipur,Small,1284.64,48.88,48.94,2155.74,9.83,2385.61,6.182,Low
Andhra Pradesh,Nellore,Medium,2280.8,78.58,56.48,978.2,4.92,2046.93,13.808,Medium
Karnataka,Hassan,Medium,3440.23,76.23,47.67,1360.15,8.16,1939.56,12.707,Medium
Rajasthan,Udaipur,Small,1105.71,83.35,55.05,1576.8,,2037.81,9.932,Medium
Telangana,Nizamabad,Small,1481.05,58.96,48.36,1522.76,14.96,1765.22,4.36,Low
Rajasthan,Kishangarh,Medium,3142.4,53.69,66.88,2098.85,5.46,1772.43,10.783,Medium
Rajasthan,Kishangarh,Large,4937.08,98.0,57.74,2745.35,5.75,2025.95,21.883,High
Karnataka,Mysuru,Small,1192.33,75.24,38.94,1146.82,7.69,1927.16,12.389,Medium
Rajasthan,Jodhpur,Medium,2554.0,87.93,73.06,2559.5,2.6,2214.49,18.974,High
Andhra Pradesh,Guntur,Small,1051.02,70.11,46.02,1824.2,9.17,1550.24,7.099,Low
Tamil Nadu,Krishnagiri,Small,1999.1,82.35,70.03,1667.95,6.05,2425.77,14.501,Medium
Telangana,Nizamabad,Medium,2440.2,78.07,47.54,2010.01,3.17,2323.62,12.941,Medium
Rajasthan,Makrana,Small,1473.08,65.47,49.4,2777.65,7.07,1743.86,6.177,Low
Andhra Pradesh,Kadapa,Medium,2756.94,76.84,66.78,1708.23,7.91,1792.01,9.6,Medium
Andhra Pradesh,Kurnool,Large,4234.1,81.47,50.38,1529.66,1.52,2263.12,18.629,High
Andhra Pradesh,Kurnool,Large,4829.39,59.77,74.35,1432.92,5.65,2257.9,20.282,High
Rajasthan,Kishangarh,Small,1630.58,85.58,69.18,1593.41,6.44,1810.51,13.124,Medium
Rajasthan,Udaipur,Small,1346.01,72.18,60.66,1318.49,2.77,2209.67,14.767,Medium
Telangana,Warangal,Large,4218.1,73.05,50.08,1983.69,3.47,2009.15,15.223,Medium
Telangana,Karimnagar,Small,1133.16,77.62,42.52,2616.91,12.14,1770.12,4.212,Low
Karnataka,Hassan,Medium,3374.31,69.19,47.04,2548.7,6.53,2058.2,10.085,Medium
Tamil Nadu,Madurai,Small,1653.88,69.82,41.05,1948.9,5.03,2517.4,12.721,Medium
Gujarat,Bhavnagar,Small,1180.78,76.15,64.53,1733.9,7.44,1881.01,10.775,Medium
Telangana,Khammam,Small,1038.12,73.2,41.06,1434.17,12.15,1591.45,6.253,Low
Tamil Nadu,Chennai,Large,5492.73,76.92,61.11,1333.62,9.26,2121.79,17.02,High
Rajasthan,Jodhpur,Large,5049.64,98.0,63.49,2203.94,5.04,2374.72,24.177,High
Gujarat,Rajkot,Small,1112.01,61.26,40.95,1499.7,9.47,2159.62,3.722,Low
Karnataka,Bengaluru,Large,4867.96,56.71,56.15,1505.61,5.14,2076.08,19.464,High
Telangana,Khammam,Small,1128.09,74.34,80.72,1628.79,10.35,2279.22,7.444,Low
Rajasthan,Jaipur,Small,1216.94,68.33,45.76,2227.33,4.19,2069.44,8.984,Low
Tamil Nadu,Dharmapuri,Medium,3013.23,63.53,70.64,1638.16,6.59,2534.95,17.085,High
Telangana,Hyderabad,Medium,1946.05,75.1,53.52,2191.41,4.81,2186.43,12.991,Medium
Tamil Nadu,Salem,Small,1431.36,76.09,39.73,2117.55,11.16,2627.5,10.253,Medium
Rajasthan,Makrana,Small,1226.27,71.86,32.87,2035.94,7.66,1716.0,6.704,Low
Tamil Nadu,Salem,Large,5198.99,78.17,76.36,1809.05,2.73,2753.46,24.248,High
Rajasthan,Kishangarh,Large,5022.41,83.07,50.97,1614.83,0.63,2423.24,24.853,High
Karnataka,Hassan,Large,5218.57,78.67,73.03,1300.9,6.57,2179.44,19.875,Low
Telangana,Karimnagar,Small,1694.28,75.32,45.11,1525.2,4.4,1901.38,7.945,Low
Karnataka,Mysuru,Medium,2897.14,55.24,44.62,1287.3,5.36,1848.67,10.263,Medium
Rajasthan,Makrana,Small,1410.76,85.71,31.81,2052.28,6.85,1879.17,10.807,Medium
Andhra Pradesh,Ongole,Large,4026.79,58.58,32.04,2472.57,5.42,2065.7,8.7,Medium
Tamil Nadu,Salem,Small,1361.43,63.71,61.78,1533.25,10.39,2525.92,12.294,Medium
Rajasthan,Jaipur,Small,1446.97,57.57,48.78,2459.52,12.55,2212.75,4.82,Low
Tamil Nadu,Krishnagiri,Medium,2983.98,74.32,64.03,1299.66,11.12,2472.44,17.003,High
Tamil Nadu,Chennai,Large,5447.43,76.85,70.64,1559.29,3.18,2614.12,24.234,High
Gujarat,Rajkot,Medium,2471.7,70.87,81.42,1319.84,3.61,2260.54,15.546,Medium
Rajasthan,Jodhpur,Small,1006.47,61.08,42.54,2444.51,7.37,2397.69,8.699,Medium
Karnataka,Ramanagara,Medium,3354.32,64.45,57.62,2616.29,1.24,2573.21,17.965,High
Gujarat,Surat,Large,3238.94,48.8,74.85,1327.49,5.45,1750.51,15.939,Medium
Rajasthan,Jaipur,Small,1779.1,66.06,58.19,1500.9,7.51,2474.78,15.958,Medium
Tamil Nadu,Salem,Large,4851.23,68.08,66.8,2097.3,5.96,2621.99,21.172,High
Tamil Nadu,Madurai,Large,5755.7,83.26,45.42,1568.71,5.85,2109.04,21.162,High
Tamil Nadu,Dharmapuri,Small,1183.29,98.0,24.63,2077.72,3.99,2390.44,13.062,Medium
Rajasthan,Jodhpur,Small,735.74,92.33,51.67,1520.34,3.71,2269.67,13.983,Medium
Tamil Nadu,Madurai,Small,1572.75,73.25,69.49,1457.38,8.83,2564.1,15.376,Medium
Telangana,Hyderabad,Small,1448.29,59.59,73.23,1967.19,7.9,1636.27,5.662,Low
Telangana,Khammam,Medium,2860.89,48.08,28.99,2228.3,8.21,1524.74,4.631,Low
Rajasthan,Jaipur,Medium,2680.97,71.67,65.34,1916.7,3.85,2359.3,12.702,Medium
Rajasthan,Jaipur,Medium,2449.16,66.95,61.43,2476.43,5.76,1974.27,13.21,Medium
Telangana,Khammam,Small,1204.86,62.5,42.38,2501.29,7.77,1634.22,2.304,Low
Karnataka,Mysuru,Medium,4097.75,51.73,58.84,1689.34,9.52,2541.43,12.493,Medium
Tamil Nadu,Dharmapuri,Medium,2798.47,82.74,46.28,1939.55,10.14,2200.86,15.59,Medium
Andhra Pradesh,Kadapa,Large,4712.11,83.69,49.29,1825.81,3.37,2150.69,15.481,Medium
Telangana,Karimnagar,Small,1343.82,65.83,36.55,2350.41,8.98,1808.2,2.474,Low
Tamil Nadu,Salem,Medium,3228.52,80.1,89.59,2142.9,7.66,2457.28,17.778,High
Telangana,Karimnagar,Large,4263.6,78.83,61.84,2130.01,9.8,1728.74,15.842,Medium
Gujarat,Ahmedabad,Medium,2054.59,85.8,34.1,1310.49,4.6,1623.26,5.91,Low
Telangana,Nizamabad,Small,564.38,84.42,28.73,1358.67,10.41,1730.49,4.271,Low
Tamil Nadu,Krishnagiri,Small,1571.23,80.13,75.05,1968.26,8.24,2338.61,16.975,High
Andhra Pradesh,Ongole,Large,4618.17,69.58,59.12,1424.2,5.34,2099.13,18.373,High
Karnataka,Chitradurga,Small,1707.38,82.21,53.59,1913.37,1.94,2541.71,17.336,High
Telangana,Warangal,Large,4312.97,93.92,78.82,1421.27,5.47,1969.85,21.059,High
Tamil Nadu,Dharmapuri,Large,5446.83,90.03,54.2,2147.26,5.76,2266.54,20.149,High
Telangana,Khammam,Small,1027.95,60.9,41.19,2323.06,11.44,1846.97,2.869,Low
Rajasthan,Makrana,Medium,3046.58,55.58,61.88,2476.53,6.05,2096.65,8.984,Medium
Tamil Nadu,Salem,Small,1692.32,92.08,43.41,1341.97,11.33,2411.36,12.263,Medium
Tamil Nadu,Dharmapuri,Small,1644.44,65.14,38.28,1903.62,3.91,2792.69,10.35,Medium
Tamil Nadu,Salem,Medium,3058.79,77.65,83.92,1417.18,6.75,2675.59,19.408,High
Rajasthan,Jaipur,Medium,2801.89,87.06,43.01,1484.54,4.97,1873.3,14.878,Medium
Rajasthan,Jaipur,Small,1346.38,91.01,45.13,,7.29,1714.07,8.516,Medium
Telangana,Karimnagar,Large,4964.33,86.3,92.0,1235.14,4.93,2073.1,23.702,High
Karnataka,Hassan,Small,1548.66,69.32,20.0,1424.46,4.18,2018.07,6.957,Low
Rajasthan,Jodhpur,Medium,2231.31,74.05,85.95,2378.29,7.67,2046.95,16.173,High
Andhra Pradesh,Nellore,Medium,2494.79,74.41,67.49,1987.25,11.93,1645.02,7.334,Low
Andhra Pradesh,Ongole,Small,1596.93,78.76,52.3,2321.63,4.28,1852.09,10.047,Medium
Karnataka,Chitradurga,Large,4828.58,69.31,73.31,1457.66,3.78,2329.46,18.938,High
Telangana,Karimnagar,Medium,2300.24,39.14,59.67,1051.48,7.65,2126.88,9.845,Medium
Karnataka,Bengaluru,Medium,3015.5,62.31,43.1,2232.72,5.78,1970.65,11.633,Medium
Tamil Nadu,Salem,Medium,3334.18,79.26,59.14,1275.24,8.45,2233.82,16.343,High
Rajasthan,Makrana,Small,1361.88,76.12,60.59,1544.0,2.63,2294.12,15.163,Medium
Andhra Pradesh,Guntur,Small,1258.11,91.03,61.35,2518.95,4.91,1813.92,11.092,Medium
Karnataka,Mysuru,Medium,3080.74,85.15,51.99,1979.27,6.62,1974.57,16.557,High
Andhra Pradesh,Guntur,Large,4836.74,70.39,79.73,924.37,,2360.57,23.068,High
Rajasthan,Udaipur,Large,4698.2,82.07,80.45,2356.31,1.83,2572.16,22.505,High
Andhra Pradesh,Nellore,Small,1507.04,37.94,40.36,2017.75,2.53,2116.44,4.859,Low
Telangana,Nizamabad,Medium,2328.08,85.59,30.62,2308.48,7.41,1770.26,6.111,Low
Telangana,Nizamabad,Small,954.67,70.34,53.38,1680.01,6.12,2150.96,9.687,Medium
Gujarat,Ahmedabad,Small,1537.98,79.44,34.51,1088.44,4.46,1269.89,6.746,Low
Andhra Pradesh,Kurnool,Medium,2919.53,71.59,71.66,1550.59,7.05,1904.84,14.566,Medium
Andhra Pradesh,Kurnool,Medium,3033.8,85.07,51.43,1477.12,7.55,1749.11,12.111,Medium
Karnataka,Mysuru,Small,2031.55,72.33,57.83,1493.77,3.9,2411.14,11.114,High
Andhra Pradesh,Ongole,Medium,2573.34,83.98,54.76,2273.56,6.24,1452.08,10.266,Medium
Andhra Pradesh,Kadapa,Medium,2866.87,79.42,68.44,1110.47,4.5,2013.32,11.418,Medium
Rajasthan,Makrana,Small,1687.96,73.92,43.72,2518.3,9.74,1968.8,7.945,Low
Tamil Nadu,Salem,Medium,2707.52,77.3,29.3,2109.02,2.69,2536.98,17.124,High
Andhra Pradesh,Nellore,Small,1137.7,73.04,35.76,1504.76,4.82,2225.94,6.44,Low
Telangana,Karimnagar,Medium,2637.68,74.18,20.0,1648.56,6.3,1561.39,10.246,Medium
Rajasthan,Jodhpur,Large,5126.46,73.61,45.95,2126.8,3.73,2136.57,15.887,Medium
Gujarat,Rajkot,Medium,1962.37,75.07,59.86,,10.26,1702.27,5.624,Low
Andhra Pradesh,Guntur,Large,4659.58,71.62,77.18,2095.3,7.72,2039.46,14.556,Medium
Tamil Nadu,Chennai,Small,2420.02,75.85,46.56,1258.51,6.23,2329.49,15.385,Medium
Rajasthan,Jodhpur,Medium,2159.39,92.55,52.92,1702.84,4.74,2064.39,15.911,Medium
Karnataka,Mysuru,Medium,3107.32,70.86,42.92,1769.77,5.31,2207.66,15.19,Medium
Telangana,Warangal,Medium,2852.51,79.34,66.6,1396.98,2.1,2230.65,17.381,High
Rajasthan,Udaipur,Large,5398.75,51.33,62.23,2984.18,4.41,2108.45,13.716,Medium
Rajasthan,Udaipur,Medium,2415.61,61.68,67.95,2724.37,8.97,2174.75,12.762,Medium
Telangana,Hyderabad,Medium,2250.0,75.95,64.28,1226.38,0.5,2186.76,12.193,Medium
Telangana,Warangal,Small,1337.06,78.08,56.36,2330.76,8.63,1966.63,5.758,Low
Gujarat,Bhavnagar,Small,1139.14,79.24,41.42,1702.47,,1795.95,4.093,Low
Gujarat,Vadodara,Medium,1754.83,94.34,57.33,1629.33,8.42,2097.89,13.212,Medium
Tamil Nadu,Krishnagiri,Medium,3415.33,69.5,63.7,1303.34,8.38,2951.96,16.869,High
Karnataka,Hassan,Large,4917.61,82.51,52.83,1166.41,5.22,2718.18,21.977,High
Rajasthan,Makrana,Small,1620.61,63.56,57.85,1666.8,11.2,2089.07,8.528,Medium
Karnataka,Ramanagara,Small,2063.33,91.67,26.04,1568.21,9.7,2110.91,15.931,Medium
Andhra Pradesh,Guntur,Medium,2832.56,60.66,71.99,1417.73,10.61,1967.06,11.278,Medium
Tamil Nadu,Madurai,Large,5656.5,70.06,67.93,2245.48,,2399.99,20.702,High
Andhra Pradesh,Nellore,Large,4028.25,68.77,85.54,2137.59,3.66,2454.81,16.969,High
Telangana,Nizamabad,Small,1529.33,85.74,78.46,1386.57,14.49,1866.03,9.509,Medium
Tamil Nadu,Krishnagiri,Small,1856.15,76.85,44.58,2307.58,7.32,2484.72,12.957,Medium
Tamil Nadu,Chennai,Medium,2319.59,75.82,66.08,2004.15,2.98,2561.02,17.836,High
Rajasthan,Jodhpur,Small,1459.26,74.19,61.28,2169.9,8.99,1862.31,9.456,Medium
Rajasthan,Udaipur,Large,4509.16,94.61,60.83,2043.52,7.28,2073.72,21.096,High
Tamil Nadu,Salem,Medium,2645.61,71.39,31.45,2524.78,6.16,2388.26,11.663,Medium
Telangana,Karimnagar,Small,834.24,96.96,38.68,,10.44,1575.41,8.312,Medium
Tamil Nadu,Dharmapuri,Small,979.15,85.74,46.86,1550.28,11.97,2405.25,11.001,Medium
Rajasthan,Jaipur,Small,1455.65,53.39,56.27,2180.61,8.51,1859.45,6.553,Low
Rajasthan,Makrana,Large,4664.28,84.5,90.21,2620.68,7.2,2113.17,22.652,High
Telangana,Warangal,Small,1506.08,82.06,52.22,1403.83,10.75,1997.98,9.281,Medium
Karnataka,Ramanagara,Small,1545.77,70.13,73.66,2189.64,4.81,2173.77,16.375,High
Karnataka,Ramanagara,Large,4667.32,81.88,85.07,1619.9,6.19,2583.82,21.526,High
Karnataka,Hassan,Small,896.51,55.03,39.41,2006.46,12.02,2008.66,5.654,Low
Tamil Nadu,Krishnagiri,Medium,2824.03,61.14,43.92,1685.75,10.27,2270.66,13.717,Medium
Andhra Pradesh,Guntur,Small,1924.56,68.02,45.47,944.86,5.92,2012.89,11.748,Medium
Telangana,Karimnagar,Medium,2716.27,56.65,35.89,2690.87,6.31,2168.06,8.004,Medium
Rajasthan,Kishangarh,Small,1231.64,74.9,73.51,2138.73,0.5,2295.51,15.189,Medium
Tamil Nadu,Krishnagiri,Small,1529.94,79.72,68.57,1815.72,10.3,2901.9,15.941,Medium
Tamil Nadu,Dharmapuri,Medium,3504.82,60.26,77.42,1826.7,6.94,2488.37,14.739,Medium
Tamil Nadu,Madurai,Small,1539.74,56.08,32.63,1296.92,3.57,2386.98,15.27,Medium
Rajasthan,Udaipur,Medium,2752.69,57.91,53.18,1904.75,7.62,2745.27,13.128,Medium
Rajasthan,Jaipur,Small,2218.96,86.85,50.45,1686.46,7.54,2037.18,12.675,Medium
Tamil Nadu,Dharmapuri,Medium,3523.75,53.6,62.5,2165.97,7.55,2427.26,15.608,Medium
Gujarat,Bhavnagar,Large,3923.7,82.05,57.19,1669.16,7.42,1854.94,13.672,Medium
Rajasthan,Jaipur,Small,1807.86,89.35,20.0,2410.84,7.92,1892.22,12.265,Medium
Rajasthan,Jaipur,Small,1663.61,64.81,64.42,2009.59,3.19,2447.13,16.926,High
Rajasthan,Jodhpur,Large,5009.69,67.18,91.57,1475.83,4.41,2258.44,21.047,High
Telangana,Nizamabad,Medium,2119.71,82.79,86.07,2256.69,4.13,1962.87,15.102,Medium
Tamil Nadu,Krishnagiri,Small,1548.08,77.96,50.14,2203.15,3.1,2568.73,14.506,Medium
Andhra Pradesh,Guntur,Medium,2108.08,68.63,57.28,2066.42,5.28,1780.69,7.465,Low
Telangana,Nizamabad,Small,1415.9,67.29,37.35,2599.39,10.51,2035.1,4.724,Low
Rajasthan,Jodhpur,Small,1231.4,77.04,52.45,2036.17,4.67,2056.51,11.841,Medium
Rajasthan,Jaipur,Large,4814.59,80.14,62.81,1461.88,6.35,2277.38,21.329,High
Karnataka,Bengaluru,Medium,2336.37,67.29,49.2,1475.62,6.54,2371.0,11.343,High
Rajasthan,Jaipur,Medium,2681.48,94.3,28.58,2829.91,7.01,2017.59,14.65,Medium
Andhra Pradesh,Guntur,Small,1438.49,86.3,69.04,2665.21,5.53,1726.08,11.23,Medium
Karnataka,Chitradurga,Small,1920.3,84.07,57.82,2026.99,13.25,2417.52,8.928,Medium
Telangana,Hyderabad,Large,4233.34,74.55,58.65,1954.14,7.07,1877.82,11.438,Medium
Gujarat,Bhavnagar,Small,928.85,55.88,57.14,1904.58,3.69,1925.91,5.714,Low
Karnataka,Mysuru,Small,1626.47,98.0,43.57,2034.75,7.91,1913.92,11.977,Medium
Telangana,Nizamabad,Small,2067.36,69.24,22.34,2492.79,6.05,1696.64,2.341,Low
Rajasthan,Udaipur,Medium,2523.31,75.13,71.81,2144.13,4.59,1958.82,16.419,High
Telangana,Khammam,Small,1645.12,82.58,59.3,1920.35,11.17,1519.15,8.325,Medium
Andhra Pradesh,Kurnool,Small,989.29,65.99,60.03,1736.83,8.98,1930.26,8.146,Medium
Rajasthan,Jodhpur,Large,4425.36,91.12,65.63,1301.4,9.52,2228.0,17.922,High
Telangana,Warangal,Medium,2449.15,76.76,72.81,1276.15,5.94,1747.47,13.105,Medium
Tamil Nadu,Dharmapuri,Small,1653.79,68.44,66.49,1296.09,10.88,2357.81,13.459,Medium
Karnataka,Bengaluru,Medium,2377.01,73.59,25.85,1319.71,4.52,2229.26,10.565,Medium
Rajasthan,Kishangarh,Small,1468.41,58.92,50.78,2330.21,5.9,2305.13,10.057,Medium
Rajasthan,Jodhpur,Medium,2860.66,49.15,38.13,2365.74,6.84,2071.48,9.117,Medium
Rajasthan,Jodhpur,Medium,2666.8,98.0,51.62,1529.24,6.98,2259.22,13.924,Medium
Telangana,Karimnagar,Small,1646.18,98.0,28.63,1206.34,12.0,1804.68,5.691,Low
Gujarat,Bhavnagar,Small,1558.96,80.14,82.63,1497.26,5.35,1630.22,11.083,Medium
Rajasthan,Makrana,Medium,3122.1,90.27,57.03,2057.2,9.4,2130.25,16.599,High
Tamil Nadu,Chennai,Large,5069.99,95.77,56.76,560.75,0.5,2544.57,21.549,High
Karnataka,Mysuru,Medium,2656.18,80.87,48.84,2033.77,9.99,2203.81,15.407,Medium
Rajasthan,Kishangarh,Small,1407.35,68.42,85.93,1634.4,4.52,1871.69,13.865,Medium
Andhra Pradesh,Kadapa,Small,1499.8,89.59,68.18,1636.84,11.01,2001.55,13.293,Medium
Tamil Nadu,Madurai,Small,1576.39,86.37,20.0,943.44,6.29,2304.56,8.065,Medium
Rajasthan,Jodhpur,Small,1698.65,84.1,69.18,1458.34,7.27,2037.06,12.726,Medium
Andhra Pradesh,Guntur,Medium,2657.89,72.41,49.72,1263.31,5.16,1901.65,13.215,Medium
Rajasthan,Jaipur,Medium,2589.08,79.86,66.95,1926.19,1.67,2616.77,20.091,High
Rajasthan,Makrana,Small,985.14,79.3,46.74,2444.65,7.23,1717.16,11.813,Medium
Gujarat,Surat,Small,793.49,69.95,23.79,1484.03,7.46,1407.46,4.094,Low
Tamil Nadu,Salem,Medium,2838.75,83.6,46.46,1785.74,3.24,2501.81,17.695,High
Andhra Pradesh,Kadapa,Small,1636.6,89.43,52.15,2103.3,13.26,1522.31,8.738,Medium
Andhra Pradesh,Guntur,Large,4695.79,97.86,65.27,1307.73,5.79,2035.82,22.695,High
Andhra Pradesh,Guntur,Medium,2966.54,82.39,44.46,1661.56,5.19,1632.84,14.136,Medium
Karnataka,Bengaluru,Large,4719.55,79.71,64.24,1705.25,8.55,1875.22,18.067,High
Karnataka,Mysuru,Large,5165.99,90.2,73.95,1161.89,6.9,2319.55,24.677,High
Andhra Pradesh,Guntur,Large,4648.51,64.62,77.09,3791.8929894799085,4.45,2589.38,18.37,Low
Telangana,Karimnagar,Small,1602.44,73.7,65.3,1714.61,5.89,1626.63,11.817,Medium
Tamil Nadu,Madurai,Large,5248.28,98.0,68.86,1802.53,8.48,2623.85,23.07,High
Telangana,Warangal,Small,977.2,93.91,33.0,2107.85,9.09,1561.2,7.619,Low
Tamil Nadu,Krishnagiri,Small,2262.79,88.93,59.46,1662.83,13.18,2687.81,16.551,High
Gujarat,Rajkot,Medium,2069.92,71.45,62.76,1441.72,1.73,1907.61,10.229,Medium
Rajasthan,Jodhpur,Small,1612.87,49.31,64.51,2045.39,9.79,1800.38,6.89,Low
Rajasthan,Jaipur,Small,1594.41,86.75,38.71,2804.9,8.69,2324.66,13.355,Medium
Rajasthan,Udaipur,Small,1054.73,79.89,64.52,2209.08,4.55,2180.97,14.508,Medium
Andhra Pradesh,Kadapa,Small,1422.19,82.76,56.72,1209.78,8.03,1763.74,13.106,Medium
Tamil Nadu,Dharmapuri,Medium,2694.3,52.56,65.55,1831.09,2.96,2837.33,15.315,Medium
Gujarat,Bhavnagar,Small,1359.0,67.45,41.29,1515.59,9.32,1650.43,2.54,Low
Tamil Nadu,Chennai,Medium,3088.2,98.0,31.3,1502.46,10.07,2261.38,16.083,High
Andhra Pradesh,Nellore,Large,4292.72,65.8,41.02,1905.84,6.02,1374.5,11.007,Medium
Karnataka,Mysuru,Medium,3102.1,78.46,78.2,2533.05,4.07,2038.65,13.173,Medium
Rajasthan,Makrana,Medium,2817.84,63.95,84.37,1914.84,3.67,2519.05,19.77,High
Rajasthan,Udaipur,Large,4678.53,82.85,77.5,2748.31,7.12,2116.48,22.677,High
Andhra Pradesh,Kurnool,Small,1212.99,74.63,33.92,2301.98,10.39,2002.62,7.703,Low
Telangana,Nizamabad,Medium,2582.23,91.71,56.71,2247.26,4.74,1473.79,15.372,Medium
Tamil Nadu,Salem,Large,5541.37,78.21,71.25,1472.57,8.4,2378.78,23.294,High
Andhra Pradesh,Guntur,Large,3966.09,88.62,72.23,1262.5,10.24,2000.83,17.247,High
Karnataka,Mysuru,Medium,2871.83,98.0,57.47,1828.86,6.78,2212.2,21.939,High
Karnataka,Mysuru,Small,1444.13,82.32,38.19,1833.32,7.67,2253.99,13.892,Medium
Andhra Pradesh,Nellore,Large,4074.32,89.04,38.66,1235.83,9.34,2013.95,16.345,High
Gujarat,Ahmedabad,Small,1147.17,87.92,41.51,1385.43,8.63,1570.49,2.054,Low
Tamil Nadu,Krishnagiri,Small,1966.74,79.66,35.95,1754.36,4.81,2166.73,13.397,Medium
Rajasthan,Makrana,Small,2532.91,69.77,53.19,2092.26,8.91,1940.94,9.768,Medium
Andhra Pradesh,Nellore,Medium,2557.63,61.02,52.59,1979.69,6.54,2097.96,10.581,Medium
Tamil Nadu,Krishnagiri,Medium,2651.78,81.0,36.44,1152.48,9.92,2427.44,13.168,Medium
Andhra Pradesh,Ongole,Large,4573.33,68.91,61.07,2544.34,9.52,1712.76,13.785,Medium
Gujarat,Surat,Medium,2041.2,61.19,80.18,1552.68,8.62,1824.55,8.316,Medium
Telangana,Khammam,Small,1432.37,68.99,46.57,1543.95,7.38,1732.03,7.925,Low
Telangana,Karimnagar,Medium,2467.34,50.86,50.51,1836.19,6.87,1744.94,5.117,Low
Tamil Nadu,Krishnagiri,Medium,3733.71,63.45,77.43,1473.57,0.62,2897.74,21.571,High
Rajasthan,Udaipur,Medium,2903.75,64.9,92.0,1836.46,4.13,2254.76,18.316,High
Karnataka,Chitradurga,Large,5030.08,98.0,69.12,1824.05,1.38,2668.93,25.914,High
Telangana,Karimnagar,Large,3458.37,84.36,59.89,1616.85,9.84,1621.68,13.085,Medium
Rajasthan,Udaipur,Medium,2312.06,71.34,68.41,2465.19,6.7,2104.8,13.008,Medium
Tamil Nadu,Dharmapuri,Small,1281.84,60.25,67.36,1410.75,7.84,2377.9,15.195,Medium
Andhra Pradesh,Ongole,Medium,2521.35,39.56,53.84,1428.6,6.42,1832.13,7.946,Low
Tamil Nadu,Krishnagiri,Large,5126.25,65.53,64.52,2607.97,7.36,2654.71,18.316,High
Rajasthan,Kishangarh,Small,1139.11,50.77,66.19,1785.92,7.86,2361.0,8.993,Medium
Telangana,Karimnagar,Large,4548.91,69.35,68.87,2579.16,3.82,2289.35,16.685,High
Karnataka,Hassan,Small,1179.01,72.12,74.86,1810.49,7.96,2089.48,11.815,Medium
Andhra Pradesh,Ongole,Medium,2544.03,68.73,40.94,1659.1,10.09,1618.16,7.533,Low
Rajasthan,Makrana,Medium,3262.21,59.73,67.74,2733.49,9.34,1932.12,10.75,Medium
Rajasthan,Jodhpur,Medium,2510.07,74.53,90.93,1937.63,3.05,2623.19,22.292,High
Rajasthan,Jodhpur,Large,5413.06,60.0,92.0,2176.54,8.91,2486.8,18.974,High
Rajasthan,Jodhpur,Small,1399.0,82.62,44.74,1723.62,5.91,1935.1,9.615,Medium
Telangana,Karimnagar,Small,1954.37,78.6,46.25,1349.8,4.8,1779.3,7.098,Low
Rajasthan,Kishangarh,Medium,2326.27,84.16,81.24,2118.61,4.83,2166.4,17.063,High
Andhra Pradesh,Guntur,Small,1672.94,80.89,47.36,1676.39,5.33,1672.8,9.099,Medium
Telangana,Khammam,Medium,1973.67,56.65,52.21,2118.16,4.47,1773.17,8.179,Medium
Telangana,Hyderabad,Small,1951.27,70.95,39.09,2287.32,9.24,1475.8,3.256,Low
Telangana,Karimnagar,Small,1063.39,57.79,44.27,2529.93,10.43,1265.97,1.785,Low
Gujarat,Rajkot,Medium,2750.64,59.88,43.16,1366.79,11.1,1693.9,8.414,Low
Rajasthan,Kishangarh,Medium,3279.45,59.05,53.86,2314.76,10.55,1889.64,10.039,Medium
Rajasthan,Makrana,Small,1332.8,98.0,25.15,2169.56,10.09,1847.4,11.465,Medium
Karnataka,Chitradurga,Small,2090.03,84.8,49.19,1067.72,11.57,1900.25,12.407,Medium
Andhra Pradesh,Kurnool,Small,1539.05,94.08,76.09,1803.55,6.47,2202.04,13.087,Medium
Tamil Nadu,Madurai,Medium,2603.55,80.08,73.91,2080.96,,2651.53,17.048,High
Rajasthan,Jodhpur,Small,1530.1,69.0,43.74,1490.18,8.39,2158.82,10.385,Medium
Tamil Nadu,Madurai,Medium,2922.02,79.83,68.15,1651.4,8.48,2178.33,13.986,Medium
Tamil Nadu,Chennai,Medium,2997.05,98.0,60.03,1186.41,6.58,2843.05,21.412,High
Karnataka,Mysuru,Medium,2730.6,78.58,52.79,1757.83,5.99,2222.61,13.263,Medium
Karnataka,Hassan,Small,1813.97,72.13,24.45,2491.93,6.45,2070.64,10.213,Medium
Karnataka,Chitradurga,Medium,2494.92,79.31,43.06,1601.02,4.95,1794.87,16.364,High
Rajasthan,Jodhpur,Large,4651.1,93.93,62.62,1700.44,0.87,2333.57,22.671,High
Telangana,Nizamabad,Small,787.01,71.57,92.0,1279.35,6.97,2018.09,15.786,Medium
Tamil Nadu,Krishnagiri,Small,1372.78,72.91,62.76,1304.71,5.64,2126.99,13.249,Medium
Tamil Nadu,Chennai,Medium,3077.56,66.93,52.71,1336.94,4.49,2226.81,14.468,Medium
Rajasthan,Udaipur,Small,1675.14,80.15,59.5,2409.97,4.84,2436.87,12.779,Medium
Rajasthan,Udaipur,Medium,3099.27,62.2,64.85,1984.72,10.06,1995.24,7.61,Low
Rajasthan,Makrana,Large,4703.78,80.76,50.46,2061.35,9.06,2017.36,16.569,High
Rajasthan,Jodhpur,Medium,2653.17,72.47,53.36,2052.43,9.86,1946.2,11.008,Medium
Gujarat,Vadodara,Medium,2034.3,57.97,47.43,1497.07,4.35,1736.28,11.699,Medium
Telangana,Hyderabad,Medium,2604.26,74.68,38.74,1529.72,7.08,1856.96,7.092,Low
Gujarat,Bhavnagar,Small,1555.8,81.43,50.44,1580.36,5.15,1830.5,12.789,Medium
Tamil Nadu,Krishnagiri,Small,1640.01,97.11,42.57,2686.81,6.64,2313.71,16.04,High
Telangana,Nizamabad,Large,4477.82,75.49,73.14,2534.56,5.48,2136.37,13.138,Medium
Gujarat,Ahmedabad,Large,3435.75,77.5,63.98,1281.03,7.66,1562.09,13.749,Medium
Rajasthan,Makrana,Medium,3012.25,71.82,78.42,2319.8,6.45,2190.02,16.988,High
Gujarat,Vadodara,Large,4104.12,88.24,64.11,1913.11,5.69,1678.18,15.156,Medium
Tamil Nadu,Salem,Small,1177.89,61.77,73.64,1985.46,0.62,2930.1,13.965,Medium
Karnataka,Mysuru,Small,1859.33,64.13,60.45,2181.64,4.44,1793.11,9.663,Medium
Karnataka,Ramanagara,Small,1241.57,76.07,59.33,1909.67,5.6,1895.22,11.388,Medium
Tamil Nadu,Madurai,Small,1090.15,79.1,48.88,1130.87,,2020.26,13.396,Medium
Gujarat,Surat,Large,4247.54,82.69,58.91,1051.86,4.13,1680.14,15.409,Medium
Karnataka,Mysuru,Large,5016.75,79.5,76.06,1007.57,7.56,2253.7,19.21,High
Rajasthan,Jodhpur,Large,4596.13,75.66,53.17,1498.85,3.95,1883.67,19.275,High
Tamil Nadu,Krishnagiri,Medium,3301.81,73.96,37.19,2388.38,9.13,2422.57,13.955,Medium
Karnataka,Chitradurga,Small,1854.99,47.37,50.34,2132.44,7.32,2325.13,5.6,Low
Rajasthan,Makrana,Small,1468.69,88.14,56.47,2249.72,10.0,2118.17,12.606,Medium
Rajasthan,Kishangarh,Small,2420.21,78.28,36.52,2253.86,5.57,1678.32,4.597,Low
Rajasthan,Kishangarh,Medium,2427.48,98.0,70.67,2535.03,6.59,2735.61,16.269,High
Tamil Nadu,Krishnagiri,Medium,2185.26,88.99,73.48,1525.01,4.07,2674.88,18.717,High
Rajasthan,Kishangarh,Large,4337.92,73.84,67.02,2612.85,8.13,2397.64,18.774,High
Rajasthan,Jodhpur,Large,3978.23,75.55,82.24,1846.61,2.13,2234.5,19.914,High
Gujarat,Vadodara,Small,1794.12,59.52,73.84,2358.13,9.17,1605.43,4.414,Low
Telangana,Karimnagar,Small,1252.43,66.6,44.15,1935.82,7.6,1456.46,6.255,Low
Tamil Nadu,Dharmapuri,Medium,3629.07,59.94,34.73,1615.28,8.89,2157.29,11.484,Medium
Tamil Nadu,Salem,Small,1759.52,67.38,51.4,2173.17,8.42,2274.04,10.187,Medium
Andhra Pradesh,Ongole,Medium,2203.38,56.99,66.23,1386.26,2.15,2079.09,8.563,Medium
Andhra Pradesh,Nellore,Medium,2033.39,81.49,31.24,1802.26,9.37,1921.73,9.676,Medium
Telangana,Nizamabad,Small,1376.01,54.29,25.8,2209.87,7.95,1759.38,3.69,Low
Karnataka,Chitradurga,Medium,3321.83,98.0,39.93,2062.04,8.6,2249.25,15.65,Medium
Rajasthan,Jaipur,Medium,2651.83,71.29,73.26,2694.27,6.34,2460.36,16.88,High
Andhra Pradesh,Nellore,Large,3969.39,95.75,88.9,1297.07,8.11,2157.62,21.688,High
Rajasthan,Kishangarh,Small,1786.33,61.07,36.15,2175.42,8.64,2366.44,6.339,Low
Andhra Pradesh,Kadapa,Large,4985.56,95.27,53.07,2070.39,6.93,1891.18,19.627,High
Telangana,Hyderabad,Medium,2034.45,58.73,62.51,1556.47,7.08,1925.49,11.187,Medium
Karnataka,Hassan,Medium,2647.63,58.46,53.3,1921.53,7.19,1976.55,11.471,Medium
Karnataka,Hassan,Small,1187.92,84.71,39.95,3607.5637873266783,12.48,1916.63,10.694,Medium
Rajasthan,Jodhpur,Medium,2965.17,72.43,40.56,1936.52,10.51,2050.17,14.2,Medium
Karnataka,Mysuru,Medium,2840.08,71.21,53.36,1948.09,4.04,2155.63,14.186,Medium
Rajasthan,Udaipur,Medium,2019.56,62.24,53.34,1829.9,4.1,2382.11,14.694,Medium
Tamil Nadu,Krishnagiri,Medium,2506.96,62.22,59.01,941.57,4.4,2193.74,17.514,High
Telangana,Warangal,Medium,2559.75,57.62,23.53,2386.4,8.45,1308.95,3.709,Low
Gujarat,Ahmedabad,Large,3767.06,77.71,92.0,1843.66,6.53,1983.68,16.702,High
Andhra Pradesh,Ongole,Small,1152.84,79.37,58.32,2032.02,6.58,1791.62,5.553,Low
Andhra Pradesh,Guntur,Large,4696.17,80.65,71.03,1807.77,3.93,2156.4,21.178,High
Telangana,Hyderabad,Small,1155.16,73.87,44.88,2335.38,9.25,1799.0,3.405,Low
Karnataka,Chitradurga,Large,4680.64,58.61,54.2,1356.06,5.17,2256.54,18.141,High
Andhra Pradesh,Guntur,Large,4532.01,83.33,55.33,2129.31,3.81,1955.21,16.037,High
Andhra Pradesh,Nellore,Small,1968.28,71.84,44.4,2044.37,8.71,1708.94,9.916,Medium
Rajasthan,Kishangarh,Medium,3367.39,65.49,65.84,1627.57,5.92,2359.85,13.994,Medium
Tamil Nadu,Dharmapuri,Medium,2418.41,56.95,75.62,1045.77,3.18,2702.87,17.34,High
Rajasthan,Jaipur,Small,1604.94,86.66,33.24,1267.28,7.44,2046.11,15.126,Medium
Rajasthan,Jaipur,Medium,2404.85,55.85,61.03,1683.04,9.95,2103.96,12.577,High
Rajasthan,Udaipur,Small,1231.56,57.9,55.47,1542.5,3.52,2216.15,9.835,Medium
Gujarat,Rajkot,Large,3399.8,81.65,73.87,1106.96,4.66,1655.94,15.719,Medium
Gujarat,Ahmedabad,Large,3413.09,72.69,55.3,1674.17,9.35,1812.43,12.061,Medium
Karnataka,Chitradurga,Medium,2438.58,76.55,52.96,1916.42,5.3,2230.48,13.349,Medium
Telangana,Warangal,Medium,2726.23,76.95,46.17,2793.02,6.24,1518.49,7.648,Low
Tamil Nadu,Madurai,Medium,3014.02,64.11,41.71,1922.84,,2655.68,14.728,Medium
Telangana,Karimnagar,Small,526.12,50.82,36.55,1234.86,5.36,1339.19,3.682,Low
Telangana,Nizamabad,Medium,2333.93,84.38,28.81,1818.2,7.2,1835.65,9.885,Medium
Tamil Nadu,Salem,Medium,3213.74,69.3,74.29,1788.4,2.81,2532.53,16.453,High
Andhra Pradesh,Kadapa,Large,4624.84,62.37,72.35,1487.98,5.75,2044.36,15.491,Medium
Karnataka,Bengaluru,Medium,3241.3,46.78,32.83,1434.99,7.06,2028.16,9.831,Medium
Andhra Pradesh,Kadapa,Medium,2917.56,79.38,41.44,2104.6,12.77,1580.03,10.47,Medium
Telangana,Nizamabad,Medium,2449.72,66.6,53.15,994.52,7.14,1693.23,10.091,Medium
Tamil Nadu,Krishnagiri,Small,1792.15,54.65,40.47,,9.58,2573.66,10.954,Medium
Rajasthan,Makrana,Medium,2767.04,88.99,62.52,2572.91,6.54,2299.35,15.012,Medium
Andhra Pradesh,Guntur,Medium,2657.61,49.02,92.0,,4.66,2382.25,15.818,Medium
Rajasthan,Udaipur,Small,1152.37,75.62,40.87,1682.0,5.68,1823.48,9.77,Medium
Andhra Pradesh,Kurnool,Medium,2728.63,76.49,60.89,2122.38,8.41,1770.44,13.114,Medium
Rajasthan,Jodhpur,Medium,2828.12,80.99,57.45,1767.81,7.32,2038.05,14.798,Medium
Telangana,Hyderabad,Medium,2147.68,60.69,56.53,2457.08,2.88,1960.43,11.054,Medium
Tamil Nadu,Krishnagiri,Medium,3702.6,86.19,59.72,1444.25,8.82,2233.06,17.656,High
Karnataka,Bengaluru,Medium,2354.76,90.2,69.51,1326.69,2.69,2459.7,20.751,High
Rajasthan,Udaipur,Medium,2853.19,86.58,69.57,1296.03,11.1,2249.18,16.294,High
Tamil Nadu,Krishnagiri,Large,5229.92,69.15,66.99,1286.89,5.37,2693.87,22.379,High
Andhra Pradesh,Ongole,Small,1504.83,72.76,67.06,1787.26,3.58,2159.77,13.112,Medium
Rajasthan,Jaipur,Large,5654.81,95.57,74.92,2293.81,10.55,2292.72,22.639,High
Rajasthan,Kishangarh,Medium,3126.42,81.69,60.2,2249.81,8.11,1947.45,12.186,Medium
Gujarat,Bhavnagar,Medium,2234.5,67.33,65.34,1757.03,7.35,1413.58,10.712,Medium
Tamil Nadu,Dharmapuri,Medium,3387.06,71.77,74.96,2156.06,0.5,2932.27,18.405,High
Telangana,Karimnagar,Small,1229.41,54.87,60.09,1441.38,,2015.11,9.014,Medium
Karnataka,Chitradurga,Small,1556.88,88.53,57.63,1602.91,11.82,2397.25,10.899,Medium
Rajasthan,Makrana,Medium,2750.32,78.02,56.11,2476.56,7.42,2005.74,15.43,Medium
Gujarat,Surat,Medium,1882.35,94.66,65.78,1178.36,0.5,1688.22,16.99,High
Tamil Nadu,Madurai,Medium,3841.67,48.27,76.27,1157.79,6.37,2224.55,16.854,High
Rajasthan,Udaipur,Medium,2999.03,65.63,44.45,2719.65,7.16,1829.23,9.216,Medium
Andhra Pradesh,Ongole,Small,1160.02,79.59,55.49,1387.71,3.69,1863.7,15.326,Medium
Andhra Pradesh,Ongole,Small,1927.75,98.0,46.33,2042.72,5.78,1931.42,11.117,Medium
Andhra Pradesh,Kurnool,Medium,2368.62,80.83,56.25,1196.02,9.17,1866.2,11.099,Medium
Gujarat,Rajkot,Small,1167.39,65.31,58.78,2272.68,5.36,1905.19,1.5,Low
Telangana,Khammam,Medium,2427.03,83.06,32.73,1078.15,2.94,1758.0,8.6,Medium
Karnataka,Chitradurga,Small,1933.8,61.48,29.39,2119.65,7.54,2302.11,10.28,Medium
Tamil Nadu,Dharmapuri,Medium,3322.04,84.9,65.51,1895.27,0.5,2761.57,21.052,High
Telangana,Warangal,Small,749.1,86.13,33.05,1163.68,8.81,1626.74,5.648,Low
Andhra Pradesh,Nellore,Small,1862.4,91.03,77.2,1154.0,3.99,2064.33,16.966,High
Telangana,Hyderabad,Medium,2436.93,57.84,58.31,2076.24,2.63,2303.98,9.405,Medium
Karnataka,Chitradurga,Medium,2934.36,53.98,58.67,1888.13,6.42,2116.36,10.402,Medium
Telangana,Karimnagar,Small,1486.99,70.56,38.37,2055.2,5.94,1812.2,6.817,Low
Andhra Pradesh,Guntur,Large,4247.76,91.08,59.65,1526.66,2.26,2263.9,20.778,High
Andhra Pradesh,Guntur,Small,1882.18,86.89,59.86,1986.85,10.21,2186.01,11.65,Medium
Gujarat,Vadodara,Medium,2507.97,78.83,56.68,1902.39,6.51,1501.97,6.502,Low
Rajasthan,Makrana,Small,1191.58,83.07,37.78,1610.85,11.24,2481.2,11.284,Medium
Andhra Pradesh,Kurnool,Small,1001.0,85.55,63.33,1902.95,7.49,2318.9,12.292,Medium
Telangana,Karimnagar,Medium,1937.61,67.14,75.85,1494.27,6.82,2030.91,12.505,Medium
Gujarat,Rajkot,Small,1682.35,91.41,33.86,1938.42,11.39,1251.66,5.357,Low
Karnataka,Bengaluru,Medium,3037.94,89.61,90.62,1101.28,7.76,2586.0,22.185,High
Telangana,Hyderabad,Small,889.04,66.25,54.75,2272.06,3.8,2137.71,6.101,Low
Telangana,Warangal,Medium,2855.77,62.02,63.89,1971.78,6.07,1564.49,7.78,Low
Andhra Pradesh,Nellore,Small,1615.71,78.63,67.58,1830.85,4.36,1928.59,13.326,Medium
Tamil Nadu,Krishnagiri,Small,1905.48,95.22,20.0,1676.39,2.85,2581.61,14.286,Medium
Karnataka,Bengaluru,Small,1652.07,63.52,28.02,2088.08,12.03,1548.22,8.302,Medium
Andhra Pradesh,Guntur,Medium,2352.72,96.53,35.04,2450.94,6.55,1829.14,10.469,Medium
Andhra Pradesh,Kurnool,Medium,2898.61,59.67,42.42,2064.09,9.39,1860.15,7.618,Low
Telangana,Nizamabad,Large,4247.2,73.5,73.01,2307.75,4.36,1664.19,13.287,Medium
Tamil Nadu,Krishnagiri,Medium,3471.21,57.89,43.46,1377.79,8.7,2423.87,11.307,Medium
Rajasthan,Kishangarh,Medium,3155.6,80.06,49.48,1977.09,8.47,2053.91,12.469,Medium
Tamil Nadu,Chennai,Medium,3212.86,73.69,45.03,1211.41,1.52,2493.38,15.936,Medium
Rajasthan,Jodhpur,Small,1399.35,77.21,47.45,2421.93,7.51,2110.62,11.812,Medium
Karnataka,Bengaluru,Small,2017.67,69.95,61.94,1454.53,9.02,2203.72,14.133,Medium
Telangana,Warangal,Medium,2117.96,74.1,42.98,1499.73,8.67,1664.98,4.432,Low
Karnataka,Chitradurga,Medium,2550.38,75.08,41.0,1051.92,3.66,2185.54,13.415,Medium
Rajasthan,Jaipur,Small,1867.12,72.13,46.18,2939.13,7.48,2062.93,8.013,Medium
Rajasthan,Jodhpur,Medium,3403.52,77.62,54.01,2241.57,6.05,1916.49,15.182,Medium
Tamil Nadu,Chennai,Medium,3181.17,52.39,69.84,1225.58,6.85,2914.84,15.933,Medium
Tamil Nadu,Salem,Medium,2731.73,50.07,44.33,1209.81,12.19,2112.31,5.152,Low
Rajasthan,Udaipur,Small,1317.79,81.01,47.51,2085.45,,2144.14,7.742,Low
Tamil Nadu,Chennai,Medium,2632.92,78.52,31.11,2095.96,3.55,2190.13,17.167,High
Andhra Pradesh,Kadapa,Small,2000.05,79.28,63.92,1031.11,9.53,2639.25,10.859,Medium
Telangana,Khammam,Small,1439.49,79.33,54.93,2290.41,9.49,1626.73,7.818,Low
Andhra Pradesh,Kurnool,Medium,2810.01,68.69,68.67,1078.21,3.8,2536.96,16.799,High
Gujarat,Rajkot,Small,1554.08,70.88,65.47,2318.47,14.49,1626.99,1.632,Low
Andhra Pradesh,Nellore,Small,1731.53,69.27,55.46,2258.86,15.52,2056.8,5.374,Low
Telangana,Nizamabad,Small,1143.58,48.11,52.62,2144.16,6.29,1768.61,7.267,Low
Andhra Pradesh,Nellore,Medium,2622.45,79.36,36.54,1994.89,5.27,1832.34,11.182,Medium
Telangana,Hyderabad,Small,1554.97,83.55,47.17,2131.36,6.3,1816.37,8.467,Medium
Rajasthan,Kishangarh,Small,870.38,86.36,31.46,1713.5,6.3,2081.34,10.351,Medium
Karnataka,Mysuru,Medium,3576.02,72.29,49.3,2334.54,2.63,2449.78,17.931,High
Andhra Pradesh,Kurnool,Medium,3305.45,65.46,23.7,1171.05,6.12,1648.63,12.504,Medium
Telangana,Karimnagar,Large,4297.24,77.68,72.2,2192.32,3.05,2094.97,13.501,Medium
Rajasthan,Jodhpur,Small,1264.61,66.94,32.23,1646.71,12.39,1959.05,10.338,Medium
Gujarat,Bhavnagar,Small,1285.74,52.53,39.25,1321.52,4.54,1582.42,4.81,Low
Karnataka,Hassan,Medium,3031.27,77.12,41.78,1996.15,7.63,2067.03,14.564,Medium
Tamil Nadu,Krishnagiri,Small,1873.03,81.37,73.83,1406.88,7.52,2605.32,16.443,High
Telangana,Nizamabad,Large,4084.6,90.45,53.46,2001.2,6.97,1701.59,18.46,High
Andhra Pradesh,Nellore,Medium,2259.86,75.77,59.83,1456.11,5.33,2119.24,13.251,Medium
Tamil Nadu,Chennai,Small,1944.54,60.95,43.01,1949.94,8.39,2583.57,10.743,Medium
Karnataka,Mysuru,Medium,2266.5,85.85,47.61,1313.03,8.24,2073.09,13.32,Medium
Andhra Pradesh,Nellore,Small,904.08,73.44,80.4,910.26,5.58,2163.14,10.919,Medium
Andhra Pradesh,Ongole,Large,4866.56,67.98,46.58,1092.03,3.12,1937.7,14.247,Medium
Karnataka,Bengaluru,Large,5563.54,97.5,74.03,2004.98,5.22,2167.05,25.824,High
Rajasthan,Kishangarh,Medium,2731.23,79.47,73.16,1782.74,2.74,2257.53,20.352,High
Rajasthan,Udaipur,Small,1352.61,96.62,60.28,2248.81,8.54,1959.98,15.043,Medium
Telangana,Nizamabad,Small,1360.18,85.97,76.62,2372.7,5.98,1603.32,10.69,Medium
Telangana,Karimnagar,Small,1405.55,64.1,69.51,1388.88,5.35,2346.55,11.694,Medium
Gujarat,Ahmedabad,Small,987.6,69.57,42.22,2478.37,13.53,1586.42,1.5,Low
Andhra Pradesh,Nellore,Medium,2725.78,83.02,54.58,1537.6,11.86,1942.73,11.306,Medium
Andhra Pradesh,Kurnool,Large,4469.39,67.4,78.79,1919.48,2.65,2098.51,17.295,High
Tamil Nadu,Dharmapuri,Medium,2597.09,98.0,56.1,1929.04,4.99,2321.14,17.898,High
Tamil Nadu,Chennai,Medium,2994.89,74.62,54.69,1499.5,3.23,2299.51,18.003,High
Tamil Nadu,Dharmapuri,Medium,3284.07,88.06,81.62,1712.94,9.25,2722.36,21.524,High
Rajasthan,Jaipur,Large,4699.79,82.08,79.41,2276.58,4.08,2135.81,20.889,High
Rajasthan,Jodhpur,Small,1760.92,72.86,75.71,2045.35,9.22,2617.26,14.413,Medium
Karnataka,Bengaluru,Medium,3027.85,67.09,56.28,1207.24,2.54,2271.26,16.461,High
Gujarat,Vadodara,Medium,1924.25,73.27,61.3,2215.29,7.59,1809.93,4.945,Low
Rajasthan,Udaipur,Large,5099.01,43.98,68.03,1886.85,6.19,1949.61,13.816,Medium
Karnataka,Chitradurga,Large,4975.24,85.33,78.62,2295.7,10.39,2340.04,21.27,High
Andhra Pradesh,Guntur,Medium,2370.15,98.0,57.66,1763.95,9.82,1528.11,13.811,Medium
Karnataka,Mysuru,Small,1450.36,68.74,37.05,2113.03,8.09,1831.44,7.417,Low
Gujarat,Surat,Medium,1826.98,53.53,45.07,1326.07,4.4,1894.69,5.26,High
Karnataka,Hassan,Small,1640.99,91.91,53.19,2624.89,6.33,2480.85,16.299,High
Andhra Pradesh,Guntur,Medium,2618.43,78.11,31.0,5283.174597955,7.27,1753.22,10.741,Medium
Telangana,Hyderabad,Medium,3158.22,80.44,58.74,1862.55,7.52,1819.52,8.193,Medium
Rajasthan,Kishangarh,Medium,2844.15,78.32,24.66,1798.17,6.95,2075.79,11.675,Medium
Tamil Nadu,Salem,Large,5028.79,66.97,44.1,1463.86,5.16,2369.4,18.895,High
Gujarat,Rajkot,Medium,1811.75,86.37,72.7,1163.36,2.0,1820.66,13.256,Medium
Gujarat,Rajkot,Small,788.97,68.82,55.35,1307.4,9.85,1848.33,5.159,Low
Rajasthan,Udaipur,Small,1515.59,64.46,52.41,1725.92,4.9,2194.86,8.65,Medium
Rajasthan,Makrana,Large,4737.36,87.03,72.21,2787.44,4.74,2491.94,22.498,High
Karnataka,Bengaluru,Small,1392.18,80.01,76.9,1759.22,7.37,2566.25,18.016,High
Gujarat,Rajkot,Small,1202.01,78.89,75.26,1575.26,9.61,1433.49,6.591,Low
Tamil Nadu,Chennai,Small,1581.96,81.51,79.28,1935.18,7.66,2345.54,15.887,Medium
Tamil Nadu,Madurai,Medium,3047.95,85.73,50.94,1739.88,2.33,3115.19,17.913,High
Karnataka,Mysuru,Small,1735.78,90.02,50.14,2232.03,7.3,2073.17,12.153,Medium
Telangana,Warangal,Large,4096.11,85.21,43.75,1913.97,5.12,1704.05,15.353,Medium
Gujarat,Surat,Large,3281.52,96.41,68.53,1070.87,7.28,1755.66,16.375,High
Gujarat,Bhavnagar,Large,3577.17,90.9,76.62,1673.99,6.38,1754.68,17.983,High
Andhra Pradesh,Kurnool,Small,1588.24,82.79,46.53,2255.71,4.27,2252.78,14.459,Medium
Rajasthan,Jaipur,Large,4447.6,77.61,54.3,3150.97,,2112.89,15.308,Medium
Andhra Pradesh,Ongole,Large,4353.77,92.4,68.89,1432.57,5.17,1768.28,19.699,High
Telangana,Karimnagar,Large,3982.3,83.62,63.3,1058.44,2.3,1955.75,17.511,High
Tamil Nadu,Dharmapuri,Medium,3046.14,55.46,43.18,1556.19,10.13,2518.5,13.382,Medium
Andhra Pradesh,Kurnool,Medium,2690.85,55.22,49.57,1472.97,5.06,1684.8,9.67,Medium
Rajasthan,Jodhpur,Small,1976.18,56.96,44.55,1676.94,10.0,2160.04,8.345,Medium
Rajasthan,Udaipur,Large,5074.84,66.58,72.07,1896.1,1.39,2252.48,20.732,High
Andhra Pradesh,Guntur,Small,1646.64,60.14,57.07,1462.21,7.94,1864.65,7.674,Low
Tamil Nadu,Salem,Small,1721.45,84.7,20.0,578.2,7.12,2444.27,13.56,Medium
Tamil Nadu,Dharmapuri,Large,5623.85,78.25,66.26,1219.0,4.15,2629.36,24.175,High
Rajasthan,Makrana,Medium,2544.98,87.67,47.87,1653.87,4.06,2168.34,18.08,High
Rajasthan,Kishangarh,Small,1506.65,62.82,62.56,1729.34,9.34,1934.36,9.569,Medium
Rajasthan,Makrana,Large,5240.24,59.81,68.87,1472.6,1.49,2586.66,23.791,High
Tamil Nadu,Salem,Large,5404.85,65.41,60.11,1832.11,5.0,2220.49,20.264,High
Andhra Pradesh,Kadapa,Small,940.74,83.07,49.54,2049.18,12.6,1816.33,10.971,Medium
Andhra Pradesh,Kadapa,Large,4201.28,83.08,67.81,2150.56,0.5,2197.09,21.865,High
Telangana,Khammam,Small,1400.57,67.33,49.99,2547.65,8.58,2043.79,5.374,Low
Tamil Nadu,Madurai,Small,1792.1,76.66,56.83,2160.7,4.54,2475.37,14.134,High
Karnataka,Bengaluru,Small,1450.56,65.28,57.14,1448.68,8.08,2269.88,9.102,Medium
Gujarat,Bhavnagar,Small,1822.61,69.18,59.17,2083.27,6.88,1568.07,9.166,Medium
Andhra Pradesh,Kurnool,Small,1192.89,77.78,33.86,1467.32,11.69,1997.88,10.032,Medium
Andhra Pradesh,Kurnool,Small,1811.43,83.42,78.35,1400.05,8.95,2068.42,11.714,Medium
Tamil Nadu,Dharmapuri,Large,5379.38,94.95,58.81,1997.09,4.85,2052.13,22.904,High
Karnataka,Hassan,Medium,2991.86,56.67,78.01,1269.08,8.71,2859.95,16.572,High
Tamil Nadu,Chennai,Large,5038.98,64.49,92.0,1363.48,4.82,2457.9,23.829,High
Telangana,Khammam,Medium,2287.5,68.7,66.7,1541.22,4.84,1568.37,9.681,Medium
Tamil Nadu,Dharmapuri,Small,1921.9,77.55,28.43,1310.59,8.86,2126.09,13.109,Medium
Gujarat,Surat,Large,4088.72,98.0,56.77,973.69,4.79,1960.66,17.721,High
Andhra Pradesh,Kadapa,Large,4857.43,85.74,74.13,1815.59,2.37,2686.73,25.303,High
Tamil Nadu,Chennai,Small,1789.25,61.29,46.41,837.99,5.67,2375.85,12.407,Medium
Andhra Pradesh,Ongole,Small,2099.48,60.3,76.44,1810.15,4.83,2174.46,11.373,Medium
Tamil Nadu,Krishnagiri,Medium,3249.53,66.19,53.0,2309.58,5.66,2283.84,13.967,Medium
Andhra Pradesh,Kadapa,Medium,2342.5,75.48,68.28,1492.39,5.58,2276.36,11.454,Medium
Tamil Nadu,Madurai,Large,4915.53,89.51,65.56,1667.78,0.5,2514.32,25.026,High
Karnataka,Ramanagara,Small,1746.25,76.65,51.3,1814.92,11.34,2350.97,9.552,Medium
Rajasthan,Jaipur,Small,992.25,64.81,63.72,2515.06,12.11,2636.17,10.83,Medium
Rajasthan,Jaipur,Medium,5168.593506699117,58.73,20.0,2289.62,6.69,2090.1,7.702,Low
Rajasthan,Makrana,Medium,3060.02,84.46,58.08,2225.93,7.14,2178.88,14.044,Medium
Andhra Pradesh,Nellore,Small,1718.24,69.2,60.68,2318.23,6.18,1803.39,5.924,Low
Tamil Nadu,Dharmapuri,Small,1665.81,63.12,44.19,2148.46,6.11,2252.61,12.089,Medium
Telangana,Karimnagar,Medium,1911.63,59.17,62.94,1993.66,4.88,1476.24,7.73,Low
Andhra Pradesh,Kadapa,Medium,2372.45,57.1,57.21,2086.52,5.77,1983.94,10.522,Medium
Gujarat,Ahmedabad,Small,1157.22,98.0,39.9,1529.49,9.98,1653.58,7.99,Low
Karnataka,Hassan,Medium,2756.68,64.13,49.21,1365.09,6.47,1898.12,14.453,Medium
Tamil Nadu,Salem,Large,5129.63,51.93,87.59,2111.1,9.06,2668.22,17.748,High
Telangana,Karimnagar,Large,4000.25,88.79,74.6,1611.53,3.66,2058.69,20.353,High
Karnataka,Bengaluru,Small,1870.27,76.02,31.56,888.3,13.41,1774.05,7.782,Low
Gujarat,Surat,Small,1418.12,55.13,58.66,1519.65,5.33,1588.58,6.201,Low
Telangana,Hyderabad,Large,4739.61,94.02,74.08,2060.25,4.52,1673.32,18.459,High
Gujarat,Rajkot,Small,423.1,81.8,77.22,2049.22,8.55,1782.14,10.635,Medium
Rajasthan,Kishangarh,Medium,2541.76,83.68,56.11,1950.53,5.41,2119.66,16.108,High
Telangana,Karimnagar,Medium,2886.44,79.5,72.91,2147.3,0.5,1900.51,15.438,Medium
Telangana,Karimnagar,Small,1675.14,62.12,53.69,2217.86,4.99,1437.02,11.26,Medium
Rajasthan,Udaipur,Medium,2964.2,73.74,66.73,2480.48,4.52,2313.31,18.725,High
Tamil Nadu,Krishnagiri,Medium,2936.53,70.56,47.26,1496.23,5.63,2125.44,14.408,Medium
Telangana,Hyderabad,Medium,2041.11,70.37,68.84,2164.62,4.55,2009.71,10.638,Medium
Karnataka,Mysuru,Small,1474.83,96.45,80.34,2306.89,9.41,2335.48,15.698,Medium
Andhra Pradesh,Kurnool,Large,4478.35,69.85,87.36,1425.4,4.55,2212.03,19.712,Low
Rajasthan,Kishangarh,Medium,2775.65,66.28,44.51,1139.69,9.62,1966.7,9.396,Medium
Tamil Nadu,Salem,Medium,3265.28,72.5,32.07,1419.88,6.91,2513.51,16.204,High
Rajasthan,Jodhpur,Large,4624.4,79.55,67.57,1823.56,4.84,2659.26,19.938,High
Telangana,Hyderabad,Medium,2421.24,95.46,54.88,1944.63,6.29,1883.1,15.552,Medium
Andhra Pradesh,Kurnool,Medium,2897.28,72.38,43.12,1697.0,5.88,1400.44,11.495,Medium
Karnataka,Ramanagara,Large,5535.41,87.31,92.0,2277.96,9.85,2624.89,21.543,High
Telangana,Nizamabad,Small,1349.74,60.92,92.0,1768.4,4.56,1893.23,10.793,Medium
Karnataka,Chitradurga,Medium,3231.86,79.93,30.46,1429.9,10.52,1450.72,8.409,Medium
Telangana,Warangal,Large,3996.38,98.0,50.49,1450.08,5.81,1698.69,17.355,High
Karnataka,Bengaluru,Small,1564.66,69.91,36.52,1097.19,9.57,2329.56,8.141,Medium
Telangana,Khammam,Small,1359.59,84.39,45.11,1604.4,7.15,1927.12,8.612,Medium
Tamil Nadu,Krishnagiri,Large,5757.35,68.54,80.23,1609.98,4.81,2468.99,22.38,High
Rajasthan,Makrana,Large,4752.17,75.53,75.24,1750.04,6.15,2597.58,23.299,High
Telangana,Nizamabad,Large,4085.19,77.92,80.2,2355.33,6.48,1774.92,15.852,Medium
Tamil Nadu,Salem,Small,1969.33,83.13,76.5,1605.9,10.22,2934.28,20.701,High
Rajasthan,Jaipur,Small,1473.55,71.89,53.18,2309.94,8.9,1960.25,5.39,Low
Tamil Nadu,Madurai,Small,1655.75,86.56,31.82,1375.09,11.28,2150.01,10.185,Medium
Rajasthan,Makrana,Medium,2655.77,63.83,67.59,,1.63,1945.7,19.662,High
Telangana,Warangal,Medium,2480.72,81.69,56.73,1513.44,5.19,1715.25,11.56,Medium
Tamil Nadu,Salem,Small,1585.74,77.07,50.83,2215.59,9.02,2448.01,13.599,Medium
Tamil Nadu,Madurai,Small,1697.72,65.18,42.34,1550.82,8.11,2257.21,9.219,Medium
Tamil Nadu,Salem,Medium,2975.16,43.14,77.88,,7.02,2194.67,18.071,High
Karnataka,Chitradurga,Medium,2709.36,73.07,62.64,2158.99,2.51,2459.85,16.211,High
Telangana,Warangal,Small,1336.89,60.13,70.78,954.88,7.95,1888.2,6.337,Low
Telangana,Karimnagar,Large,5049.77,88.71,51.11,,11.14,1771.37,14.748,Medium
Tamil Nadu,Dharmapuri,Small,1883.65,59.36,68.91,1810.91,4.82,2629.51,12.299,Medium
Karnataka,Mysuru,Medium,2162.77,79.1,64.65,1486.58,6.86,2245.82,13.893,Medium
Tamil Nadu,Krishnagiri,Large,5643.62,93.43,76.36,1523.28,4.07,2555.66,23.247,High
Tamil Nadu,Salem,Medium,2891.86,71.12,49.01,1212.48,8.1,2656.43,14.183,Medium
Karnataka,Bengaluru,Small,1378.13,48.84,50.43,1867.27,,2015.73,9.029,Medium
Gujarat,Rajkot,Small,1467.06,67.95,60.5,1420.13,6.18,1904.42,10.475,Medium
Tamil Nadu,Krishnagiri,Large,5534.97,70.59,78.29,1304.21,2.82,2741.04,26.207,High
Gujarat,Bhavnagar,Small,1830.44,66.31,54.66,1396.57,7.72,1558.19,7.206,Low
Andhra Pradesh,Ongole,Medium,2376.98,70.7,60.01,2246.06,5.49,2209.46,11.823,Medium
Karnataka,Hassan,Large,4954.02,95.49,51.7,1781.96,12.4,2018.62,18.534,High
Rajasthan,Udaipur,Large,5360.35,77.75,71.24,2552.37,7.1,2316.24,17.573,High
Telangana,Nizamabad,Medium,2296.5,81.56,73.38,,7.09,1676.82,13.395,Medium
Andhra Pradesh,Nellore,Large,4185.04,77.14,76.85,2156.82,2.66,1949.08,17.7,High
Rajasthan,Udaipur,Large,4810.48,80.42,61.46,2027.95,5.28,2322.05,19.921,High
Telangana,Nizamabad,Small,1100.85,90.17,48.25,1255.39,3.72,1469.22,10.711,Medium
Andhra Pradesh,Ongole,Small,1779.62,74.91,53.45,1598.82,5.12,1584.99,10.516,Medium
Karnataka,Ramanagara,Small,2132.27,87.75,52.05,1251.26,9.98,2462.35,13.907,Medium
Andhra Pradesh,Ongole,Small,1843.16,69.07,59.31,1189.31,10.9,2384.15,10.839,Medium
Karnataka,Chitradurga,Large,5422.83,91.08,86.17,1971.44,8.25,2648.73,22.353,High
Rajasthan,Udaipur,Medium,3153.93,72.36,57.57,2507.66,4.74,1855.25,11.699,Medium
Gujarat,Bhavnagar,Large,4121.55,80.49,58.6,1413.59,8.06,1813.88,11.212,Medium
Telangana,Nizamabad,Medium,2158.52,73.65,48.04,2336.5,11.45,1429.57,7.018,Low
Gujarat,Ahmedabad,Medium,2052.94,79.71,50.5,1647.42,,1781.0,10.985,Low
Karnataka,Mysuru,Medium,2647.04,80.85,90.78,1477.17,7.36,2275.86,19.117,High
Rajasthan,Jodhpur,Small,1880.56,62.39,69.7,2070.34,5.62,2469.22,13.216,Medium
Rajasthan,Kishangarh,Large,4481.91,98.0,77.19,2385.2,5.95,2205.09,24.773,High
Telangana,Nizamabad,Medium,2203.7,70.93,80.6,1455.88,4.89,1461.1,9.129,Medium
Telangana,Warangal,Medium,2640.21,82.72,45.75,1263.75,9.38,1828.14,9.506,Medium
Telangana,Khammam,Small,2084.4,45.05,63.31,1504.64,6.83,1757.73,4.76,Low
Telangana,Karimnagar,Large,4322.34,89.12,84.37,,4.93,1880.42,16.918,High
Tamil Nadu,Chennai,Large,5579.1,85.35,57.5,1972.04,0.5,2871.32,25.787,High
Rajasthan,Jaipur,Medium,2548.66,74.92,37.44,1694.3,6.87,1983.89,12.095,Medium
Andhra Pradesh,Kadapa,Medium,2770.1,41.69,40.92,2380.56,,1498.61,3.701,Low
Andhra Pradesh,Kurnool,Medium,2374.26,65.53,57.61,1939.53,4.09,1789.8,12.738,Medium
Rajasthan,Jodhpur,Small,1885.59,66.3,42.16,2626.34,11.63,1881.36,10.013,Medium
Gujarat,Bhavnagar,Small,757.49,85.66,59.05,1744.89,4.92,1675.35,9.584,High
Rajasthan,Jaipur,Medium,2593.62,56.7,49.71,2047.01,5.69,1879.5,9.777,Medium
Rajasthan,Makrana,Small,724.62,83.6,39.89,1818.26,10.21,1994.35,8.523,Medium
Tamil Nadu,Chennai,Medium,2717.95,67.01,83.88,1171.97,8.77,2660.17,20.173,High
Andhra Pradesh,Ongole,Medium,2148.03,90.01,42.18,1870.45,4.58,1919.4,11.748,Medium
Gujarat,Bhavnagar,Small,1610.16,73.14,35.11,1432.44,8.19,1607.35,5.042,Low
Telangana,Warangal,Small,1175.68,65.19,51.99,1905.72,10.48,1786.58,4.952,Low
Tamil Nadu,Dharmapuri,Small,1435.42,63.98,47.73,1919.91,4.45,2423.25,14.971,Medium
Karnataka,Chitradurga,Small,1683.39,70.81,23.14,2284.07,10.72,2268.05,5.568,Low
Andhra Pradesh,Ongole,Medium,2255.85,42.51,71.08,1367.13,3.51,1803.21,8.112,Medium
Rajasthan,Jodhpur,Medium,3046.4,94.21,68.42,1451.29,4.8,2058.1,18.089,High
Andhra Pradesh,Ongole,Large,4380.9,95.71,88.64,1374.67,4.43,2149.57,21.941,High
Andhra Pradesh,Guntur,Small,2345.15,69.69,54.96,1502.61,5.56,1840.18,9.32,Medium
Andhra Pradesh,Kadapa,Large,5237.67,91.15,66.53,2069.27,7.58,1790.71,17.054,High
Tamil Nadu,Krishnagiri,Small,2160.99,77.03,40.13,1871.45,9.64,1848.51,11.334,Medium
Karnataka,Bengaluru,Medium,2862.77,86.32,40.98,1646.32,9.31,2285.26,12.269,Medium
Gujarat,Surat,Medium,2266.31,84.76,54.38,1438.35,4.94,1822.45,14.781,Medium
Andhra Pradesh,Guntur,Medium,3118.72,73.29,43.87,1850.29,9.33,1558.53,8.883,Medium
Tamil Nadu,Krishnagiri,Medium,3315.33,86.76,70.18,1848.59,7.4,2868.14,19.311,High
Tamil Nadu,Chennai,Small,1898.96,48.12,50.54,1396.66,8.47,2385.35,10.491,Medium
Telangana,Hyderabad,Small,1114.75,80.83,69.38,2250.74,3.47,1921.9,10.478,Medium
Tamil Nadu,Dharmapuri,Large,5129.69,77.41,65.54,1037.51,8.32,2182.71,20.797,High
Rajasthan,Jaipur,Small,1690.87,70.71,57.32,1547.67,5.31,1940.67,14.253,Medium
Rajasthan,Udaipur,Small,558.99,67.73,32.92,1347.25,8.41,1880.01,8.084,Medium
Telangana,Karimnagar,Small,1128.2,70.0,62.77,2612.19,6.47,1835.7,7.364,Low
Andhra Pradesh,Kurnool,Small,1156.16,82.23,65.7,1192.19,7.82,2000.07,9.984,Medium
Telangana,Warangal,Medium,2791.3,74.1,31.2,2119.19,4.7,1691.41,8.222,Medium
Karnataka,Ramanagara,Medium,3114.57,98.0,75.52,1360.72,3.54,2629.37,19.46,High
Tamil Nadu,Dharmapuri,Small,2543.32,62.82,67.86,1813.18,11.35,2372.03,13.65,Medium
Rajasthan,Jaipur,Small,1672.37,76.33,41.93,1407.41,8.97,2088.89,12.309,Medium
Telangana,Hyderabad,Medium,2307.41,83.72,80.64,2214.97,7.85,1778.62,14.429,Medium
Andhra Pradesh,Kurnool,Medium,2515.07,69.97,51.97,1819.43,0.75,2079.95,12.233,Medium
Tamil Nadu,Salem,Large,4911.34,65.0,58.22,1985.72,3.03,2503.19,17.04,High
Karnataka,Bengaluru,Large,5294.9,76.62,75.06,,8.39,2408.91,20.583,High
Karnataka,Chitradurga,Large,5091.09,70.19,73.97,1252.6,2.76,2338.56,24.29,High
Andhra Pradesh,Nellore,Medium,2696.94,63.94,82.24,1415.05,1.67,2010.48,16.252,High
Karnataka,Mysuru,Medium,2809.6,78.26,80.84,1350.33,6.69,2311.0,18.566,High
Karnataka,Mysuru,Small,1779.69,98.0,28.52,2098.53,3.73,2105.81,14.221,Medium
Andhra Pradesh,Kadapa,Medium,2842.54,97.92,36.56,1314.13,7.13,1773.04,12.478,Medium
Gujarat,Ahmedabad,Small,1311.5,72.44,43.21,1480.89,12.18,1439.03,3.389,Low
Rajasthan,Makrana,Large,5158.53,90.78,52.41,2333.63,5.03,1855.15,20.546,High
Tamil Nadu,Salem,Medium,2628.62,70.4,91.98,1219.51,6.68,2405.77,18.724,High
Gujarat,Ahmedabad,Medium,2529.85,64.05,61.58,1389.46,4.04,1423.9,8.899,Medium
Tamil Nadu,Madurai,Small,1319.96,70.7,46.28,1533.35,10.27,2621.82,13.562,Medium
Telangana,Karimnagar,Medium,2460.26,49.94,52.64,1400.12,7.59,1701.53,6.021,Low
Gujarat,Rajkot,Small,1453.8,53.71,50.03,1305.52,10.14,1742.15,1.5,Low
Andhra Pradesh,Ongole,Small,1419.44,85.64,20.0,1848.72,13.76,2060.44,2.465,Low
Rajasthan,Jodhpur,Small,1494.23,93.26,63.44,1596.72,4.76,1794.89,15.713,Medium
Andhra Pradesh,Nellore,Small,1408.96,43.14,73.75,2044.73,7.67,1928.97,8.768,Medium
Karnataka,Chitradurga,Medium,3088.89,91.77,36.25,1875.78,4.19,2373.73,20.203,High
Andhra Pradesh,Kadapa,Medium,3103.47,85.73,67.4,2138.78,8.79,1908.08,12.34,Medium
Tamil Nadu,Chennai,Large,5804.83,72.54,70.91,1914.84,5.85,2740.62,19.243,High
Telangana,Karimnagar,Medium,1821.86,79.82,67.05,1520.97,6.3,1297.03,15.035,Medium
Rajasthan,Makrana,Small,1728.89,96.43,58.74,2883.07,7.78,2064.92,14.729,Medium
Telangana,Hyderabad,Large,3454.95,97.48,50.85,2102.37,3.17,1489.54,15.534,Medium
Gujarat,Ahmedabad,Medium,1385.33,77.64,45.95,1667.05,0.5,1834.88,9.71,Medium
Tamil Nadu,Chennai,Medium,3430.55,63.25,68.4,1901.74,6.85,2488.05,15.895,Medium
Gujarat,Ahmedabad,Medium,1795.28,74.41,26.48,2134.94,4.06,1246.26,5.214,Low
Tamil Nadu,Krishnagiri,Large,5281.28,88.79,76.04,1716.82,5.47,2514.33,25.002,High
Tamil Nadu,Dharmapuri,Small,2087.03,76.37,63.44,1874.14,12.9,2588.46,13.833,Medium
Tamil Nadu,Salem,Small,1740.62,87.78,51.75,2002.24,12.2,2521.62,14.749,Medium
Andhra Pradesh,Kadapa,Medium,2683.7,54.69,62.59,900.93,2.92,2284.47,12.383,Medium
Tamil Nadu,Chennai,Small,1721.13,80.41,52.24,1918.15,8.14,2731.35,16.264,High
Rajasthan,Makrana,Large,4786.9,87.38,57.77,1783.18,7.34,2336.76,18.829,High
Tamil Nadu,Salem,Medium,2945.86,74.8,47.4,1259.16,6.32,2158.73,16.629,High
Karnataka,Bengaluru,Medium,2705.65,98.0,74.79,1722.58,3.78,2484.49,17.604,High
Andhra Pradesh,Ongole,Medium,2698.94,67.46,54.13,1663.19,4.61,1947.91,10.631,Medium
Tamil Nadu,Chennai,Small,1705.3,75.55,41.82,1666.05,9.06,2195.88,12.095,Medium
Rajasthan,Jodhpur,Large,4876.89,89.74,49.87,1889.05,4.24,1925.84,17.601,High
Tamil Nadu,Madurai,Large,4754.5,93.47,43.25,743.82,8.77,2461.28,19.851,High
Karnataka,Hassan,Medium,3476.96,74.7,41.01,1720.56,4.86,1809.15,15.504,Medium
Gujarat,Bhavnagar,Large,4252.71,77.04,54.99,2116.77,9.31,1536.01,8.961,Medium
Tamil Nadu,Madurai,Small,1494.24,87.27,45.17,2242.8,7.96,2572.49,13.805,Medium
Andhra Pradesh,Guntur,Large,5045.99,87.43,63.69,2379.61,7.2,1850.23,19.407,High
Andhra Pradesh,Guntur,Small,1452.73,73.46,42.48,2283.81,11.77,1847.91,7.31,Low
Gujarat,Ahmedabad,Small,1336.54,47.64,47.76,2327.1,4.51,1766.04,6.954,Low
Andhra Pradesh,Ongole,Small,970.72,78.99,55.63,1562.89,11.68,2075.27,8.345,Medium
Rajasthan,Jodhpur,Small,1575.13,93.38,63.06,1605.16,11.65,2021.75,14.084,High
Tamil Nadu,Chennai,Small,1428.69,75.7,76.99,2117.16,6.73,2560.22,16.155,High
Tamil Nadu,Madurai,Large,5585.59,71.69,67.86,2481.95,9.11,2242.06,20.049,High
Karnataka,Hassan,Large,5799.5,61.72,92.0,,6.62,2432.37,22.713,High
Tamil Nadu,Chennai,Small,1563.95,83.49,49.97,1167.89,8.36,2087.2,11.631,Medium
Tamil Nadu,Madurai,Small,1616.14,71.51,80.68,903.83,3.62,2679.63,18.873,High
Tamil Nadu,Dharmapuri,Large,5407.52,93.66,76.31,1998.43,5.07,2569.8,28.0,High
Rajasthan,Udaipur,Small,1248.86,88.39,57.28,2224.96,4.28,1852.62,14.419,Medium
Gujarat,Rajkot,Small,1249.97,71.57,26.57,1003.44,10.24,1694.48,2.315,Low
Tamil Nadu,Madurai,Medium,3122.51,80.95,52.96,2198.88,,2208.53,16.17,High
Karnataka,Chitradurga,Medium,2820.07,75.87,44.42,2024.95,4.56,1943.92,10.762,Medium
Gujarat,Bhavnagar,Small,1535.46,57.7,46.89,1891.69,3.88,1555.11,5.814,Low
Karnataka,Hassan,Medium,3364.9,95.75,69.46,1513.71,6.82,2387.22,15.867,Medium
Tamil Nadu,Krishnagiri,Medium,3155.36,81.48,57.42,1169.63,5.25,2642.84,16.964,High
Karnataka,Hassan,Small,1950.21,72.46,63.59,1893.67,11.45,2178.46,10.177,Medium
Rajasthan,Jaipur,Large,5703.27,90.66,76.81,1527.04,0.55,2087.88,23.328,High
Tamil Nadu,Chennai,Medium,2876.3,77.31,41.88,1452.87,3.59,2229.29,17.808,High
Telangana,Warangal,Small,1376.13,61.81,78.74,1805.77,4.66,1864.26,8.636,Medium
Tamil Nadu,Dharmapuri,Small,1666.01,63.7,48.99,1113.17,9.74,2215.67,8.784,Medium
Andhra Pradesh,Ongole,Small,1587.62,52.87,70.59,1830.5,9.42,1657.37,6.094,Low
Rajasthan,Udaipur,Medium,2474.98,74.5,82.52,1510.32,5.4,2311.98,17.233,Low
Andhra Pradesh,Guntur,Small,1319.02,85.16,36.37,2127.8,10.66,1677.79,6.802,Low
Tamil Nadu,Dharmapuri,Medium,2749.65,70.36,61.38,2040.94,10.81,2571.76,13.699,Medium
Tamil Nadu,Dharmapuri,Small,1103.84,55.33,57.82,1904.53,5.35,2437.39,13.334,Medium
Karnataka,Bengaluru,Medium,3355.36,75.59,45.74,2209.83,8.91,2136.25,13.661,Medium
Andhra Pradesh,Kadapa,Medium,2347.83,69.31,92.0,1980.52,1.14,2251.33,16.267,High
Rajasthan,Jaipur,Medium,2623.44,85.52,66.27,2317.71,5.03,2165.25,18.21,High
Karnataka,Ramanagara,Medium,2751.54,86.83,69.45,2439.75,11.26,2588.71,20.099,Medium
Telangana,Warangal,Large,4860.52,47.95,90.18,1463.1,2.33,1777.98,16.587,High
Tamil Nadu,Madurai,Medium,3612.48,75.52,46.35,1112.8,8.83,2377.72,12.613,Medium
Andhra Pradesh,Nellore,Small,1450.94,63.31,48.94,1457.83,4.53,1795.27,8.108,Medium
Andhra Pradesh,Kadapa,Medium,3050.13,70.44,42.17,897.26,3.8,1804.15,14.945,Medium
Tamil Nadu,Madurai,Large,4975.76,89.92,76.71,682.3,5.04,2643.87,25.434,High
Telangana,Karimnagar,Small,1395.6,64.16,68.58,1814.76,5.96,1765.26,8.58,Medium
Andhra Pradesh,Kurnool,Small,1129.9,87.09,38.68,1776.01,10.29,1486.22,4.486,Low
Gujarat,Bhavnagar,Medium,2376.59,89.87,36.13,2061.16,4.37,1349.46,10.022,Medium
Telangana,Khammam,Medium,1918.47,62.18,60.24,2262.12,12.53,1918.19,5.02,Low
Rajasthan,Jaipur,Medium,2608.04,71.71,79.45,3048.06,,2281.8,17.69,High
Karnataka,Chitradurga,Small,1521.14,68.14,44.66,2312.69,12.3,1795.24,6.051,Low
Rajasthan,Jaipur,Small,1654.45,98.0,38.25,2445.67,11.74,1595.35,6.588,Low
Andhra Pradesh,Nellore,Large,4129.51,72.96,87.28,1137.22,5.01,2005.54,20.081,High
Rajasthan,Jaipur,Small,1134.92,92.84,42.41,2329.38,8.09,1137.6,8.809,Medium
Tamil Nadu,Chennai,Small,1826.66,69.47,54.65,1939.66,7.59,2690.72,10.576,Medium
Telangana,Khammam,Medium,2655.65,74.85,67.04,1238.42,6.9,1819.19,13.952,Medium
Telangana,Hyderabad,Large,4519.15,88.61,73.91,1569.72,1.02,2245.66,20.12,High
Karnataka,Mysuru,Medium,2851.64,76.56,62.18,1483.93,7.69,2398.54,18.077,High
Andhra Pradesh,Guntur,Large,4364.52,90.43,42.89,2256.08,7.9,1592.81,13.418,Medium
Andhra Pradesh,Kurnool,Small,1143.7,63.81,48.77,1365.32,9.56,1880.81,6.009,Low
Karnataka,Ramanagara,Small,1730.5,64.48,62.46,1938.01,6.66,2261.59,12.829,Medium
Gujarat,Surat,Small,721.51,85.47,70.14,2175.6,3.87,1927.65,11.164,Medium
Tamil Nadu,Krishnagiri,Large,5234.36,88.13,65.45,2224.18,1.57,2377.18,22.132,High
Andhra Pradesh,Kurnool,Medium,2319.33,65.93,49.56,1686.5,6.75,2006.33,10.025,Medium
Andhra Pradesh,Ongole,Small,1377.36,84.0,53.76,2030.43,7.06,1748.62,14.504,Medium
Tamil Nadu,Chennai,Medium,2676.31,66.11,45.99,1280.97,2.37,2315.22,19.245,High
Rajasthan,Udaipur,Small,1495.27,76.14,64.58,1922.24,10.5,2339.12,12.434,Medium
Tamil Nadu,Dharmapuri,Medium,3384.01,49.24,43.56,1614.65,4.65,2187.36,17.066,High
Karnataka,Bengaluru,Large,5110.48,76.74,71.32,1320.34,4.29,2229.7,22.488,High
Tamil Nadu,Madurai,Small,1351.43,64.36,49.7,845.6,8.22,2437.02,10.976,Medium
Karnataka,Chitradurga,Small,1907.81,62.1,58.3,2134.3,8.41,2250.74,12.895,Medium
Telangana,Nizamabad,Small,1669.91,75.14,55.83,1152.26,8.57,1502.2,5.432,Low
Tamil Nadu,Salem,Small,2039.02,77.76,56.21,2354.85,11.23,2079.17,10.171,Medium
Rajasthan,Jodhpur,Small,1593.62,84.1,53.88,1648.67,9.06,2149.64,12.381,Medium
Rajasthan,Udaipur,Medium,2110.75,69.08,54.38,1794.81,5.43,2103.68,15.904,Medium
Karnataka,Bengaluru,Small,1593.04,78.63,42.88,1911.43,7.64,2057.82,13.188,Medium
Gujarat,Vadodara,Large,4278.58,63.68,49.21,1422.7,3.04,1526.98,9.927,Medium
Tamil Nadu,Krishnagiri,Small,1797.21,64.2,54.21,1782.07,9.76,2376.83,9.586,Medium
Tamil Nadu,Krishnagiri,Small,1917.58,76.23,61.31,1777.59,11.16,2472.38,11.197,Medium
Karnataka,Hassan,Small,1815.07,64.32,55.52,2553.43,9.66,1599.35,8.48,Medium
Karnataka,Ramanagara,Medium,3178.2,76.19,80.63,2140.39,7.39,2251.82,17.666,High
Rajasthan,Kishangarh,Medium,3061.44,69.92,62.23,2667.52,5.44,2145.05,13.395,Medium
Gujarat,Surat,Large,3418.05,79.61,57.64,1322.33,6.94,1715.48,12.401,Medium
Rajasthan,Udaipur,Medium,3278.98,56.25,92.0,1497.51,8.58,2726.19,15.386,Medium
Telangana,Warangal,Large,4103.52,65.08,54.63,1622.34,5.49,1985.56,16.126,High
Tamil Nadu,Chennai,Medium,3204.11,73.31,65.83,1861.19,5.09,2533.8,16.616,High
Andhra Pradesh,Nellore,Small,1815.03,57.61,64.78,1801.43,6.4,2138.79,6.34,Low
Karnataka,Mysuru,Large,4934.5,45.69,76.82,1239.35,4.32,2354.6,23.09,High
Gujarat,Rajkot,Large,3616.01,78.05,39.62,1757.72,2.53,1873.88,12.819,Medium
Karnataka,Bengaluru,Large,5313.92,97.43,74.36,2459.47,4.08,2562.5,24.789,High
Karnataka,Bengaluru,Small,1327.08,82.8,43.29,2142.84,8.04,1769.64,9.008,Medium
Andhra Pradesh,Kurnool,Medium,2490.07,73.66,49.29,2203.85,5.7,2245.37,11.602,Medium
Rajasthan,Jaipur,Small,1870.5,74.0,25.72,2498.9,13.9,1843.53,3.487,Low
Telangana,Hyderabad,Small,1758.11,77.61,52.71,1951.19,10.56,1970.33,5.375,Low
Karnataka,Bengaluru,Medium,2189.18,65.39,46.44,2297.05,8.84,2227.43,9.744,Medium
Andhra Pradesh,Guntur,Large,4463.39,60.27,67.15,2020.45,0.5,2223.57,15.298,Medium
Andhra Pradesh,Nellore,Medium,3166.4,89.88,41.57,1955.23,8.95,2047.37,13.978,Medium
Andhra Pradesh,Kurnool,Large,4483.11,78.14,92.0,2166.17,6.17,2159.34,19.367,High
Andhra Pradesh,Ongole,Small,1505.88,78.31,39.27,948.34,10.61,2004.3,10.081,Medium
Karnataka,Mysuru,Small,1997.02,72.23,61.65,1612.7,6.97,2285.99,14.313,Medium
Tamil Nadu,Chennai,Medium,3078.65,77.27,77.45,2626.73,10.81,2331.28,21.348,High
Tamil Nadu,Chennai,Small,1973.93,71.47,65.07,2052.56,8.97,2211.5,12.304,Medium
Gujarat,Ahmedabad,Large,4097.64,72.95,58.98,2512.23,2.95,1986.44,12.544,Medium
Tamil Nadu,Dharmapuri,Small,1856.31,68.26,83.06,2256.57,6.73,2402.87,16.405,High
Rajasthan,Udaipur,Medium,2219.55,76.61,60.08,2161.82,,2225.16,14.379,Medium
Tamil Nadu,Salem,Medium,3539.82,64.04,59.87,975.74,7.3,2221.02,15.796,Medium
Rajasthan,Udaipur,Small,1590.54,87.69,51.5,2472.52,7.89,2308.75,13.07,Medium
Andhra Pradesh,Kadapa,Large,4030.78,71.64,64.32,921.64,8.27,2260.07,14.312,Medium
Rajasthan,Makrana,Medium,2932.8,67.9,61.23,1662.13,7.36,2263.9,15.026,Medium
Andhra Pradesh,Kurnool,Medium,2949.18,66.94,28.52,1611.44,10.39,1679.6,5.677,Low
Rajasthan,Jaipur,Large,4465.36,88.77,70.96,1257.44,9.27,2161.81,20.019,High
Andhra Pradesh,Kurnool,Small,1065.09,64.02,69.55,1810.25,5.74,2054.73,7.844,Low
Rajasthan,Kishangarh,Large,4859.73,96.28,56.4,2543.66,7.91,2492.21,18.619,High
Andhra Pradesh,Kadapa,Small,1120.43,70.65,53.0,1973.22,3.91,2101.87,7.832,Low
Tamil Nadu,Madurai,Small,1880.95,55.95,23.26,1085.47,7.61,2361.73,9.864,Medium
Rajasthan,Udaipur,Large,5034.08,65.16,79.13,,4.78,2071.81,22.103,High
Telangana,Warangal,Large,4409.17,70.74,84.32,2644.4,8.44,1972.15,12.322,Medium
Rajasthan,Kishangarh,Small,1675.05,76.01,61.19,1655.7,5.34,2450.9,15.042,Medium
Andhra Pradesh,Kadapa,Medium,2920.19,67.97,70.79,1946.04,5.37,2363.43,15.411,Medium
Andhra Pradesh,Kadapa,Large,4624.37,71.6,68.15,1796.02,7.83,1738.39,15.192,Medium
Tamil Nadu,Dharmapuri,Small,1335.1,57.22,67.69,1584.59,12.09,2466.34,8.947,Medium
Karnataka,Mysuru,Small,1995.07,55.72,57.85,2566.47,10.46,2435.01,7.105,Low
Telangana,Hyderabad,Medium,1696.75,98.0,70.79,1932.71,9.66,2138.28,14.667,Medium
Gujarat,Bhavnagar,Small,1295.11,63.42,67.98,1128.69,5.36,1731.25,6.982,Low
Tamil Nadu,Krishnagiri,Small,1435.62,81.17,60.46,1577.31,2.33,2597.88,16.626,High
Gujarat,Bhavnagar,Large,3492.39,57.33,68.79,1814.3,8.55,1658.36,7.676,Low
Tamil Nadu,Salem,Small,1730.56,89.58,57.94,1949.42,3.79,2264.32,17.315,High
Telangana,Warangal,Large,4376.12,72.94,58.85,1896.61,2.59,1939.68,17.509,High
Karnataka,Chitradurga,Medium,2740.81,98.0,27.41,2298.84,8.94,2100.61,11.576,Medium
Telangana,Karimnagar,Medium,1981.52,96.59,56.3,1356.84,6.98,1473.61,11.714,Medium
Tamil Nadu,Dharmapuri,Medium,2784.02,64.38,82.65,1661.55,6.42,3140.58,16.359,High
Andhra Pradesh,Kadapa,Medium,3019.82,92.28,65.19,2172.76,4.26,1947.81,15.058,Medium
Karnataka,Bengaluru,Small,2361.84,96.38,61.4,2263.79,7.59,2584.5,16.08,High
Rajasthan,Makrana,Small,1564.1,59.24,36.22,2496.69,10.61,2091.79,6.033,Low
Andhra Pradesh,Guntur,Medium,1976.1,57.71,70.62,970.9,2.8,2426.52,15.877,Medium
Rajasthan,Kishangarh,Small,1550.77,44.06,38.45,1446.43,7.34,1728.55,8.096,Medium
Karnataka,Hassan,Small,897.72,63.68,52.13,1185.46,10.06,2324.43,10.822,Medium
Tamil Nadu,Chennai,Large,5413.84,65.78,60.67,1469.47,7.16,2285.52,16.937,High
Rajasthan,Jaipur,Large,4687.67,77.48,67.49,1893.96,3.48,2361.43,21.532,High
Andhra Pradesh,Ongole,Small,1216.16,47.77,49.95,1989.02,3.83,2170.31,4.114,Low
Gujarat,Ahmedabad,Small,1451.92,87.08,64.42,2260.46,6.48,1781.18,8.874,Medium
Andhra Pradesh,Ongole,Medium,2548.21,77.72,72.17,2382.33,6.11,1912.29,13.793,Medium
Gujarat,Rajkot,Large,3978.29,89.86,83.81,988.12,5.1,1895.3,18.323,High
Telangana,Hyderabad,Small,1878.13,86.32,92.0,2681.33,,2199.44,15.615,Medium
Rajasthan,Udaipur,Small,1438.91,80.63,39.61,1516.54,15.62,1937.37,7.214,Low
Telangana,Nizamabad,Large,4076.26,77.95,65.95,1979.97,8.7,1929.34,14.758,Medium
Karnataka,Chitradurga,Large,5405.02,67.19,59.85,1373.58,10.27,2196.04,20.217,High
Rajasthan,Jaipur,Medium,2444.9,82.34,31.67,1869.59,7.35,1685.52,10.052,Medium
Telangana,Nizamabad,Small,1590.62,76.21,55.56,,11.5,2117.62,7.339,Low
Rajasthan,Kishangarh,Medium,1979.63,80.38,61.96,1909.59,7.36,2291.44,16.856,High
Telangana,Khammam,Medium,2137.41,70.39,70.79,939.44,10.6,1800.97,11.829,Medium
Gujarat,Ahmedabad,Small,1114.78,75.66,67.98,1199.8,4.2,1577.76,9.646,Medium
Tamil Nadu,Madurai,Small,1468.37,66.77,65.23,1626.44,5.28,2332.59,11.427,Medium
Andhra Pradesh,Kadapa,Small,1720.43,77.77,55.38,2035.83,3.57,2180.72,10.668,Medium
Tamil Nadu,Krishnagiri,Medium,3144.92,67.99,38.59,931.59,5.5,2305.52,13.096,Medium
Telangana,Warangal,Medium,2217.87,79.04,56.27,1591.4,5.99,1989.74,13.175,Medium
Karnataka,Ramanagara,Large,4906.82,63.36,69.62,1924.41,9.26,2045.1,17.402,High
Telangana,Hyderabad,Medium,2077.47,77.37,59.22,1165.94,12.55,1869.39,6.546,Low
Telangana,Nizamabad,Large,3646.8,86.91,70.99,2684.49,5.71,1847.88,12.533,Medium
Karnataka,Chitradurga,Large,5660.46,83.27,67.58,2164.77,5.38,2145.54,20.062,High
Tamil Nadu,Dharmapuri,Small,1588.36,57.86,53.19,1202.95,7.92,2696.22,9.731,Medium
Andhra Pradesh,Kadapa,Small,1029.46,60.15,67.28,1678.77,7.04,1882.82,7.396,Low
Tamil Nadu,Dharmapuri,Medium,3066.94,95.23,20.72,1332.53,,2153.77,17.018,High
Telangana,Karimnagar,Small,1406.55,76.74,56.03,1720.0,7.65,1401.8,5.942,Low
Rajasthan,Makrana,Large,4769.96,65.94,67.74,2374.26,5.93,2451.32,19.386,High
Gujarat,Ahmedabad,Small,1174.93,90.25,70.43,1738.34,6.89,1591.85,9.07,Medium
Tamil Nadu,Salem,Small,2306.55,97.02,51.33,2068.59,6.69,2027.06,16.228,High
Tamil Nadu,Krishnagiri,Medium,2842.69,61.09,33.38,1242.41,,2429.32,9.569,Medium
Tamil Nadu,Dharmapuri,Medium,2772.2,66.72,34.06,1543.08,7.55,2476.19,14.882,Low
Tamil Nadu,Krishnagiri,Medium,2553.66,69.5,33.36,1956.45,4.5,2380.55,16.044,High
Tamil Nadu,Madurai,Medium,3749.71,79.65,75.61,2134.12,7.47,2146.34,17.879,High
Andhra Pradesh,Kurnool,Small,1699.03,71.41,35.25,1390.76,11.71,1836.48,4.724,Low
Rajasthan,Jodhpur,Small,1516.44,78.84,72.34,1501.45,5.48,1598.56,13.991,Medium
Gujarat,Vadodara,Large,3445.2,79.67,54.7,1424.96,7.47,1418.42,11.956,Medium
Andhra Pradesh,Kurnool,Small,1364.83,97.81,42.78,1772.01,9.89,1725.85,8.544,Medium
Rajasthan,Udaipur,Small,1594.66,80.07,72.31,2216.89,7.84,2415.31,17.879,High
Andhra Pradesh,Kurnool,Medium,2753.49,69.29,66.65,944.14,6.31,2018.22,15.484,Medium
Tamil Nadu,Salem,Small,1228.09,71.53,35.49,1452.01,4.42,2534.3,13.132,Medium
Telangana,Warangal,Medium,2381.59,76.33,58.37,2458.81,8.76,1676.19,9.683,Medium
Karnataka,Bengaluru,Medium,3146.59,58.02,77.27,1896.34,5.89,2080.68,12.336,Medium
Gujarat,Rajkot,Medium,2670.97,74.46,54.57,1604.83,3.53,1847.31,10.279,Medium
Tamil Nadu,Madurai,Medium,3340.08,71.23,85.63,1393.33,6.37,2497.05,19.012,High
Tamil Nadu,Salem,Small,1596.56,59.04,37.39,881.42,4.05,2302.85,13.867,Medium
Gujarat,Ahmedabad,Medium,1975.53,49.9,30.87,2279.85,6.45,1645.47,1.5,Low
Rajasthan,Makrana,Small,1778.95,52.77,71.49,2063.03,6.09,2405.26,12.033,Medium
Andhra Pradesh,Kurnool,Small,1430.3,72.36,40.3,1039.78,12.76,1830.81,4.757,Low
Telangana,Karimnagar,Medium,2663.47,85.07,46.54,2498.66,6.66,1777.62,10.651,Medium
Rajasthan,Jaipur,Small,1241.75,68.96,44.85,2068.13,6.0,1948.11,8.283,Medium
Gujarat,Vadodara,Medium,2582.17,85.29,41.52,1087.26,6.12,1652.22,10.688,Medium
Andhra Pradesh,Guntur,Medium,2413.06,71.36,63.72,1735.3,4.26,2335.08,13.885,Medium
Rajasthan,Makrana,Large,4498.52,68.49,56.24,1954.06,4.17,2003.14,18.271,High
Gujarat,Bhavnagar,Medium,2271.9,67.02,45.05,910.32,5.28,1594.7,10.551,Medium
Gujarat,Surat,Small,861.21,59.81,50.41,1569.07,9.78,1892.75,5.002,Low
Andhra Pradesh,Kurnool,Small,1374.79,72.51,32.97,2233.89,10.93,2149.55,6.768,Low
Gujarat,Ahmedabad,Small,1582.04,71.81,54.47,1910.32,10.54,1468.26,7.532,Low
Andhra Pradesh,Kurnool,Small,996.89,67.05,33.4,1058.57,10.36,1540.72,4.671,Low
Andhra Pradesh,Kadapa,Small,1734.55,70.66,48.51,1581.6,7.89,1646.87,7.807,Low
Tamil Nadu,Madurai,Small,1381.71,84.39,52.87,949.59,1.82,2137.42,14.734,Medium
Tamil Nadu,Krishnagiri,Medium,3359.24,96.8,82.81,1733.07,8.01,2579.94,20.894,High
Rajasthan,Jodhpur,Medium,2304.81,65.37,68.93,2221.14,1.76,2712.0,12.511,Medium
Karnataka,Mysuru,Medium,3172.05,67.83,49.96,1170.54,10.18,2348.28,15.302,Medium
Karnataka,Chitradurga,Medium,2799.51,61.64,49.94,1397.19,7.03,2137.12,12.341,Medium
Andhra Pradesh,Nellore,Medium,2406.29,71.42,51.81,2663.8,6.96,2112.45,12.612,Medium
Karnataka,Hassan,Medium,2767.76,67.41,61.39,1971.55,5.52,2634.86,15.793,Medium
Andhra Pradesh,Ongole,Medium,1913.23,77.89,43.85,2458.21,4.49,1819.68,8.814,Medium
Rajasthan,Kishangarh,Small,1090.42,84.54,44.68,2055.4,9.84,2009.32,7.078,Low
Karnataka,Bengaluru,Medium,2367.51,59.49,52.43,2205.16,1.93,2200.31,9.732,Medium
Karnataka,Hassan,Medium,2313.49,68.47,54.86,1996.73,4.46,2360.17,12.133,Medium
Tamil Nadu,Chennai,Small,1676.41,67.34,61.63,1887.6,4.7,2753.41,15.493,Medium
Rajasthan,Jodhpur,Small,1926.43,78.3,63.19,,6.16,2353.39,14.532,Medium
Telangana,Nizamabad,Small,1898.0,90.58,61.13,2660.98,11.02,1607.88,8.43,Medium
Karnataka,Hassan,Medium,2697.93,66.88,57.16,2944.64,4.95,2366.45,13.912,Medium
Rajasthan,Makrana,Medium,2702.43,81.77,82.92,1790.28,2.81,2278.94,17.002,High
Tamil Nadu,Dharmapuri,Small,2038.58,96.1,67.03,2057.36,5.73,2011.73,15.4,Medium
Rajasthan,Jodhpur,Small,996.54,63.68,53.27,2547.89,9.25,2079.67,6.509,Low
Andhra Pradesh,Ongole,Large,4972.44,81.07,75.07,1342.64,9.07,2262.27,19.34,High
Tamil Nadu,Krishnagiri,Small,2191.47,77.81,62.44,1396.2,7.57,2298.22,13.053,Medium
Rajasthan,Jodhpur,Small,893.5,65.15,50.68,1890.82,8.71,1929.79,9.573,Medium
Andhra Pradesh,Ongole,Small,776.15,77.22,51.69,1645.39,9.49,2014.84,5.896,Low
Telangana,Nizamabad,Medium,2192.96,85.83,58.03,2127.22,7.19,1817.93,13.298,Medium
Rajasthan,Jaipur,Medium,3182.98,66.86,22.68,2512.97,13.15,1842.97,5.02,Low
Gujarat,Surat,Medium,1617.03,64.0,41.76,2088.11,11.44,1443.26,1.925,Low
Andhra Pradesh,Ongole,Large,4010.0,62.37,84.95,2263.32,6.91,2258.38,17.531,High
Rajasthan,Kishangarh,Medium,2952.85,89.01,64.47,1997.32,3.66,2267.68,18.054,High
Telangana,Hyderabad,Small,1641.57,84.47,20.0,2629.25,9.4,1459.65,3.633,Low
Andhra Pradesh,Kurnool,Medium,2268.53,63.93,20.0,2014.24,10.01,1724.12,6.124,Low
Gujarat,Surat,Small,1096.19,68.41,69.92,1811.05,5.64,1514.21,7.55,Low
Gujarat,Surat,Medium,2415.96,70.09,66.86,1265.33,3.73,1897.59,13.86,Medium
Tamil Nadu,Chennai,Small,1621.04,85.71,68.96,,7.75,2533.32,15.322,Medium
Rajasthan,Jaipur,Medium,2490.27,76.02,37.24,1804.46,5.98,2077.34,12.499,Medium
Rajasthan,Jodhpur,Small,1737.23,78.6,43.38,1778.4,6.18,2079.85,12.638,Medium
Karnataka,Hassan,Large,5147.51,82.45,90.03,1684.47,4.28,2171.41,26.458,High
Andhra Pradesh,Guntur,Small,1317.09,98.0,59.55,2178.87,4.83,1558.8,10.333,Medium
Gujarat,Surat,Medium,2519.43,69.21,55.85,1643.71,5.59,1641.76,8.586,Medium
Rajasthan,Kishangarh,Small,1675.79,66.99,48.19,2205.55,8.43,1751.68,8.488,Medium
Tamil Nadu,Dharmapuri,Large,5178.49,94.87,41.79,2244.9,13.16,2728.01,18.834,High
Karnataka,Chitradurga,Medium,2350.65,88.4,75.21,2271.98,5.5,1943.05,18.115,High
Rajasthan,Jodhpur,Small,1660.86,68.15,22.31,2121.88,2.9,2157.88,10.491,Low
Karnataka,Bengaluru,Large,5520.98,57.72,72.01,2307.68,,2178.62,19.552,High
Andhra Pradesh,Kurnool,Small,1385.48,73.19,48.64,,5.8,2184.34,8.607,Medium
Rajasthan,Jodhpur,Medium,3010.27,77.99,62.34,2300.96,5.48,2216.15,16.737,High
Andhra Pradesh,Nellore,Medium,2869.42,83.2,48.08,1543.96,2.85,2270.26,18.733,High
Tamil Nadu,Dharmapuri,Small,2350.53,59.81,79.09,1758.77,12.84,2379.81,12.0,Medium
Gujarat,Ahmedabad,Large,4135.43,98.0,57.01,1042.99,6.17,1440.1,15.234,Medium
Andhra Pradesh,Kurnool,Small,1410.02,55.15,52.1,1920.81,5.39,1672.25,4.699,Low
Tamil Nadu,Chennai,Small,2049.23,56.76,55.76,1667.05,5.91,2098.21,14.333,Medium
Telangana,Khammam,Large,4639.47,92.79,65.42,2071.38,4.99,1828.13,15.816,Medium
Telangana,Karimnagar,Medium,2537.23,66.9,61.78,2105.18,7.32,1554.0,8.386,Medium
Rajasthan,Jodhpur,Small,1954.14,93.27,69.49,2125.2,5.81,2144.82,16.789,High
Telangana,Karimnagar,Small,1196.18,71.43,58.84,1811.94,9.52,1716.89,4.892,Low
Rajasthan,Jaipur,Medium,3104.34,67.96,65.31,2609.67,5.65,2461.48,15.662,Medium
Rajasthan,Udaipur,Small,1453.88,79.61,60.87,1561.66,4.75,2031.74,13.616,Medium
Andhra Pradesh,Guntur,Large,4304.05,88.18,72.69,2526.54,6.03,2074.24,13.72,High
Tamil Nadu,Krishnagiri,Medium,2906.92,98.0,75.88,1705.88,6.04,2620.8,23.77,High
Tamil Nadu,Chennai,Small,1291.59,87.26,74.27,1738.79,8.56,2555.85,18.296,High
Andhra Pradesh,Kadapa,Small,1330.54,85.47,42.32,2220.01,7.37,1668.7,6.655,Low
Tamil Nadu,Chennai,Medium,3242.43,71.74,53.39,2049.7,3.74,2570.25,15.601,Medium
Andhra Pradesh,Nellore,Small,1698.55,88.42,60.92,1321.47,6.02,2165.45,12.246,Medium
Andhra Pradesh,Guntur,Medium,2645.26,83.97,58.45,1029.71,7.84,2061.65,15.385,Medium
Telangana,Karimnagar,Large,4498.53,73.05,72.31,1637.16,2.79,2299.59,18.88,High
Andhra Pradesh,Kurnool,Medium,2849.53,54.64,41.25,1239.3,7.28,1639.24,8.695,Medium
Rajasthan,Makrana,Medium,2608.53,63.46,59.21,1749.09,11.0,2378.15,13.815,Medium
Rajasthan,Kishangarh,Small,1789.68,73.08,49.25,2549.99,8.04,1984.61,7.555,Low
Telangana,Hyderabad,Medium,2319.11,69.19,43.53,2139.72,,1935.26,5.22,Low
Gujarat,Ahmedabad,Medium,2311.51,83.83,31.93,2074.5,7.14,1801.14,10.252,Medium
Tamil Nadu,Krishnagiri,Medium,3092.15,82.64,81.79,1354.33,6.06,2224.32,19.424,High
Andhra Pradesh,Kadapa,Small,2087.15,93.78,29.53,1750.66,7.87,1743.78,8.48,Medium
Tamil Nadu,Salem,Large,4886.61,86.02,87.04,878.48,2.09,2532.54,26.718,High
Andhra Pradesh,Guntur,Small,1375.86,57.66,72.94,2195.86,5.79,1941.39,8.038,Medium
Andhra Pradesh,Guntur,Medium,2623.68,63.54,56.13,2231.91,,2318.72,11.519,Medium
Andhra Pradesh,Nellore,Medium,2623.07,73.07,60.13,1842.61,2.93,1829.43,12.726,Medium
Telangana,Khammam,Medium,2331.13,88.21,67.87,2503.9,7.05,1878.33,13.564,Medium
Tamil Nadu,Salem,Small,957.43,80.48,43.84,1802.46,7.54,2397.71,15.735,Medium
Tamil Nadu,Chennai,Medium,3089.8,67.06,56.25,1599.27,3.44,2911.94,17.344,High
Rajasthan,Udaipur,Small,1511.97,57.74,43.54,1743.99,8.89,1691.03,9.087,Medium
Tamil Nadu,Dharmapuri,Medium,3322.15,65.61,65.16,1922.09,3.81,2686.11,17.816,High
Andhra Pradesh,Kurnool,Small,1378.44,57.76,38.63,1062.08,9.15,1724.18,4.509,Low
Telangana,Warangal,Small,1296.18,73.68,45.92,2172.47,10.45,1855.35,3.261,Low
Karnataka,Mysuru,Small,1073.7,72.21,83.55,1945.46,10.75,2344.48,12.161,Medium
Telangana,Karimnagar,Large,4418.95,82.35,77.83,1937.16,0.5,2171.83,14.741,Medium
Tamil Nadu,Madurai,Medium,3055.74,69.67,35.72,1390.21,5.83,2283.14,15.364,Medium
Tamil Nadu,Dharmapuri,Medium,2987.48,81.75,70.41,753.7,7.68,2671.92,20.452,High
Rajasthan,Kishangarh,Medium,2838.89,58.47,57.85,2585.47,6.23,2315.17,11.926,Medium
Telangana,Karimnagar,Large,4161.26,68.52,57.83,1881.8,4.1,1683.65,12.036,Medium
Rajasthan,Jodhpur,Small,1837.66,79.76,87.71,1827.67,2.35,2148.08,17.412,High
Telangana,Hyderabad,Medium,2507.71,98.0,56.24,2221.01,6.2,1872.07,13.542,Medium
Tamil Nadu,Chennai,Medium,2394.49,86.09,45.46,1891.22,6.29,2235.1,15.932,Medium
Telangana,Nizamabad,Small,1238.94,58.85,40.76,1926.23,5.3,1574.96,3.242,Low
Andhra Pradesh,Nellore,Small,1343.18,88.1,56.51,1288.44,0.5,2185.44,14.223,Medium
Telangana,Warangal,Small,903.46,73.7,61.39,2096.1,9.75,2461.43,5.315,Low
Tamil Nadu,Chennai,Small,1962.92,75.81,59.17,2297.18,10.55,2255.02,13.391,Medium
Andhra Pradesh,Ongole,Small,1212.48,98.0,28.31,2631.23,9.41,1604.63,7.629,Low
Andhra Pradesh,Guntur,Small,1183.25,71.24,27.82,2117.92,12.74,1494.89,5.94,Low
Tamil Nadu,Dharmapuri,Medium,2313.27,84.61,55.1,1432.59,7.01,2289.66,15.095,Medium
Tamil Nadu,Krishnagiri,Small,2181.66,81.13,46.82,1365.01,7.28,1733.96,12.563,Medium
Andhra Pradesh,Kadapa,Small,1751.83,65.29,30.31,1321.45,10.36,1775.2,4.708,Low
Tamil Nadu,Chennai,Large,5344.8,48.38,71.82,2284.02,2.66,2322.17,17.592,High
Rajasthan,Jodhpur,Medium,3053.12,56.86,64.33,1783.67,3.42,2246.64,12.734,Medium
Telangana,Nizamabad,Small,783.93,73.91,68.05,1754.58,4.87,1902.77,9.046,Medium
Rajasthan,Kishangarh,Medium,2907.6,85.18,69.54,2152.49,8.3,1998.45,13.356,Medium
Tamil Nadu,Madurai,Small,1351.2,83.15,57.03,1336.76,8.19,2661.83,16.682,High
Andhra Pradesh,Kurnool,Small,1780.97,82.42,50.08,1217.17,9.01,1811.35,9.237,Medium
Telangana,Warangal,Small,1296.44,74.53,91.28,1498.34,6.89,1848.14,12.59,Medium
Telangana,Warangal,Large,4084.42,68.89,58.28,2074.3,0.5,1974.22,15.936,Medium
Tamil Nadu,Dharmapuri,Medium,2771.55,75.05,54.57,1581.88,9.56,2795.23,16.377,High
Andhra Pradesh,Nellore,Medium,2383.37,81.91,69.53,1783.74,0.5,2038.71,17.254,High
Rajasthan,Udaipur,Large,4908.15,83.54,44.13,6084.2048572246185,6.77,1693.87,15.164,Medium
Andhra Pradesh,Nellore,Large,4375.44,98.0,62.3,2136.86,5.56,1946.44,22.593,High
Tamil Nadu,Chennai,Medium,2780.77,69.31,63.75,1381.75,4.79,2484.11,17.437,High
Rajasthan,Makrana,Medium,3435.67,66.67,55.1,2092.46,3.57,2380.99,13.404,Medium
Telangana,Khammam,Small,1439.37,62.6,65.32,2150.93,7.83,1380.32,3.876,Low
Andhra Pradesh,Ongole,Small,1187.76,42.34,61.72,1444.8,9.69,2417.58,3.324,Low
Telangana,Karimnagar,Medium,2721.03,78.78,60.47,2170.84,5.89,1664.53,17.457,High
Karnataka,Bengaluru,Medium,2966.24,78.02,59.81,2027.55,5.3,2693.21,17.109,High
Tamil Nadu,Dharmapuri,Large,4867.32,69.16,57.59,2347.83,5.23,2206.86,17.666,High
Karnataka,Ramanagara,Medium,2699.01,63.24,32.78,1508.31,4.31,1708.57,9.99,Medium
Karnataka,Mysuru,Medium,2588.66,77.95,65.11,1370.26,7.65,2372.02,17.67,High
Tamil Nadu,Madurai,Medium,3142.68,76.34,68.73,1360.29,5.77,2321.66,17.219,High
Karnataka,Chitradurga,Small,1281.5,96.84,52.82,2457.2,9.69,2296.46,13.598,Medium
Gujarat,Bhavnagar,Medium,2158.66,72.33,30.11,2372.04,10.9,1688.64,5.286,Low
Tamil Nadu,Madurai,Medium,3206.31,76.21,47.04,1187.34,4.13,2018.9,17.337,High
Gujarat,Surat,Medium,2863.28,94.8,50.16,1418.32,10.88,1609.07,6.945,Low
Gujarat,Bhavnagar,Medium,2671.01,64.67,52.08,1796.12,6.19,1783.86,10.719,Medium
Tamil Nadu,Dharmapuri,Small,1747.02,69.53,59.47,1069.76,6.89,2680.78,15.823,Medium
Karnataka,Chitradurga,Medium,2777.28,91.02,37.51,2344.13,9.44,1889.53,16.609,High
Telangana,Hyderabad,Medium,2188.92,54.63,57.63,1456.46,5.29,1675.77,9.851,Medium
Tamil Nadu,Dharmapuri,Medium,2691.09,68.37,50.84,1328.35,5.84,2411.09,14.358,Medium
Rajasthan,Jaipur,Medium,2047.7,64.26,78.1,1809.67,9.45,2049.29,12.916,Medium
Andhra Pradesh,Kurnool,Small,1342.18,66.79,61.8,1496.47,5.09,1831.61,9.506,Medium
Andhra Pradesh,Ongole,Small,1813.12,82.23,48.14,1285.18,2.82,1776.85,11.053,Medium
Rajasthan,Jaipur,Small,2193.1,66.99,76.55,2337.47,5.29,2101.21,12.113,Medium
Karnataka,Hassan,Medium,2822.23,75.95,50.12,1694.09,4.29,2330.4,16.135,High
Rajasthan,Kishangarh,Medium,3122.44,62.36,46.15,1580.28,2.53,2394.06,13.16,Medium
Rajasthan,Kishangarh,Large,4597.35,86.37,41.9,1686.05,4.9,1789.34,20.742,High
Rajasthan,Makrana,Small,1629.14,98.0,70.9,1965.23,4.86,2751.69,14.89,Medium
Tamil Nadu,Chennai,Small,1281.47,73.28,50.6,1988.28,3.27,2720.45,13.954,Medium
Karnataka,Ramanagara,Medium,2702.97,74.32,56.78,1428.1,6.96,2109.58,13.419,Medium
Gujarat,Rajkot,Medium,2283.48,58.6,75.47,797.04,7.13,1670.68,9.849,Medium
Karnataka,Ramanagara,Medium,2774.38,83.83,48.28,1594.86,,2200.49,17.12,High
Tamil Nadu,Krishnagiri,Large,5636.82,78.57,62.04,2011.38,7.81,2408.57,21.782,High
Karnataka,Ramanagara,Large,5197.38,82.66,79.86,1210.99,9.26,2213.08,24.912,High
Rajasthan,Makrana,Small,2044.39,82.53,37.9,1667.7,5.71,1781.52,8.984,Medium
Karnataka,Ramanagara,Large,5215.05,77.23,61.91,1717.84,5.21,2129.63,17.414,High
Telangana,Khammam,Small,1275.61,85.34,50.2,2089.68,6.02,1971.54,7.081,Low
Andhra Pradesh,Guntur,Medium,2205.28,90.21,65.77,1981.14,6.4,2165.44,12.133,Medium
Rajasthan,Makrana,Medium,2489.58,75.19,69.75,2286.95,4.33,2555.37,17.18,High
Karnataka,Mysuru,Medium,3015.32,74.72,44.51,1233.21,11.37,2309.14,14.6,Medium
Gujarat,Bhavnagar,Small,1126.39,74.89,27.37,1268.96,6.31,1614.29,7.111,Low
Tamil Nadu,Salem,Small,1926.9,81.93,53.18,2238.2,4.1,2518.65,12.294,Medium
Andhra Pradesh,Kadapa,Medium,2704.31,79.78,64.56,1190.76,6.72,1862.14,12.773,Medium
Tamil Nadu,Dharmapuri,Small,1319.36,59.29,52.2,1911.65,8.16,2427.32,8.191,Medium
Rajasthan,Jodhpur,Small,1795.03,65.63,44.82,2711.1,7.12,2023.22,6.536,Low
Telangana,Khammam,Medium,2152.48,82.88,31.98,,3.9,1764.61,10.359,Medium
Andhra Pradesh,Kurnool,Medium,2206.64,76.86,55.25,1645.01,5.28,1718.43,8.415,Medium
Karnataka,Hassan,Medium,2730.84,73.63,46.74,1289.48,1.73,2269.76,14.199,Medium
Tamil Nadu,Salem,Small,1520.59,98.0,63.33,2009.04,5.64,2411.27,17.26,High
Andhra Pradesh,Nellore,Large,4457.08,92.58,71.75,913.71,4.73,1909.63,17.408,High
Gujarat,Ahmedabad,Small,1584.45,87.54,24.32,1677.23,7.85,1666.31,7.308,Low
Tamil Nadu,Madurai,Large,5407.0,78.14,55.87,854.11,3.54,2498.59,21.845,High
Telangana,Warangal,Medium,2414.67,80.4,80.25,1540.04,6.12,1735.68,17.405,High
Andhra Pradesh,Guntur,Medium,2030.66,68.14,53.7,2309.54,2.64,1855.52,11.292,Medium
Andhra Pradesh,Guntur,Large,4745.11,65.43,71.93,1838.09,6.91,1927.36,15.196,Medium
Rajasthan,Udaipur,Small,1725.98,77.26,57.65,1218.42,9.23,1899.04,9.724,Medium
Andhra Pradesh,Guntur,Small,1150.65,70.35,53.62,2243.84,2.4,2067.63,7.484,Low
Karnataka,Chitradurga,Medium,2475.53,76.56,67.02,2418.28,1.96,2575.74,15.12,Medium
Karnataka,Ramanagara,Small,1484.72,89.09,59.67,2469.09,0.81,2208.02,16.409,High
Tamil Nadu,Chennai,Medium,2967.27,71.05,69.91,2053.2,7.36,2688.82,19.363,High
Karnataka,Hassan,Small,1285.57,72.12,52.91,2139.76,6.61,1880.97,11.649,Medium
Andhra Pradesh,Ongole,Large,4379.92,82.72,54.04,2248.74,6.16,1905.27,12.936,Medium
Telangana,Nizamabad,Medium,2548.65,76.2,36.9,1858.02,9.2,1355.2,7.307,Low
Rajasthan,Kishangarh,Small,1304.23,78.0,54.41,1949.04,6.22,2388.73,11.934,Medium
Tamil Nadu,Krishnagiri,Large,5428.42,96.73,82.07,1331.83,5.29,2612.64,26.343,High
Karnataka,Hassan,Small,1718.17,55.58,41.63,1280.35,6.93,2302.23,5.813,Low
Rajasthan,Jodhpur,Small,412.68,73.38,42.87,2376.26,10.72,2157.3,2.786,Low
Tamil Nadu,Krishnagiri,Small,1379.41,70.8,42.06,2095.06,9.28,2700.37,9.73,Medium
Karnataka,Bengaluru,Medium,3127.49,55.51,45.21,1638.07,3.2,2265.38,11.87,Low
Telangana,Nizamabad,Medium,2214.25,54.14,58.39,2345.2,7.91,1977.4,9.274,Medium
Telangana,Karimnagar,Medium,1915.93,71.62,52.78,1927.55,2.26,1870.75,12.201,Medium
Andhra Pradesh,Ongole,Small,1937.76,66.37,32.66,1971.41,11.27,1548.84,4.675,Low
Karnataka,Hassan,Large,4992.31,79.86,56.72,2362.29,3.28,2408.0,18.87,High
Telangana,Hyderabad,Medium,2814.33,79.14,74.27,2353.65,2.99,2361.44,17.063,High
Tamil Nadu,Dharmapuri,Small,1436.14,74.52,49.86,1885.44,11.22,2273.62,14.397,Medium
Karnataka,Bengaluru,Medium,3199.36,56.84,77.86,2691.88,10.2,2182.78,14.137,Medium
Karnataka,Mysuru,Medium,2719.98,60.44,43.53,2024.95,12.67,1987.42,8.261,Medium
Tamil Nadu,Krishnagiri,Small,873.66,55.67,28.2,1873.6,8.16,1970.18,6.451,Low
Telangana,Hyderabad,Small,1400.48,73.85,52.76,2243.22,5.94,1675.43,11.89,Medium
Telangana,Khammam,Small,1322.09,75.25,77.68,2437.71,10.3,1706.42,8.685,Medium
Andhra Pradesh,Guntur,Large,4657.29,95.96,31.92,1434.64,10.51,1793.2,16.822,High
Andhra Pradesh,Nellore,Medium,2712.15,64.42,43.01,1414.89,2.49,2107.74,11.075,Medium
Telangana,Karimnagar,Small,1927.55,75.48,47.18,1392.3,8.38,2067.49,6.448,Low
Tamil Nadu,Chennai,Small,1958.03,54.12,67.4,1241.72,5.12,2571.99,12.673,Medium
Telangana,Karimnagar,Medium,2656.77,72.34,49.21,2089.98,6.56,1667.99,4.696,Low
Andhra Pradesh,Kurnool,Medium,2798.68,82.15,61.7,1929.88,4.8,1702.35,12.549,Medium
Tamil Nadu,Salem,Medium,2705.5,73.64,55.93,2009.2,5.75,2421.82,19.45,High
Karnataka,Bengaluru,Large,5248.95,98.0,85.51,2063.62,2.83,2356.33,26.332,High
Rajasthan,Jaipur,Medium,2911.76,98.0,92.0,2326.57,5.04,2559.81,20.616,High
Karnataka,Hassan,Medium,3430.54,78.11,44.07,,6.07,2005.52,12.417,Medium
Karnataka,Bengaluru,Small,1770.5,55.78,46.15,2091.29,7.22,2412.96,10.137,Medium
Rajasthan,Udaipur,Large,4575.81,98.0,65.61,1803.51,7.53,2191.92,22.236,Low
Karnataka,Hassan,Small,1811.91,83.55,41.12,2414.24,5.39,1951.86,12.457,Medium
Tamil Nadu,Salem,Small,1970.3,89.8,73.35,1721.52,7.57,2575.97,16.593,High
Tamil Nadu,Madurai,Medium,3705.78,71.6,43.57,1807.28,9.88,2273.5,13.268,Medium
Rajasthan,Makrana,Small,1458.69,74.22,68.14,2492.92,9.47,2068.76,10.948,Medium
Tamil Nadu,Salem,Small,1573.93,69.55,47.9,1544.21,2.77,2733.67,11.953,Medium
Karnataka,Bengaluru,Medium,2516.96,82.12,60.68,1324.15,5.72,2224.86,19.075,High
Tamil Nadu,Madurai,Small,1548.83,70.3,50.44,1227.19,8.0,2257.08,10.492,Medium
Tamil Nadu,Chennai,Small,1903.14,82.48,43.79,1993.99,8.28,2593.9,16.905,High
Karnataka,Hassan,Medium,2598.5,64.16,69.65,1996.9,,2504.07,15.066,Medium
Rajasthan,Makrana,Medium,3535.7,86.99,66.92,1529.37,7.51,1963.83,18.076,High
Tamil Nadu,Chennai,Small,1647.23,76.48,71.16,1265.19,8.91,2403.92,12.904,Medium
Gujarat,Vadodara,Large,3933.94,95.45,75.07,2017.21,2.96,1865.06,18.648,High
Andhra Pradesh,Guntur,Small,1498.97,98.0,41.67,2408.79,8.74,2390.57,11.815,Medium
Rajasthan,Udaipur,Medium,3297.0,76.18,59.15,1556.74,9.13,2108.94,15.126,Medium
Telangana,Hyderabad,Small,1357.72,92.59,73.15,2207.94,11.95,1908.19,10.077,Medium
Telangana,Khammam,Medium,2138.3,85.13,57.5,2664.34,5.46,1695.55,10.452,Medium
Rajasthan,Jodhpur,Small,1592.23,71.66,74.68,1820.62,6.51,1975.79,13.835,Medium
Gujarat,Vadodara,Small,1429.76,74.2,69.08,1426.37,8.28,2032.67,8.013,Medium
Andhra Pradesh,Kurnool,Small,995.6,78.18,67.74,2137.81,4.79,1987.44,11.558,Medium
Andhra Pradesh,Nellore,Medium,2909.83,68.05,39.49,1999.7,1.33,2258.23,14.535,Medium
Karnataka,Hassan,Medium,2912.54,64.62,69.8,1938.51,3.01,2437.77,18.825,High
Rajasthan,Jodhpur,Small,1480.47,90.11,79.3,2574.52,9.46,2161.71,14.412,Medium
Telangana,Karimnagar,Large,4032.03,72.16,57.04,1660.06,2.52,1749.84,13.094,Medium
Rajasthan,Jaipur,Small,1279.15,72.32,70.68,1707.1,9.25,2090.81,11.55,Medium
Gujarat,Surat,Medium,2238.83,72.42,64.26,2216.29,4.49,1744.36,10.919,Medium
Andhra Pradesh,Guntur,Small,1230.48,81.09,47.55,1859.22,8.89,1968.98,9.349,Medium
Rajasthan,Jaipur,Medium,2569.98,98.0,50.68,2336.09,5.79,2159.25,18.145,High
Andhra Pradesh,Kadapa,Medium,2291.56,72.98,37.05,2142.15,8.32,1817.45,6.201,Low
Andhra Pradesh,Kadapa,Medium,2832.29,60.81,61.12,2105.94,3.5,2079.69,13.741,Medium
Andhra Pradesh,Ongole,Small,1520.37,74.81,60.46,2090.64,5.39,2076.49,11.522,Low
Rajasthan,Udaipur,Small,1436.92,66.07,80.38,1388.18,4.99,2357.83,16.898,High
Karnataka,Hassan,Medium,3294.12,82.77,61.52,1523.76,5.8,2444.16,15.583,Medium
Karnataka,Chitradurga,Small,1231.47,65.85,73.32,2071.88,9.75,2406.89,17.517,High
Telangana,Nizamabad,Small,1442.1,72.94,36.55,2316.75,12.25,2127.47,2.237,Low
Telangana,Hyderabad,Small,731.97,58.78,45.6,1861.55,6.3,1629.1,3.378,Low
Telangana,Nizamabad,Small,1456.16,71.3,60.31,1364.04,8.36,1874.67,7.065,Low
Tamil Nadu,Chennai,Small,1700.98,62.15,37.37,1318.41,12.6,2831.1,10.747,Medium
Telangana,Karimnagar,Large,4076.36,95.43,62.83,1766.04,5.05,1759.82,18.044,High
Telangana,Warangal,Medium,1837.85,68.95,80.56,2493.19,2.67,2441.7,12.906,Medium
Karnataka,Ramanagara,Medium,2983.63,78.1,92.0,954.14,9.55,2385.19,22.088,High
Tamil Nadu,Dharmapuri,Small,1785.66,77.25,63.68,1402.6,10.22,2422.03,15.691,Medium
Rajasthan,Udaipur,Medium,3202.68,79.15,49.7,1782.55,6.34,2028.69,13.644,Medium
Gujarat,Bhavnagar,Medium,1773.4,77.72,58.65,1448.6,4.85,1678.53,8.613,Medium
Andhra Pradesh,Kurnool,Medium,3206.24,78.16,37.51,2135.49,7.82,1986.25,12.196,Medium
Gujarat,Rajkot,Small,424.34,89.06,56.96,1662.24,10.58,1858.51,5.433,Low
Tamil Nadu,Madurai,Large,4902.02,88.08,91.41,995.66,2.88,2613.93,28.0,High
Rajasthan,Kishangarh,Medium,2873.04,90.19,61.91,2368.3,9.95,2165.73,10.776,Medium
Telangana,Karimnagar,Large,4384.59,68.98,68.86,1807.02,4.88,2105.28,15.705,Medium
Rajasthan,Jodhpur,Small,2085.26,58.7,53.15,2312.37,10.56,1684.05,10.172,Medium
Telangana,Hyderabad,Small,1279.05,96.02,57.32,1216.84,7.41,1816.83,12.154,Medium
Telangana,Hyderabad,Small,1103.94,82.2,71.12,1380.07,10.06,1938.26,12.908,Medium
Andhra Pradesh,Kadapa,Medium,2643.21,60.61,70.41,1554.41,4.14,2169.5,12.282,Medium
Karnataka,Hassan,Small,1039.41,67.62,44.43,1686.36,6.29,2192.71,10.744,Medium
Karnataka,Hassan,Large,4626.33,87.42,57.6,1168.46,7.35,2252.24,20.361,High
Gujarat,Surat,Large,3459.64,77.83,82.08,1238.8,6.73,1790.75,16.069,High
Andhra Pradesh,Guntur,Medium,2959.96,80.93,67.01,1672.36,0.5,2188.95,15.045,Medium
Telangana,Khammam,Medium,2967.79,57.76,36.09,2450.69,6.14,1720.25,6.295,Low
Tamil Nadu,Dharmapuri,Medium,3800.89,76.35,77.66,1299.58,6.87,2881.0,20.182,High
Gujarat,Rajkot,Medium,2545.84,68.69,51.62,1673.88,1.74,1672.95,9.269,Medium
Rajasthan,Kishangarh,Small,1867.2,67.07,44.3,1915.68,12.76,1780.99,6.204,Low
Karnataka,Hassan,Medium,3076.19,71.05,80.37,2367.26,4.86,2215.03,16.417,High
Andhra Pradesh,Kadapa,Large,4295.76,77.1,76.51,1595.22,6.84,1944.28,19.494,High
Andhra Pradesh,Kurnool,Small,1056.75,57.02,44.95,1567.82,7.72,1863.64,6.07,Low
Rajasthan,Kishangarh,Large,4663.36,72.45,75.28,1854.71,8.72,2443.57,18.739,High
Tamil Nadu,Salem,Small,1196.44,75.01,45.22,1795.58,12.15,2357.2,11.268,Medium
Rajasthan,Makrana,Small,1922.44,61.83,39.99,1411.99,6.08,1870.08,9.995,Medium
Rajasthan,Jodhpur,Small,1354.07,65.95,44.43,2960.87,9.03,1732.46,6.329,Low
Rajasthan,Makrana,Small,1253.82,52.13,46.81,2163.93,4.7,2029.14,5.947,Low
Gujarat,Ahmedabad,Large,3124.92,96.96,61.69,1009.21,2.27,2180.41,14.039,Medium
Tamil Nadu,Chennai,Large,5151.56,94.83,82.13,1664.54,9.28,2476.24,27.646,High
Rajasthan,Makrana,Medium,2559.75,92.8,60.35,1873.5,4.76,2124.92,17.045,Low
Gujarat,Vadodara,Large,3172.99,85.05,50.65,1410.34,6.91,1885.69,11.786,Medium
Telangana,Karimnagar,Small,2330.16,81.93,33.15,1469.22,10.58,1304.96,4.383,Low
Andhra Pradesh,Kadapa,Small,1172.66,67.13,36.72,1337.62,7.55,1740.18,7.991,Low
Gujarat,Surat,Medium,2399.3,92.02,59.62,1421.14,0.95,2000.58,18.4,High
Karnataka,Ramanagara,Large,5056.31,80.92,85.69,1938.04,3.44,2492.04,25.656,High
Gujarat,Vadodara,Small,1044.6,49.36,65.47,2218.35,7.57,1772.78,2.47,Low
Telangana,Khammam,Large,4069.15,58.64,64.48,2562.92,8.4,1914.3,14.448,Medium
Rajasthan,Jodhpur,Medium,2832.06,78.83,43.23,2936.57,8.11,2088.27,14.93,Medium
Karnataka,Hassan,Large,5130.73,66.69,88.21,1852.47,5.21,2720.03,18.714,High
Andhra Pradesh,Kurnool,Small,1111.64,77.27,51.91,2002.19,2.62,1995.79,13.346,Medium
Andhra Pradesh,Kadapa,Medium,2881.12,82.97,53.05,1244.21,2.05,2120.77,13.725,Medium
Telangana,Warangal,Medium,2321.01,61.9,47.49,2483.03,3.69,1911.36,8.965,Medium
Gujarat,Bhavnagar,Medium,1703.46,72.84,56.53,1339.05,3.84,2257.25,14.269,Medium
Rajasthan,Jaipur,Small,1435.68,65.73,46.4,1819.25,6.4,2073.43,8.075,Medium
Karnataka,Chitradurga,Large,5585.6,74.53,56.79,2628.02,2.83,2496.14,21.43,High
Andhra Pradesh,Ongole,Large,4685.14,65.57,47.98,1895.2,3.66,2142.53,16.579,High
Telangana,Hyderabad,Small,1368.78,55.22,20.0,1861.09,7.77,1420.19,1.933,Low
Karnataka,Mysuru,Small,1533.58,59.72,76.84,1021.27,6.02,2409.0,12.095,Medium
Rajasthan,Makrana,Medium,2621.92,72.12,59.19,1637.44,6.56,2329.47,15.065,Medium
Tamil Nadu,Krishnagiri,Medium,3148.89,65.53,65.36,975.21,7.56,1963.87,14.912,Medium
Karnataka,Bengaluru,Medium,2882.53,62.09,55.23,2111.68,3.0,2197.89,15.609,Medium
Andhra Pradesh,Nellore,Small,1677.06,58.68,46.48,2445.23,8.33,2153.53,8.158,Medium
Rajasthan,Makrana,Medium,2877.1,83.99,46.19,1601.52,10.16,1590.51,15.415,Medium
Karnataka,Ramanagara,Medium,2464.38,63.9,58.79,2020.03,3.89,2709.62,17.31,High
Tamil Nadu,Salem,Small,1960.27,98.0,67.06,2272.99,5.39,2368.72,14.497,Medium
Tamil Nadu,Salem,Medium,2683.4,85.9,65.67,1263.39,2.67,2675.61,18.556,High
Tamil Nadu,Madurai,Small,1190.16,49.89,55.67,1998.72,9.04,2551.84,7.013,Low
Andhra Pradesh,Ongole,Small,1410.38,86.09,55.49,2234.11,5.33,1989.29,10.274,Medium
Andhra Pradesh,Kadapa,Medium,2551.98,63.32,45.27,1292.99,10.78,1821.78,10.016,Medium
Karnataka,Chitradurga,Large,5223.09,65.69,85.83,2592.32,3.2,2497.13,21.294,High
Tamil Nadu,Madurai,Small,931.47,71.43,35.9,1786.38,7.85,2167.17,9.067,Medium
Karnataka,Ramanagara,Small,1958.46,88.15,44.68,1656.21,10.24,1784.04,8.442,Medium
Rajasthan,Jaipur,Small,1604.62,81.48,49.38,3017.3,14.49,2216.75,10.177,Medium
Tamil Nadu,Dharmapuri,Small,1528.92,76.74,41.69,1084.72,7.12,2448.08,14.515,Medium
Tamil Nadu,Krishnagiri,Medium,3093.94,64.48,46.6,1874.59,7.68,2155.56,14.265,Medium
Telangana,Karimnagar,Medium,2445.97,88.0,60.43,1368.2,5.37,1774.77,12.385,Medium
Telangana,Karimnagar,Small,200.0,62.48,40.23,2554.28,4.73,1368.06,4.05,Low
Rajasthan,Jaipur,Large,4579.82,95.17,64.78,2046.85,4.94,2300.91,20.603,High
Tamil Nadu,Chennai,Small,1906.68,76.82,49.51,1089.05,7.26,2271.84,13.969,Medium
Rajasthan,Makrana,Large,4546.92,70.49,69.09,1814.34,4.79,2020.83,20.499,High
Gujarat,Rajkot,Large,3700.9,98.0,66.9,1333.26,8.05,1934.24,14.568,Medium
Tamil Nadu,Dharmapuri,Medium,2974.82,83.54,87.01,1368.79,3.14,2803.26,23.122,High
Rajasthan,Kishangarh,Small,1907.27,80.38,53.0,2475.3,6.38,2211.3,14.295,Medium
Tamil Nadu,Salem,Medium,3039.84,72.76,77.34,2242.69,1.19,2550.71,23.457,High
Tamil Nadu,Madurai,Medium,2951.79,66.24,71.48,1719.5,8.8,2145.1,13.708,Medium
Tamil Nadu,Chennai,Large,5677.44,75.86,90.38,1844.83,7.15,2456.4,24.283,High
Telangana,Warangal,Medium,2568.37,96.2,38.39,1783.48,5.3,1638.67,10.643,Medium
Andhra Pradesh,Guntur,Medium,3016.11,51.89,57.87,1146.12,4.06,1909.81,13.867,Medium
Andhra Pradesh,Ongole,Large,4586.81,85.67,78.29,1856.05,4.51,1880.7,17.599,High
Gujarat,Rajkot,Large,3813.72,98.0,62.46,1756.69,11.99,1601.9,15.215,Medium
Rajasthan,Jodhpur,Medium,2589.32,96.37,56.87,2059.32,5.41,2300.5,13.573,Medium
Tamil Nadu,Salem,Large,5931.12,68.48,49.83,1158.31,7.66,2295.01,20.656,High
Andhra Pradesh,Nellore,Medium,2752.2,65.84,74.85,1924.91,1.51,2624.86,17.14,High
Karnataka,Hassan,Medium,2688.77,75.82,57.65,1844.24,6.08,2126.04,14.108,Medium
Rajasthan,Kishangarh,Medium,2279.1,84.4,63.45,2407.24,7.57,2160.66,10.884,Medium
Andhra Pradesh,Kurnool,Medium,3070.53,89.89,47.7,1537.75,4.48,1968.43,16.249,High
Tamil Nadu,Krishnagiri,Small,1961.64,73.12,71.87,1304.4,7.4,2403.22,12.334,Medium
Tamil Nadu,Krishnagiri,Medium,2587.93,83.43,72.04,1145.17,6.52,2033.34,15.562,Medium
Rajasthan,Makrana,Medium,2518.91,45.96,79.05,2228.68,5.27,2533.79,14.344,Medium
Rajasthan,Jaipur,Small,1707.78,66.11,78.02,1445.23,10.76,2199.19,13.747,Medium
Tamil Nadu,Chennai,Small,1652.26,89.09,54.22,1621.18,4.53,2308.04,16.435,High
Andhra Pradesh,Kurnool,Medium,2132.36,87.99,67.17,1594.68,4.83,1935.38,11.756,Medium
Andhra Pradesh,Ongole,Medium,2166.66,68.56,64.71,2156.93,6.92,2126.87,8.115,Medium
Telangana,Karimnagar,Small,1376.91,90.3,47.16,1386.99,8.52,1818.88,8.853,Medium
Andhra Pradesh,Guntur,Large,4684.88,61.34,73.4,1520.46,1.04,1939.41,20.685,High
Telangana,Karimnagar,Large,4527.92,98.0,57.48,1749.99,8.76,1797.48,18.947,High
Karnataka,Mysuru,Medium,3251.08,74.94,54.89,1301.48,2.65,2360.92,17.597,High
Rajasthan,Kishangarh,Small,1704.83,66.41,25.38,2524.48,7.1,1720.93,5.532,Low
Rajasthan,Jodhpur,Large,4854.73,77.05,46.56,1776.94,5.87,1771.31,13.569,Medium
Telangana,Khammam,Large,4130.6,75.81,42.01,2153.21,8.3,1504.5,10.435,Medium
Tamil Nadu,Madurai,Small,1742.31,94.83,69.6,1616.21,4.6,2362.97,16.994,High
Rajasthan,Jodhpur,Small,1699.94,91.08,59.02,1958.83,3.22,2102.61,17.389,High
Tamil Nadu,Dharmapuri,Medium,3828.48,65.14,51.05,1339.34,6.6,2504.5,16.18,Low
Telangana,Karimnagar,Medium,2260.4,63.98,42.55,989.85,2.36,2210.39,9.902,Medium
Rajasthan,Jodhpur,Small,1901.78,51.3,73.93,1774.75,8.56,2236.85,10.138,Medium
Tamil Nadu,Salem,Medium,2935.61,74.61,81.8,1415.94,6.75,2499.95,19.3,High
Rajasthan,Kishangarh,Medium,3028.87,73.9,71.23,2556.6,9.59,1934.77,14.478,Medium
Tamil Nadu,Krishnagiri,Large,5566.21,81.78,88.14,1484.66,7.37,2466.64,27.461,High
Gujarat,Ahmedabad,Medium,2609.84,69.53,50.71,1755.06,4.73,1753.19,7.398,Low
Andhra Pradesh,Kadapa,Medium,2203.42,66.54,27.49,1381.83,6.64,1936.58,4.986,Low
Tamil Nadu,Salem,Large,5563.24,64.84,67.92,1499.34,8.71,2263.96,17.865,High
Karnataka,Hassan,Small,1552.77,89.65,49.84,2459.38,7.82,2376.48,12.21,Medium
Telangana,Karimnagar,Small,1198.9,65.08,68.19,2310.94,7.49,1688.34,6.163,Low
Telangana,Nizamabad,Medium,2649.4,66.77,49.11,2082.72,8.51,1939.36,6.209,Low
Telangana,Khammam,Small,1612.31,80.34,37.49,2135.11,6.36,1442.27,11.169,Medium
Tamil Nadu,Chennai,Large,5368.97,61.86,38.85,1238.48,4.2,2418.86,20.595,High
Rajasthan,Jodhpur,Small,1701.84,82.97,61.6,2296.35,2.41,2157.24,13.007,Medium
Andhra Pradesh,Kurnool,Small,1365.0,66.65,52.97,2279.65,11.4,2317.01,6.422,Low
Andhra Pradesh,Nellore,Large,4218.25,76.94,53.35,1002.82,4.28,1934.22,18.443,High
Rajasthan,Udaipur,Medium,3054.26,53.43,63.83,2148.62,5.33,1901.91,13.497,Medium
Tamil Nadu,Madurai,Medium,2985.74,83.69,71.27,910.21,,2475.12,20.714,High
Gujarat,Rajkot,Small,593.54,95.08,50.79,2171.41,7.31,1738.81,6.138,Medium
Tamil Nadu,Chennai,Small,1434.83,58.51,70.82,1044.86,10.55,2432.77,14.007,Medium
Andhra Pradesh,Nellore,Large,5077.87,94.45,75.52,2047.24,9.21,2060.37,20.273,High
Andhra Pradesh,Nellore,Small,1963.48,73.97,50.27,1319.14,11.18,1594.47,7.754,Low
Karnataka,Ramanagara,Medium,2355.19,82.85,58.19,1923.6,4.9,2158.44,15.323,Medium
Gujarat,Bhavnagar,Small,559.32,58.6,50.58,1747.77,7.33,1325.17,3.217,Low
Tamil Nadu,Krishnagiri,Small,1545.28,66.52,65.47,1723.72,5.16,2391.93,14.271,Medium
Tamil Nadu,Chennai,Medium,3496.8,73.87,85.16,1718.88,7.46,3003.18,15.997,Low
Tamil Nadu,Dharmapuri,Large,5316.91,74.0,82.72,1158.46,4.24,2609.99,22.959,High
Andhra Pradesh,Kurnool,Medium,2739.89,75.11,64.91,1386.07,7.57,1704.67,11.695,Medium
Gujarat,Surat,Medium,1881.62,57.2,80.53,1360.25,1.94,1953.83,10.834,Medium
Karnataka,Chitradurga,Medium,2616.28,77.79,68.04,1701.57,1.0,2348.71,16.309,High
Andhra Pradesh,Nellore,Medium,2747.22,77.74,56.36,892.5,8.35,2255.78,10.538,Medium
Telangana,Karimnagar,Medium,2582.02,83.55,57.5,2181.22,5.64,1567.36,11.41,Medium
Andhra Pradesh,Kurnool,Small,1223.46,79.91,78.97,1934.4,8.43,1957.46,13.13,Medium
Telangana,Hyderabad,Small,1519.81,98.0,50.03,1723.21,10.5,1525.73,7.42,Low
Tamil Nadu,Dharmapuri,Large,5415.62,96.93,68.29,1299.19,4.71,2732.44,27.317,High
Andhra Pradesh,Guntur,Small,1800.36,77.32,77.08,2471.64,3.4,1825.1,11.843,Medium
Rajasthan,Kishangarh,Small,1144.23,70.22,62.0,2317.38,13.21,1915.2,10.285,Medium
Rajasthan,Kishangarh,Medium,2950.56,72.04,67.6,2441.32,8.86,2209.04,14.435,Medium
Gujarat,Bhavnagar,Medium,2425.92,55.68,50.4,963.09,7.08,1900.51,6.991,Low
Tamil Nadu,Chennai,Medium,3767.49,69.53,71.31,1496.51,5.29,2699.67,23.587,High
Tamil Nadu,Chennai,Small,1494.59,66.75,57.22,2601.55,5.4,2579.4,11.818,Medium
Rajasthan,Makrana,Large,4804.21,63.33,60.43,2753.14,5.61,2168.55,16.544,High
Karnataka,Bengaluru,Medium,2676.06,79.54,39.28,1833.53,8.28,2102.92,14.442,Medium
Rajasthan,Kishangarh,Large,4410.44,63.19,58.8,1875.36,5.04,2376.4,15.841,Medium
Karnataka,Ramanagara,Small,1716.38,62.53,24.02,2331.82,6.7,2256.56,5.077,Low
Gujarat,Surat,Small,534.9,51.18,64.52,1901.65,10.12,1666.51,3.563,Low
Rajasthan,Makrana,Small,1647.51,58.04,40.58,1262.9,8.29,1917.1,8.741,Medium
Andhra Pradesh,Ongole,Small,1476.35,62.2,56.72,1376.37,10.31,1604.08,5.718,Low
Telangana,Hyderabad,Small,1301.5,85.18,36.0,2075.39,7.43,1706.74,7.34,Low
Rajasthan,Jaipur,Small,1104.96,97.07,52.92,1659.21,11.94,2122.5,13.266,Low
Gujarat,Rajkot,Medium,2168.58,51.99,27.46,1246.65,4.02,1248.05,2.841,Low
Telangana,Warangal,Medium,2973.96,81.43,47.72,2058.89,9.42,1844.38,11.479,Medium
Gujarat,Rajkot,Medium,2123.42,63.88,80.73,1471.02,4.85,1633.22,9.42,Medium
Tamil Nadu,Madurai,Small,1495.83,74.99,47.58,1341.25,7.9,2290.56,14.221,Medium
Rajasthan,Udaipur,Medium,2158.68,75.28,51.27,1482.94,3.88,2469.04,18.299,High
Karnataka,Mysuru,Small,2028.94,90.2,20.0,2005.07,,2233.63,11.526,Medium
Karnataka,Hassan,Medium,2381.82,98.0,78.55,1649.98,3.21,2291.35,20.131,High
Rajasthan,Kishangarh,Medium,2628.5,89.14,59.63,2263.67,3.27,2162.18,19.045,High
Tamil Nadu,Krishnagiri,Medium,3720.44,67.8,77.81,1981.57,6.35,2727.87,18.788,High
Gujarat,Rajkot,Large,4135.81,60.75,56.43,1986.46,9.77,1811.42,10.288,Medium
Rajasthan,Makrana,Large,5045.78,83.71,42.66,2064.38,9.25,2142.34,18.72,High
Telangana,Nizamabad,Medium,2386.75,86.78,72.59,1644.32,4.98,1292.24,17.646,High
Andhra Pradesh,Ongole,Large,4802.25,67.36,76.22,1733.38,5.73,1772.85,18.378,High
Tamil Nadu,Madurai,Medium,3286.64,80.94,58.06,1548.62,11.05,2509.93,17.38,High
Tamil Nadu,Madurai,Large,5609.52,70.19,57.88,1504.53,5.82,2718.53,20.002,High
Gujarat,Vadodara,Medium,1443.09,64.42,81.61,1704.83,4.57,1723.19,11.071,Medium
Gujarat,Surat,Medium,2461.82,68.29,30.87,1473.69,8.66,1520.54,7.28,Low
Gujarat,Rajkot,Medium,2461.7,63.1,69.62,900.03,5.96,1541.23,10.76,Medium
Rajasthan,Makrana,Small,2434.69,67.17,33.51,1317.74,,2271.33,12.034,Medium
Telangana,Nizamabad,Medium,2440.42,72.11,59.34,1281.08,8.81,1587.91,13.693,High
Tamil Nadu,Madurai,Large,5542.81,81.63,92.0,1303.32,2.9,2983.49,28.0,High
Andhra Pradesh,Kadapa,Medium,2671.99,70.21,49.71,1519.72,2.54,1818.22,13.882,Medium
Andhra Pradesh,Guntur,Small,1702.21,74.88,56.7,1348.4,8.83,1398.17,7.332,Low
Karnataka,Hassan,Small,1247.35,87.35,36.67,1970.11,11.24,2139.47,8.704,Medium
Tamil Nadu,Dharmapuri,Large,5576.3,91.26,62.81,866.41,3.25,2591.48,25.501,High
Rajasthan,Makrana,Large,4502.37,71.79,57.81,2657.68,9.98,2222.23,13.548,Medium
Tamil Nadu,Salem,Small,1979.77,77.66,56.9,1398.96,10.06,2435.39,13.788,Medium
Andhra Pradesh,Ongole,Large,4325.37,66.87,59.25,2414.58,4.16,1689.85,13.497,Medium
Tamil Nadu,Madurai,Large,5313.3,66.99,57.39,1346.52,6.71,2340.19,20.727,High
Andhra Pradesh,Kurnool,Small,1154.3,85.75,39.0,2522.11,3.79,2196.92,8.777,Medium
Telangana,Hyderabad,Large,4164.41,94.57,55.9,1970.82,6.3,1943.05,17.705,High
Telangana,Warangal,Small,1167.16,64.92,55.09,1273.73,5.34,1898.69,6.091,Low
Tamil Nadu,Chennai,Medium,3207.21,73.27,88.76,1258.29,2.99,3219.11,20.286,High
Gujarat,Surat,Medium,2240.23,93.46,85.28,2484.65,5.49,1995.7,13.937,Medium
Tamil Nadu,Krishnagiri,Medium,3406.01,88.23,62.89,1346.09,12.33,2633.04,19.575,High
Karnataka,Ramanagara,Medium,2898.1,70.49,53.27,1469.63,8.17,1848.15,14.369,Medium
Rajasthan,Udaipur,Medium,2753.4,71.6,61.61,1635.81,1.21,2511.29,17.268,High
Rajasthan,Kishangarh,Large,4545.52,73.38,52.47,1718.66,3.26,2321.69,20.527,High
Karnataka,Chitradurga,Large,5468.27,84.47,60.37,1407.4,8.61,2368.14,21.88,High
Tamil Nadu,Salem,Medium,3116.71,72.52,53.62,1865.57,4.92,2418.58,19.415,High
Karnataka,Mysuru,Medium,2526.5,58.84,51.02,2046.15,7.98,2331.72,11.297,Medium
Telangana,Warangal,Small,1968.11,63.74,42.94,1403.96,5.74,1754.7,7.898,Low
Andhra Pradesh,Nellore,Medium,2713.67,46.03,54.27,2156.91,5.22,1916.77,10.232,Medium
Tamil Nadu,Salem,Large,5373.07,65.64,92.0,1283.56,3.13,3175.6,24.962,Medium
Tamil Nadu,Krishnagiri,Small,1472.35,80.52,49.67,1254.95,7.46,2418.38,15.148,Medium
Telangana,Warangal,Large,3897.02,88.51,44.95,1545.04,6.26,2061.44,17.162,High
Karnataka,Ramanagara,Large,4898.97,92.82,74.98,2605.05,7.91,2430.43,22.454,High
Karnataka,Hassan,Medium,3157.03,70.9,67.62,2059.95,2.52,2740.96,15.525,High
Tamil Nadu,Salem,Medium,2789.46,70.21,53.61,2019.78,4.46,2394.2,17.496,High
Tamil Nadu,Chennai,Medium,2752.73,98.0,70.16,1180.92,10.7,2358.5,21.184,Low
Rajasthan,Makrana,Medium,3056.69,67.52,51.93,1798.66,8.67,1943.99,9.369,Medium
Rajasthan,Jodhpur,Medium,3357.52,73.88,48.56,1358.16,8.02,1982.5,14.251,Medium
Tamil Nadu,Salem,Large,5726.03,82.65,63.95,1746.77,4.24,2016.89,23.914,Medium
Andhra Pradesh,Kurnool,Medium,3424.44,63.91,51.75,912.16,2.28,1850.38,15.199,Medium
Andhra Pradesh,Ongole,Medium,3436.21,71.35,44.5,1996.93,2.56,2214.96,12.215,Medium
Rajasthan,Udaipur,Medium,2377.0,68.33,61.31,2937.82,5.6,2313.04,13.486,Medium
Andhra Pradesh,Guntur,Small,1515.99,70.76,52.99,1886.0,9.95,1947.62,4.111,High
Telangana,Karimnagar,Small,839.67,66.47,20.0,1492.49,6.68,1971.53,5.635,Low
Andhra Pradesh,Kadapa,Large,4188.06,66.69,63.84,1455.57,6.71,1798.3,13.93,Medium
Rajasthan,Jaipur,Small,2022.47,42.2,50.1,2312.93,3.89,2327.71,9.409,Medium
Rajasthan,Jaipur,Medium,2944.76,61.48,61.64,2049.65,12.96,2276.8,9.135,Medium
Gujarat,Bhavnagar,Medium,2495.86,87.13,69.95,1636.5,4.74,1730.35,14.218,Medium
Telangana,Khammam,Small,1045.7,75.67,47.37,2518.69,5.02,1640.09,7.017,Low
Tamil Nadu,Krishnagiri,Small,1641.66,69.17,57.26,1870.11,5.72,2385.22,13.164,Medium
Telangana,Khammam,Large,4469.94,70.03,45.48,2391.54,9.34,1626.47,5.394,Low
Karnataka,Chitradurga,Medium,3426.43,86.99,77.55,979.81,7.81,2793.15,18.764,High
Tamil Nadu,Madurai,Medium,2386.78,73.48,49.41,2187.72,6.64,2323.89,14.993,Medium
Gujarat,Surat,Large,3677.53,66.54,50.06,1619.71,11.41,1758.7,7.345,Low
Rajasthan,Jaipur,Small,1687.45,50.23,58.31,1506.97,6.7,2023.84,9.14,Medium
Karnataka,Chitradurga,Small,1893.35,52.76,43.57,1480.47,9.47,2519.03,7.54,Low
Andhra Pradesh,Ongole,Medium,2823.57,83.08,91.75,2393.1,7.07,2128.56,18.017,High
Rajasthan,Jaipur,Medium,2906.86,93.17,81.16,1833.12,3.67,2163.04,17.121,High
Telangana,Nizamabad,Medium,1870.39,79.6,74.78,1800.43,1.46,1912.42,13.647,Medium
Tamil Nadu,Chennai,Large,4609.19,80.17,23.04,1781.01,5.05,2362.36,17.229,High
Tamil Nadu,Salem,Large,5547.63,98.0,67.36,709.91,1.19,2681.15,28.0,High
Telangana,Warangal,Small,1184.2,78.92,72.68,2059.97,9.24,2101.72,10.376,Medium
Tamil Nadu,Dharmapuri,Small,1633.27,78.19,62.51,1884.28,7.01,2654.76,16.745,High
Gujarat,Vadodara,Large,4046.96,80.4,46.29,1736.95,3.37,1754.42,13.0,Medium
Rajasthan,Jaipur,Small,998.15,87.48,54.75,1870.3,6.56,2078.26,12.533,Medium
Telangana,Hyderabad,Small,1217.17,78.93,59.54,1209.3,8.47,1740.41,8.728,Medium
Telangana,Karimnagar,Medium,2907.7,70.04,40.4,2121.87,7.76,1787.41,8.292,Medium
Gujarat,Ahmedabad,Medium,1948.85,80.63,35.5,2126.49,6.75,1262.64,8.066,Medium
Tamil Nadu,Dharmapuri,Medium,3032.95,65.6,91.82,1420.99,2.76,2775.27,22.348,High
Andhra Pradesh,Guntur,Small,1488.58,71.36,49.13,1455.49,3.65,1937.6,13.06,Medium
Gujarat,Vadodara,Medium,2150.68,76.77,39.18,1465.7,5.57,1607.02,10.139,Medium
Tamil Nadu,Madurai,Medium,3521.85,95.13,45.08,1802.49,6.76,2252.6,18.097,High
Rajasthan,Makrana,Small,1553.7,74.39,54.87,1731.43,5.74,2179.36,10.834,Medium
Telangana,Hyderabad,Small,1015.39,74.47,60.95,1887.01,9.84,2083.15,8.628,Medium
Tamil Nadu,Salem,Medium,2681.2,67.08,46.26,1022.49,10.66,2618.99,10.969,Medium
Gujarat,Surat,Large,3982.94,71.6,49.01,2121.68,4.33,1578.79,10.547,Medium
Rajasthan,Kishangarh,Large,4721.6,74.74,82.66,2464.44,2.36,2667.52,22.357,High
Gujarat,Ahmedabad,Small,1331.87,76.73,37.28,1126.6,10.54,1076.69,5.988,Low
Rajasthan,Jodhpur,Medium,3027.39,88.7,61.98,2018.78,11.83,2250.29,14.517,Medium
Rajasthan,Jodhpur,Medium,2106.41,62.83,72.67,2236.19,5.68,1921.18,14.139,Medium
Karnataka,Mysuru,Large,5622.87,90.43,58.77,1759.34,2.05,2610.11,22.694,High
Tamil Nadu,Madurai,Medium,2971.92,66.05,83.16,1832.52,8.23,2835.17,21.966,High
Rajasthan,Kishangarh,Small,1631.2,61.66,43.03,2568.24,9.57,2153.02,8.877,Medium
Tamil Nadu,Chennai,Medium,3044.19,87.45,58.8,1770.24,6.94,2340.19,18.524,High
Tamil Nadu,Chennai,Small,1700.96,74.84,50.62,1093.18,7.75,2152.03,14.853,Medium
Karnataka,Ramanagara,Small,1959.73,82.39,40.34,1987.94,9.38,2099.47,9.964,Medium
Telangana,Hyderabad,Medium,2000.87,80.63,72.58,,3.2,2043.39,14.087,Medium
Rajasthan,Makrana,Large,5183.26,88.61,55.32,1859.73,11.56,2094.13,19.784,High
Tamil Nadu,Chennai,Small,1919.11,90.21,86.7,950.27,5.6,2636.25,22.037,High
Karnataka,Hassan,Medium,2527.03,56.12,63.27,982.88,0.5,2659.17,18.098,High
Andhra Pradesh,Kadapa,Small,1497.78,70.78,57.44,2213.82,6.55,1751.94,6.202,Low
Telangana,Nizamabad,Large,4693.91,69.29,50.67,2186.81,5.86,1513.3,13.792,Medium
Andhra Pradesh,Kadapa,Medium,2905.06,79.05,45.19,2236.85,9.58,1822.08,11.479,Medium
Telangana,Nizamabad,Small,1321.23,51.36,67.0,2617.23,6.6,1848.19,6.984,Low
Tamil Nadu,Dharmapuri,Small,1951.1,70.15,64.86,670.48,5.18,2480.19,18.14,High
Gujarat,Vadodara,Medium,2226.13,49.44,51.45,1383.99,7.88,1729.56,6.512,Low
Tamil Nadu,Salem,Small,1563.29,74.78,49.04,1494.29,5.59,2355.93,16.501,High
Tamil Nadu,Dharmapuri,Small,1945.26,78.6,20.0,1570.9,10.53,1989.71,11.557,Medium
Telangana,Hyderabad,Medium,2596.48,64.59,49.16,2395.38,2.34,1982.18,10.177,Medium
Telangana,Karimnagar,Medium,2480.45,74.92,74.77,2092.89,3.62,2411.5,12.24,Medium
Gujarat,Surat,Medium,2075.32,67.38,52.53,2344.64,3.61,1850.8,9.111,Medium
Tamil Nadu,Salem,Small,1838.21,55.03,68.82,1696.69,4.27,2521.66,13.928,Medium
Karnataka,Hassan,Medium,2742.45,54.0,37.62,1219.8,3.23,2511.53,14.934,Medium
Gujarat,Vadodara,Medium,2247.34,74.95,52.5,1950.52,4.31,1477.49,7.989,Low
Rajasthan,Jodhpur,Small,1982.09,81.11,41.64,2747.93,9.31,1977.69,6.744,Low
Karnataka,Hassan,Medium,3034.6,93.6,47.57,2003.43,10.76,2370.82,11.602,Medium
Telangana,Karimnagar,Small,1134.79,46.52,50.87,1885.6,8.99,1928.57,5.695,High
Gujarat,Ahmedabad,Large,3923.3,95.96,58.56,819.15,5.67,1870.1,19.604,High
Andhra Pradesh,Kurnool,Medium,1914.43,88.18,40.32,1330.47,6.18,1305.79,14.853,Medium
Andhra Pradesh,Nellore,Medium,2445.44,64.33,55.06,1532.92,5.67,1744.72,14.57,Medium
Rajasthan,Makrana,Small,1807.95,65.04,62.88,1767.22,6.33,1832.14,14.258,Medium
Rajasthan,Kishangarh,Small,1691.71,70.64,45.05,1955.84,9.38,2320.57,10.988,Medium
Telangana,Warangal,Medium,2285.63,79.51,48.44,,6.13,1849.09,9.471,Medium
Andhra Pradesh,Kadapa,Medium,3316.7,71.08,70.6,1635.0,3.24,2159.78,14.109,Medium
Gujarat,Surat,Small,580.82,80.41,59.79,904.79,5.83,1561.86,8.707,Medium
Tamil Nadu,Madurai,Small,1122.96,59.49,55.06,1100.73,9.66,2314.73,13.009,Medium
Rajasthan,Jaipur,Small,1551.03,57.31,60.94,2452.05,11.31,2585.3,6.734,Low
Karnataka,Bengaluru,Medium,3127.34,62.75,92.0,1117.06,6.41,2428.54,16.701,High
Rajasthan,Makrana,Small,2012.02,66.25,64.67,1577.15,6.76,2020.71,13.155,Medium
Gujarat,Bhavnagar,Medium,1829.11,77.34,77.36,982.88,6.36,1586.2,10.473,Medium
Rajasthan,Jaipur,Small,1410.74,78.02,64.48,2272.16,13.46,2533.72,7.723,High
Gujarat,Ahmedabad,Medium,1841.69,85.21,46.27,1894.47,7.02,1626.44,8.62,Medium
Tamil Nadu,Krishnagiri,Small,1832.76,84.9,45.96,2017.9,9.46,2255.33,14.15,Medium
Rajasthan,Jodhpur,Medium,2490.5,81.79,39.2,2501.41,5.15,1704.05,10.98,Medium
Tamil Nadu,Salem,Small,2231.97,52.3,62.03,1469.83,9.04,2239.83,9.331,Medium
Tamil Nadu,Dharmapuri,Small,1806.05,69.21,46.1,1593.62,11.5,2579.79,8.916,Medium
Tamil Nadu,Madurai,Medium,3068.74,73.14,44.79,1580.04,7.59,1986.95,14.652,Medium
Telangana,Karimnagar,Small,1213.88,78.87,49.83,2526.16,2.52,1668.53,8.108,Medium
Tamil Nadu,Salem,Small,1133.15,54.52,26.02,1221.94,13.22,2120.97,4.933,Low
Rajasthan,Jodhpur,Large,4831.02,92.26,77.66,2526.1,6.83,2334.6,20.951,High
Telangana,Hyderabad,Large,4216.53,76.78,58.39,1846.51,3.05,2012.53,16.638,High
Rajasthan,Jaipur,Small,1519.82,69.61,66.1,2159.44,7.58,2048.01,11.397,Medium
Tamil Nadu,Salem,Large,5553.67,72.84,78.31,1803.61,5.35,2420.1,21.788,High
Karnataka,Ramanagara,Medium,2690.57,65.84,61.33,1724.95,2.98,2276.05,17.872,High
Karnataka,Chitradurga,Small,1371.72,48.09,36.97,1803.33,8.63,2049.92,8.617,Medium
Tamil Nadu,Krishnagiri,Large,5515.46,94.58,62.64,,7.9,2260.1,21.335,Low
Rajasthan,Udaipur,Large,4399.59,76.16,67.23,2733.72,9.83,2222.54,14.58,Medium
Tamil Nadu,Krishnagiri,Large,5477.39,85.41,37.0,1607.76,5.57,2535.78,20.445,High
Telangana,Nizamabad,Small,1524.04,69.63,76.18,2576.64,10.81,2152.79,8.7,Medium
Karnataka,Mysuru,Small,1388.29,66.14,49.05,1335.74,5.24,1812.83,11.073,Medium
Rajasthan,Udaipur,Medium,2698.09,63.86,56.38,2290.66,8.77,1879.67,15.25,Medium
Tamil Nadu,Salem,Medium,2948.6,56.43,71.89,1071.92,5.61,2600.09,17.646,High
Andhra Pradesh,Ongole,Small,928.04,63.89,63.49,2252.82,8.57,1975.02,7.712,Low
Gujarat,Vadodara,Large,4485.98,73.57,92.0,2279.2,3.86,2154.51,18.607,High
Andhra Pradesh,Guntur,Medium,2411.46,88.58,44.35,2230.1,9.39,2133.64,11.405,Medium
Andhra Pradesh,Guntur,Medium,2687.05,73.06,50.72,1941.55,,2508.69,13.822,Medium
Andhra Pradesh,Guntur,Medium,2518.31,90.05,83.5,1294.07,7.99,2235.72,14.396,Medium
Telangana,Nizamabad,Medium,2830.67,56.56,45.23,1430.68,4.48,1408.65,7.588,Low
Rajasthan,Jodhpur,Small,1059.26,76.94,40.78,2970.88,9.84,1957.42,6.981,Low
Rajasthan,Jodhpur,Large,5234.94,79.73,61.86,1722.74,4.46,2421.29,21.768,High
Telangana,Warangal,Small,1072.39,78.14,83.19,2170.54,3.94,2520.65,15.091,Medium
Tamil Nadu,Dharmapuri,Small,1531.73,77.09,51.14,1630.43,7.55,2316.0,13.731,Medium
Tamil Nadu,Dharmapuri,Large,5311.96,81.83,92.0,985.01,1.73,2913.57,27.181,High
Andhra Pradesh,Nellore,Large,5148.06,63.84,68.7,1477.57,2.48,2302.89,15.661,Medium
Karnataka,Chitradurga,Large,4650.06,66.83,88.85,2524.01,7.2,2589.76,23.46,High
Karnataka,Mysuru,Large,4837.94,89.36,58.52,2542.19,1.39,2627.06,21.482,High
Tamil Nadu,Krishnagiri,Medium,2513.67,66.47,40.07,1387.33,4.33,1738.27,15.389,Medium
Tamil Nadu,Salem,Large,4953.43,73.42,79.2,874.56,5.89,2691.48,24.569,High
Rajasthan,Jaipur,Small,1845.58,65.79,33.64,2831.45,,1928.08,9.174,Medium
Gujarat,Surat,Medium,2237.83,60.34,40.24,807.76,10.01,1630.59,2.928,Low
Tamil Nadu,Dharmapuri,Medium,2850.25,55.26,69.74,1155.53,10.81,2281.63,12.447,Medium
Rajasthan,Udaipur,Small,1660.95,90.66,41.16,2638.58,12.9,1823.54,7.22,Low
Karnataka,Chitradurga,Medium,2811.18,48.68,34.16,2253.26,8.34,1997.05,12.119,Medium
Tamil Nadu,Salem,Medium,2968.85,81.71,52.04,1173.62,5.22,2491.05,16.385,High
Telangana,Khammam,Medium,2682.73,86.6,69.35,1543.06,6.55,1581.41,12.608,Medium
Andhra Pradesh,Kurnool,Small,1153.97,75.67,41.29,1192.57,12.73,1807.54,5.59,Low
Telangana,Warangal,Large,4021.96,77.85,23.17,2000.62,3.01,2104.16,14.065,Medium
Rajasthan,Makrana,Small,1600.19,77.12,50.88,2005.4,3.02,2700.82,17.659,High
Andhra Pradesh,Kurnool,Medium,2562.6,69.12,64.33,1466.66,4.85,1966.26,14.822,Medium
Telangana,Warangal,Large,4416.21,90.98,74.88,2412.69,6.12,1846.59,17.35,High
Andhra Pradesh,Kurnool,Medium,2359.8,88.72,77.91,1567.21,9.63,1960.29,11.868,Medium
Tamil Nadu,Chennai,Small,1951.86,84.15,49.41,1940.56,9.32,2487.37,15.018,Medium
Rajasthan,Jaipur,Small,1410.26,53.18,84.92,1437.89,11.98,2411.07,11.662,Medium
Rajasthan,Udaipur,Medium,3109.29,80.5,58.07,2355.08,5.28,2049.88,15.733,Medium
Tamil Nadu,Salem,Large,5567.73,96.53,62.46,2036.49,5.87,2269.89,23.974,Low
Karnataka,Ramanagara,Large,5626.17,87.62,62.69,1209.68,5.99,1991.32,22.861,High
Andhra Pradesh,Ongole,Medium,2487.25,82.92,51.91,979.23,3.04,2009.81,17.749,High
Telangana,Khammam,Small,1596.88,62.99,59.33,1438.46,11.45,2061.55,3.49,Low
Andhra Pradesh,Ongole,Small,1501.6,66.53,62.44,1466.53,6.17,1771.84,10.696,Medium
Andhra Pradesh,Kadapa,Small,1123.41,86.61,42.58,1033.59,6.32,1696.77,10.684,Medium
Rajasthan,Makrana,Small,2180.15,83.3,42.62,1425.77,10.33,1972.17,11.824,Medium
Andhra Pradesh,Kadapa,Small,1110.09,73.33,52.63,956.9,3.58,1879.09,8.657,Medium
Karnataka,Hassan,Small,2083.31,68.3,52.19,2054.82,6.39,2591.29,10.091,Medium
Gujarat,Ahmedabad,Medium,2500.57,70.15,42.62,1836.81,7.46,1716.12,6.895,Low
Tamil Nadu,Dharmapuri,Small,1943.66,70.94,71.76,1250.72,11.78,2661.1,15.269,Medium
Karnataka,Bengaluru,Medium,2816.32,74.16,74.21,1868.55,7.48,2068.81,17.377,High
Andhra Pradesh,Guntur,Large,4656.79,98.0,47.21,1772.59,10.08,1780.93,17.086,High
Rajasthan,Kishangarh,Medium,2569.03,67.56,55.17,1807.48,4.55,2242.33,16.713,High
Karnataka,Hassan,Medium,3076.95,49.09,68.89,1876.38,0.57,2518.27,16.534,High
Tamil Nadu,Madurai,Medium,2574.33,63.19,89.89,1799.83,2.12,3375.14,20.507,High
Andhra Pradesh,Ongole,Small,1723.86,81.6,51.94,1297.9,7.57,2019.55,14.882,Medium
Gujarat,Ahmedabad,Small,1208.35,81.06,69.92,1308.21,5.44,1651.35,10.524,Medium
Rajasthan,Jodhpur,Small,1294.62,60.76,46.06,1501.85,9.53,2034.11,8.735,High
Gujarat,Bhavnagar,Small,780.35,69.68,63.83,1985.86,7.64,1828.48,5.504,Low
Tamil Nadu,Chennai,Medium,3131.36,86.72,74.05,1659.0,4.01,2728.24,21.137,High
Telangana,Khammam,Large,4064.71,84.27,70.27,2330.44,4.14,1367.77,15.858,Medium
Rajasthan,Kishangarh,Large,4772.56,71.7,69.49,1548.54,0.5,2176.05,23.343,High
Rajasthan,Jaipur,Small,1722.46,61.19,68.56,2705.83,5.6,2241.34,11.531,Medium
Andhra Pradesh,Guntur,Large,4588.84,95.29,88.98,2407.8,3.19,1796.13,22.535,High
Karnataka,Chitradurga,Small,1724.71,61.5,45.93,1400.19,2.48,2559.96,10.646,Medium
Andhra Pradesh,Guntur,Large,4086.04,81.26,76.26,1763.39,5.59,2047.73,18.106,High
Karnataka,Ramanagara,Small,1226.77,53.24,43.21,1676.9,11.25,2079.51,9.854,Medium
Andhra Pradesh,Guntur,Small,971.55,71.1,47.63,1021.67,7.78,1537.3,8.625,Medium
Andhra Pradesh,Nellore,Small,1525.46,98.0,76.54,1963.08,8.35,2370.33,13.758,Medium
Tamil Nadu,Dharmapuri,Large,5634.5,98.0,23.83,2287.24,5.34,1910.21,18.953,High
Karnataka,Hassan,Small,1344.28,72.43,52.02,1330.77,3.9,2585.12,10.522,Medium
Rajasthan,Makrana,Small,1367.46,92.42,46.61,2670.98,6.48,2501.63,12.014,Medium
Rajasthan,Jodhpur,Large,4997.25,88.95,44.28,2023.63,9.44,2385.77,19.805,High
Gujarat,Bhavnagar,Large,3959.28,98.0,79.09,1655.31,5.01,1896.53,16.538,High
Karnataka,Mysuru,Small,1248.45,83.96,59.73,2174.84,11.96,2164.26,12.857,Medium
Telangana,Karimnagar,Medium,3071.04,88.01,71.69,1646.77,8.13,2090.58,15.947,Medium
Karnataka,Mysuru,Small,1859.37,48.65,71.62,1497.61,,2273.85,9.71,Medium
Andhra Pradesh,Kadapa,Small,1108.66,82.7,76.0,1842.11,8.52,2088.87,12.086,Medium
Karnataka,Hassan,Medium,2725.66,65.18,49.27,819.7,7.12,1897.54,16.134,High
Tamil Nadu,Dharmapuri,Medium,3271.36,81.41,39.19,1870.64,4.03,2466.85,14.14,Medium
Andhra Pradesh,Nellore,Medium,2894.57,81.05,53.48,,5.58,1735.68,13.983,High
Rajasthan,Jaipur,Medium,2366.26,91.42,60.68,1886.47,7.26,2416.51,14.603,Medium
Tamil Nadu,Dharmapuri,Medium,2570.55,88.13,34.77,2125.91,13.07,1988.79,13.889,Medium
Andhra Pradesh,Ongole,Medium,2248.98,57.83,78.84,1659.46,5.81,1932.64,10.431,Medium
Telangana,Hyderabad,Medium,2427.32,48.71,62.48,1464.63,2.45,1966.86,12.491,Medium
Karnataka,Hassan,Medium,3045.65,70.3,55.26,2506.48,6.67,2061.73,12.781,Medium
Rajasthan,Kishangarh,Small,2191.68,84.74,29.86,2532.13,7.91,1806.46,6.217,Low
Telangana,Hyderabad,Medium,1615.2,83.72,61.45,2086.07,3.17,2026.75,12.33,Medium
Telangana,Karimnagar,Medium,2134.07,72.58,56.72,1362.88,9.47,1666.12,7.804,Low
Andhra Pradesh,Ongole,Medium,2512.11,84.29,41.56,1554.28,5.89,1640.78,13.499,Medium
Rajasthan,Udaipur,Medium,2890.16,82.44,66.47,2631.6,7.64,2106.64,17.637,High
Andhra Pradesh,Nellore,Small,1790.2,75.82,45.8,1182.11,11.07,2010.19,7.056,Low
Andhra Pradesh,Guntur,Medium,2406.12,82.05,39.77,1663.61,5.64,2047.15,12.438,Medium
Andhra Pradesh,Kadapa,Small,2014.72,79.78,60.52,1627.45,6.39,1791.19,11.777,Medium
Karnataka,Chitradurga,Large,4753.5,78.76,92.0,1286.04,3.86,2653.18,23.942,High
Telangana,Khammam,Medium,2070.54,85.62,80.62,1256.34,5.72,2030.33,15.206,Medium
Tamil Nadu,Chennai,Small,1385.48,58.44,60.77,2268.16,4.08,2724.37,12.094,Medium
Andhra Pradesh,Guntur,Medium,2532.1,97.51,66.51,1249.49,5.12,2392.36,16.586,High
Rajasthan,Udaipur,Large,4866.81,86.83,43.15,2192.88,0.5,1702.99,20.741,High
Telangana,Karimnagar,Small,1636.5,97.3,51.98,1164.69,4.62,1375.28,11.566,Medium
Karnataka,Hassan,Medium,3337.38,54.39,50.72,2611.12,7.86,2131.81,12.441,Medium
Andhra Pradesh,Nellore,Medium,3212.97,63.38,20.0,2004.96,9.34,1410.67,8.223,Medium
Tamil Nadu,Dharmapuri,Medium,2781.28,73.76,49.36,1829.75,6.74,2165.95,15.39,Medium
Andhra Pradesh,Ongole,Small,1559.31,83.28,48.88,786.18,11.39,1532.19,7.007,High
Karnataka,Ramanagara,Medium,3126.91,70.58,29.59,1977.3,9.6,2077.56,11.336,Medium
Andhra Pradesh,Guntur,Large,4641.93,86.68,62.47,1731.53,4.91,1856.49,18.724,High
Tamil Nadu,Dharmapuri,Large,6096.1,96.0,45.9,1286.12,7.45,2559.86,22.286,High
Tamil Nadu,Krishnagiri,Medium,3190.24,77.43,64.16,1276.62,1.87,2581.15,21.602,High
Tamil Nadu,Chennai,Large,5625.2,62.67,70.5,1483.95,4.16,2505.51,21.226,High
Tamil Nadu,Krishnagiri,Medium,3809.82,98.0,34.39,1923.42,6.66,2584.91,17.2,High
Tamil Nadu,Madurai,Medium,3153.89,66.8,55.28,1451.56,3.54,2617.65,16.266,High
Rajasthan,Kishangarh,Medium,2701.05,57.35,47.59,2101.83,1.43,2240.14,13.317,Medium
Karnataka,Hassan,Small,1389.46,64.55,48.11,1771.81,8.34,1889.43,9.721,Medium
Karnataka,Hassan,Medium,3093.09,64.88,21.27,1239.1,8.69,1988.18,10.695,Medium
Tamil Nadu,Krishnagiri,Medium,3253.75,77.05,65.35,1004.89,6.09,2325.05,20.209,High
Tamil Nadu,Salem,Large,5566.1,98.0,92.0,,7.77,2639.5,27.297,Medium
Rajasthan,Udaipur,Medium,2463.77,62.72,81.24,2510.76,8.18,1936.35,12.301,Medium
Karnataka,Hassan,Medium,2794.05,81.89,77.19,2500.84,4.56,2272.21,18.003,High
Telangana,Nizamabad,Small,1297.72,98.0,23.39,1923.67,9.98,1331.44,3.681,Low
Tamil Nadu,Chennai,Small,1670.8,66.62,36.75,1284.82,8.19,2613.88,13.741,Medium
Rajasthan,Udaipur,Small,1959.92,74.02,56.16,2358.22,7.22,2295.06,8.57,Medium
Rajasthan,Jaipur,Medium,2654.79,79.18,67.38,1648.03,6.13,2168.72,16.42,High
Karnataka,Chitradurga,Small,1854.68,67.24,67.98,1753.8,6.13,2283.74,13.813,Medium
Tamil Nadu,Madurai,Medium,3350.45,49.46,54.79,1741.11,3.57,2557.6,16.822,High
Tamil Nadu,Madurai,Small,1445.64,88.79,33.16,1231.49,10.45,2488.38,11.374,Medium
Telangana,Karimnagar,Medium,2800.09,80.69,63.23,2392.52,10.54,1718.42,10.905,Medium
Tamil Nadu,Chennai,Large,5110.14,70.38,63.94,2084.78,7.73,3173.77,17.605,High
Andhra Pradesh,Ongole,Medium,2351.51,70.17,84.99,1371.43,2.22,2216.01,17.57,High
Rajasthan,Jaipur,Small,1209.45,70.78,59.53,1771.18,3.96,1953.47,12.551,Medium
Andhra Pradesh,Kurnool,Medium,2417.32,80.47,50.31,1755.02,6.79,1892.94,10.524,Medium
Karnataka,Bengaluru,Small,1980.76,61.98,57.81,1413.48,7.57,2231.37,11.004,Medium
Telangana,Nizamabad,Small,2233.03,66.76,73.88,1902.19,5.46,1808.23,10.626,Medium
Gujarat,Surat,Small,1665.92,75.67,63.86,1229.74,9.19,1536.51,7.807,Low
Rajasthan,Jaipur,Small,1165.75,49.9,61.71,1987.94,7.75,1782.19,8.278,Medium
Tamil Nadu,Dharmapuri,Small,1394.87,75.06,60.19,1832.76,8.45,2283.23,13.265,Medium
Gujarat,Surat,Small,1605.17,63.09,51.03,1286.64,6.78,1749.59,6.113,Low
Andhra Pradesh,Nellore,Small,1092.12,79.84,62.85,1911.3,5.19,2124.14,13.226,Medium
Gujarat,Rajkot,Medium,1838.92,80.82,60.16,2190.01,4.92,2110.45,12.179,Medium
Andhra Pradesh,Nellore,Large,4844.15,93.67,52.05,2522.63,6.18,2245.25,17.804,High
Telangana,Karimnagar,Large,4032.19,53.66,74.37,1984.91,3.85,1832.74,14.331,Medium
Rajasthan,Jaipur,Small,1766.14,67.94,61.9,2066.03,,1845.21,10.866,Medium
Rajasthan,Kishangarh,Medium,2719.78,76.82,69.52,2617.51,1.99,2188.58,19.525,High
Rajasthan,Udaipur,Large,5008.43,94.58,46.02,2207.67,4.38,2059.78,18.586,High
Telangana,Warangal,Small,1696.62,60.95,56.51,2733.0,8.13,1619.67,2.314,Low
Andhra Pradesh,Ongole,Large,4813.22,71.78,62.65,2104.17,3.25,2082.72,15.128,Medium
Telangana,Nizamabad,Medium,2499.22,90.26,66.24,1490.59,6.54,1813.77,10.539,Medium
Rajasthan,Makrana,Large,4935.54,98.0,50.49,1642.24,4.65,2139.16,22.765,High
Rajasthan,Kishangarh,Large,5159.29,98.0,85.5,2391.85,6.76,2290.46,20.798,High
Telangana,Khammam,Medium,2564.02,91.5,38.62,1723.72,9.09,1837.75,12.295,Medium
Rajasthan,Makrana,Medium,2375.02,80.87,48.2,2073.82,3.11,2154.78,13.943,Medium
Rajasthan,Jodhpur,Small,1400.04,74.78,84.16,1209.48,7.66,2469.14,12.677,Medium
Rajasthan,Kishangarh,Small,1569.18,95.93,59.04,2123.93,7.52,1721.01,13.159,Medium
Karnataka,Bengaluru,Medium,2973.01,72.33,73.26,2045.56,6.3,2215.32,19.361,High
Andhra Pradesh,Guntur,Small,1603.19,66.86,56.82,2436.5,7.62,1981.52,6.999,Low
Karnataka,Bengaluru,Small,2436.79,72.36,69.75,2118.75,10.42,2244.49,16.629,High
Gujarat,Bhavnagar,Small,1061.15,68.72,59.26,1993.87,7.44,1349.16,2.786,Low
Andhra Pradesh,Kurnool,Large,4362.45,70.55,54.15,1453.84,7.09,1624.53,14.841,Medium
Rajasthan,Jaipur,Small,1936.78,84.54,27.17,1392.88,10.5,1722.23,9.822,Medium
Karnataka,Hassan,Small,1749.36,70.45,27.11,1796.69,6.36,1783.43,10.189,Medium
Tamil Nadu,Salem,Medium,3261.63,75.95,52.99,2063.65,3.51,2550.3,19.089,High
Telangana,Karimnagar,Medium,2141.04,81.59,67.32,1264.6,8.08,1620.41,12.215,Medium
Telangana,Nizamabad,Small,1021.06,52.23,64.65,1957.87,11.1,2059.04,6.912,Medium
Rajasthan,Kishangarh,Large,4616.46,93.27,71.21,2280.02,7.65,2029.14,19.335,High
Gujarat,Rajkot,Medium,2081.74,98.0,61.9,1732.85,4.88,1508.71,11.911,Medium
Gujarat,Vadodara,Medium,1796.75,93.35,29.21,1700.04,10.64,1721.36,6.764,Low
Telangana,Warangal,Small,828.78,36.84,49.6,1973.99,4.7,1723.53,2.407,Low
Rajasthan,Kishangarh,Medium,3189.41,75.69,58.31,2635.89,5.46,1905.51,14.439,Medium
Tamil Nadu,Chennai,Large,5057.92,56.75,63.63,1685.84,,2730.74,21.846,High
Andhra Pradesh,Nellore,Small,1149.2,89.5,45.35,1747.1,4.93,1627.91,9.914,Medium
Andhra Pradesh,Guntur,Small,1065.09,88.77,44.59,1966.62,9.6,1907.34,7.346,Low
Rajasthan,Kishangarh,Small,1884.87,78.03,74.05,2153.29,5.07,2120.94,15.753,Medium
Andhra Pradesh,Guntur,Large,4621.29,44.53,45.72,1637.1,6.83,1409.87,11.198,Medium
Telangana,Warangal,Small,1152.41,71.68,74.81,2281.57,7.3,1807.39,7.428,Low
Andhra Pradesh,Kurnool,Large,4565.17,68.62,74.78,2338.73,6.29,2472.67,14.29,Medium
Andhra Pradesh,Guntur,Small,1369.89,74.83,44.98,1395.68,11.89,2180.08,8.932,Medium
Telangana,Hyderabad,Medium,2269.71,79.73,90.77,1987.44,8.67,2179.71,14.701,Medium
Gujarat,Rajkot,Medium,2265.14,92.28,49.39,2531.52,4.6,2000.79,8.252,Medium
Tamil Nadu,Madurai,Small,2108.43,69.35,42.37,1696.92,9.6,2308.03,12.348,Medium
Karnataka,Bengaluru,Medium,3245.11,98.0,58.91,2049.08,2.51,2489.41,20.096,High
Rajasthan,Kishangarh,Small,1434.25,78.37,71.86,2525.58,13.54,2176.48,11.618,Medium
Rajasthan,Kishangarh,Small,2134.9,68.13,53.94,2973.64,4.28,1889.09,9.926,Medium
Gujarat,Ahmedabad,Large,4610.94,81.06,58.3,1310.9,,1677.62,14.656,High
Karnataka,Chitradurga,Small,1464.9,92.46,56.87,1527.22,5.62,2340.55,19.042,High
Telangana,Karimnagar,Medium,2292.39,88.88,32.45,2364.61,0.5,1495.33,12.705,Medium
Andhra Pradesh,Kadapa,Small,1315.07,48.47,79.73,1625.51,7.58,1931.93,8.99,Medium
Andhra Pradesh,Kadapa,Small,1284.06,60.49,61.62,1896.1,7.93,2105.19,7.346,Low
Karnataka,Chitradurga,Medium,3131.79,60.54,22.84,2358.1,5.89,2339.29,12.648,Medium
Rajasthan,Makrana,Medium,3387.87,90.09,50.27,2274.13,5.16,2256.69,20.952,High
Rajasthan,Jaipur,Small,1650.63,95.44,68.02,2767.0,3.84,2160.61,14.186,Medium
Tamil Nadu,Salem,Medium,2931.36,84.28,53.34,1220.9,3.25,2577.86,19.497,High
Telangana,Warangal,Small,1059.38,94.49,50.14,2131.11,8.71,1595.54,7.856,Low
Andhra Pradesh,Nellore,Large,4500.15,98.0,84.34,1307.07,7.08,2065.57,21.938,High
Tamil Nadu,Chennai,Small,1930.92,80.7,48.33,976.83,7.51,2556.9,19.187,High
Rajasthan,Jaipur,Small,1485.04,83.92,20.0,2081.36,9.8,1614.37,5.31,Low
Telangana,Khammam,Medium,2379.55,81.04,77.61,2565.95,5.68,1880.99,12.799,Medium
Andhra Pradesh,Guntur,Small,1216.23,85.69,46.94,2127.81,7.72,1322.85,5.339,Low
Gujarat,Rajkot,Small,1786.74,68.13,52.25,2303.17,7.91,1571.71,6.782,Low
Tamil Nadu,Chennai,Small,1727.22,62.96,44.81,1273.74,5.83,2333.47,10.328,Medium
Gujarat,Surat,Large,3743.75,74.62,55.1,1811.68,5.36,1491.47,10.856,Medium
Tamil Nadu,Krishnagiri,Large,5340.27,76.08,52.64,1109.2,8.12,1970.72,19.902,High
Rajasthan,Udaipur,Medium,3102.19,76.26,51.48,2528.85,5.43,1904.72,11.68,Medium
Gujarat,Vadodara,Medium,2841.59,91.25,45.86,1593.96,3.39,1507.57,12.297,Medium
Tamil Nadu,Krishnagiri,Medium,3217.8,62.78,81.91,2132.07,6.77,3106.16,20.816,High
Tamil Nadu,Krishnagiri,Medium,3257.18,98.0,75.26,1349.22,1.28,2649.79,26.748,High
Tamil Nadu,Salem,Small,1812.75,73.12,58.5,2015.39,9.89,2617.36,14.369,Medium
Karnataka,Bengaluru,Large,4356.49,80.38,64.75,1153.71,3.12,2197.26,22.161,High
Rajasthan,Jaipur,Small,1446.69,76.85,29.39,,9.44,1713.31,8.833,Medium
Karnataka,Mysuru,Small,1435.55,62.18,64.67,1400.66,10.1,1969.51,7.189,Low
Karnataka,Ramanagara,Large,4844.57,73.32,58.4,2011.13,2.5,2433.37,17.314,High
Andhra Pradesh,Nellore,Medium,2489.73,73.21,73.95,1787.22,9.82,1823.69,12.911,Medium
Karnataka,Hassan,Small,2012.0,62.36,74.9,1637.88,10.26,2322.52,9.842,Medium
Telangana,Nizamabad,Small,1236.11,65.45,49.46,1997.15,9.65,1735.48,2.64,Medium
Telangana,Karimnagar,Medium,2534.6,68.9,28.22,1391.7,6.07,1694.88,7.003,Low
Gujarat,Surat,Medium,2271.37,66.92,65.44,4167.969118412664,8.22,1607.05,10.625,Medium
Tamil Nadu,Chennai,Medium,2832.63,67.33,40.98,1818.15,,2201.64,10.755,Medium
Telangana,Warangal,Small,828.57,82.86,42.71,2631.71,10.44,2139.65,8.162,Medium
Andhra Pradesh,Ongole,Large,4552.88,61.15,67.99,,9.38,1705.21,12.657,Medium
Karnataka,Mysuru,Small,1459.46,77.03,68.78,1046.3,9.82,2282.59,12.11,Medium
Karnataka,Bengaluru,Medium,3072.88,72.5,69.46,1002.42,7.03,2291.25,18.839,High
Tamil Nadu,Madurai,Medium,3098.47,73.43,83.3,1581.41,5.34,2461.92,18.725,High
Tamil Nadu,Chennai,Small,1214.89,57.78,50.62,1242.55,5.72,2033.3,12.914,Medium
Rajasthan,Jaipur,Small,1281.89,62.78,70.76,1852.55,6.25,1990.82,8.979,High
Tamil Nadu,Dharmapuri,Large,6033.38,83.24,72.59,1740.68,4.03,2385.51,24.946,High
Andhra Pradesh,Ongole,Large,4744.62,70.78,78.41,1459.32,8.53,1937.42,14.098,Medium
Rajasthan,Kishangarh,Small,1892.58,53.51,69.05,1924.7,10.29,1960.56,6.448,Low
Karnataka,Ramanagara,Large,5472.07,78.78,76.12,1919.96,5.05,2244.73,22.779,High
Rajasthan,Makrana,Small,1323.06,71.68,27.47,1655.6,9.32,1946.14,9.245,Medium
Rajasthan,Kishangarh,Medium,2499.0,84.76,49.23,1999.86,1.31,1934.5,16.415,High
Rajasthan,Jaipur,Small,1927.8,94.29,57.09,2156.91,0.95,2244.2,17.23,High
Gujarat,Ahmedabad,Large,3721.08,76.59,62.59,1183.06,5.56,1711.43,14.098,Medium
Rajasthan,Jodhpur,Small,1319.19,77.61,66.87,2228.86,5.08,2116.43,12.304,Medium
Karnataka,Bengaluru,Medium,2754.9,83.58,58.88,2206.72,7.13,2431.49,15.394,Medium
Karnataka,Hassan,Medium,2709.8,69.66,48.36,1999.73,4.07,2370.8,15.815,Medium
Andhra Pradesh,Ongole,Small,1241.13,81.63,39.13,1540.78,9.38,1877.73,7.17,Low
Tamil Nadu,Chennai,Medium,2846.12,62.27,28.8,2187.23,7.7,2386.86,10.689,Medium
Andhra Pradesh,Guntur,Small,1111.77,69.18,62.35,2292.42,5.66,2029.38,6.963,Low
Tamil Nadu,Madurai,Medium,3331.49,96.03,36.55,1104.74,1.98,2526.61,22.021,High
Andhra Pradesh,Nellore,Small,1559.35,89.41,52.16,1326.11,9.67,1644.2,10.824,High
Andhra Pradesh,Nellore,Medium,2772.14,88.5,60.15,2386.53,5.81,1895.37,15.509,Medium
Telangana,Karimnagar,Large,4087.75,74.76,80.23,2234.85,0.5,2411.74,18.274,High
Tamil Nadu,Dharmapuri,Small,2342.16,57.18,87.67,1393.87,9.88,2513.87,17.199,High
Andhra Pradesh,Kurnool,Small,1810.88,59.61,48.03,1504.77,11.77,1802.85,3.13,Low
Andhra Pradesh,Ongole,Medium,2882.57,74.22,68.88,1551.4,5.84,2196.46,12.275,Medium
Tamil Nadu,Chennai,Medium,2903.65,74.22,61.84,2195.91,6.35,2412.26,15.953,Medium
Telangana,Khammam,Large,4099.55,98.0,55.51,1618.88,5.32,1762.67,16.708,High
Telangana,Khammam,Small,1548.47,56.99,68.19,2161.99,,1865.43,8.971,Medium
Tamil Nadu,Krishnagiri,Small,2082.36,65.05,59.59,2135.73,7.7,2334.76,13.328,Medium
Andhra Pradesh,Ongole,Large,4702.51,98.0,70.07,1155.32,1.43,2218.64,19.951,High
Tamil Nadu,Dharmapuri,Large,5134.06,55.08,80.08,781.68,7.87,2440.77,20.866,High
Andhra Pradesh,Kadapa,Medium,2018.74,79.73,73.85,2161.43,3.11,2053.56,16.969,High
Tamil Nadu,Salem,Small,1058.5,52.58,45.87,735.57,2.81,2631.61,12.408,Medium
Karnataka,Hassan,Small,1790.82,68.53,71.85,2214.9,5.15,2105.96,11.593,Medium
Gujarat,Vadodara,Small,1516.51,97.45,49.48,1307.97,8.02,1957.36,7.972,Low
Rajasthan,Kishangarh,Large,4254.18,84.58,50.67,2562.7,5.77,1713.2,16.624,High
Gujarat,Ahmedabad,Small,1175.23,97.71,54.17,1139.25,5.52,1225.82,10.861,Medium
Rajasthan,Makrana,Medium,2694.5,77.8,68.09,1953.11,3.47,2264.09,20.524,High
Rajasthan,Jodhpur,Medium,2808.73,81.31,53.5,2631.77,2.92,2310.54,13.707,Medium
Karnataka,Chitradurga,Small,1204.85,53.63,29.32,1949.25,11.8,1700.85,3.428,Low
Tamil Nadu,Krishnagiri,Small,1481.31,98.0,57.72,1174.36,10.22,2453.19,18.813,High
Andhra Pradesh,Nellore,Medium,2597.79,95.1,42.63,2605.76,,1801.02,11.779,Medium
Rajasthan,Jodhpur,Small,1321.91,66.7,40.56,1667.46,7.36,2199.11,13.32,Medium
Andhra Pradesh,Kurnool,Small,1589.52,91.31,60.25,1088.54,5.41,1894.59,13.227,Medium
Andhra Pradesh,Guntur,Small,1253.99,83.28,20.0,1806.15,8.28,1619.62,7.094,Low
Gujarat,Rajkot,Large,3836.01,85.65,60.06,1356.01,10.79,1799.77,12.136,Medium
Karnataka,Hassan,Large,5072.93,81.17,59.93,2008.88,4.94,2277.78,14.253,Medium
Karnataka,Bengaluru,Medium,3349.26,71.0,78.18,1827.61,3.2,2481.51,18.759,High
Tamil Nadu,Krishnagiri,Medium,3018.52,91.76,57.98,981.92,10.05,2125.67,16.149,High
Tamil Nadu,Dharmapuri,Medium,3353.36,76.96,89.53,2121.83,8.32,2674.21,17.654,Medium
Telangana,Hyderabad,Medium,2308.7,75.6,78.87,1334.28,7.38,2152.51,14.477,Medium
Andhra Pradesh,Kurnool,Large,4382.47,98.0,69.03,2047.48,,1652.83,17.564,High
Tamil Nadu,Madurai,Medium,3495.95,83.06,56.7,1162.64,,2169.38,18.03,High
Tamil Nadu,Chennai,Small,1302.0,62.45,58.84,2181.61,5.15,2251.4,9.237,Medium
Tamil Nadu,Krishnagiri,Large,5912.29,71.14,73.12,990.84,5.07,2646.51,23.009,High
Gujarat,Bhavnagar,Medium,2055.29,61.95,30.84,1725.59,,1576.9,6.886,Low
Andhra Pradesh,Kadapa,Small,1094.13,76.65,51.29,1313.63,7.04,1621.74,6.736,Low
Tamil Nadu,Chennai,Large,5166.72,79.33,65.13,1684.45,0.5,2641.39,22.517,High
Telangana,Khammam,Small,1312.83,73.4,48.97,1068.47,4.91,1610.83,10.256,Medium
Andhra Pradesh,Nellore,Small,1322.34,71.35,74.81,1763.62,7.31,1918.1,10.993,Medium
Karnataka,Hassan,Medium,2835.46,76.95,56.61,,1.46,2214.72,16.678,High
Telangana,Warangal,Small,927.03,77.09,40.01,1604.02,4.33,1502.91,7.577,Low
Andhra Pradesh,Ongole,Medium,2752.46,87.11,52.31,1741.52,4.72,1535.43,11.436,Medium
Telangana,Nizamabad,Small,1264.83,60.15,63.1,1712.65,7.1,1947.35,4.982,Low
Telangana,Karimnagar,Small,1336.33,54.56,61.1,1702.26,7.77,2290.07,3.953,Low
Karnataka,Bengaluru,Medium,3186.43,68.62,51.01,1896.98,,2126.23,16.088,High
Rajasthan,Kishangarh,Medium,2897.52,61.14,34.55,2258.87,8.4,2026.86,6.499,Low
Karnataka,Bengaluru,Small,1478.45,70.65,68.9,2245.74,10.7,2328.51,11.527,Medium
Karnataka,Ramanagara,Large,5274.08,75.72,54.36,2454.75,3.56,2445.93,18.565,High
Telangana,Khammam,Medium,2804.55,59.13,62.49,1306.49,2.61,1797.23,13.641,Medium
Tamil Nadu,Krishnagiri,Small,1583.23,58.32,52.52,1535.33,5.83,2304.5,11.937,Medium
Karnataka,Hassan,Small,1958.65,77.71,27.56,2587.38,11.11,1914.82,5.03,Low
Tamil Nadu,Krishnagiri,Large,4978.3,89.84,69.0,1052.75,7.46,2602.19,24.505,High
Tamil Nadu,Salem,Medium,3246.62,65.55,40.17,1264.2,9.93,2304.57,13.812,Medium
Tamil Nadu,Dharmapuri,Small,1946.16,72.92,60.21,1832.17,8.57,2614.15,12.375,Medium
Rajasthan,Jodhpur,Small,1538.57,62.28,47.2,2698.57,13.07,2087.55,5.508,Low
Tamil Nadu,Krishnagiri,Medium,2981.61,74.29,58.53,899.69,7.99,2648.42,19.252,High
Tamil Nadu,Krishnagiri,Small,1502.88,96.8,62.54,2450.01,8.12,2598.3,18.406,High
Andhra Pradesh,Nellore,Medium,2250.67,98.0,41.04,1724.72,10.05,1773.87,11.628,Medium
Rajasthan,Makrana,Large,4732.92,71.62,92.0,1924.86,9.08,2000.47,22.289,High
Tamil Nadu,Madurai,Small,1860.97,66.6,36.73,1601.1,5.01,2381.48,12.456,Medium
Tamil Nadu,Salem,Large,5835.48,88.51,80.53,1216.78,4.32,2773.51,26.209,High
Telangana,Khammam,Large,4274.55,79.72,79.31,1853.62,2.93,2127.3,18.991,High
Andhra Pradesh,Kadapa,Large,4293.49,93.56,87.58,1655.8,5.75,2067.76,19.865,High
Karnataka,Ramanagara,Large,4570.06,73.82,54.61,1759.51,4.11,2135.21,18.029,High
Rajasthan,Udaipur,Large,4688.13,76.12,60.37,2474.39,6.69,2081.64,19.183,High
Telangana,Nizamabad,Medium,2235.17,77.9,76.73,2263.2,8.98,1912.5,7.706,Low
Rajasthan,Jaipur,Medium,3008.24,79.2,60.21,1951.59,9.03,2322.21,13.981,Medium
Rajasthan,Udaipur,Medium,2520.88,73.21,67.23,2103.57,7.08,2077.29,14.546,Medium
Tamil Nadu,Madurai,Large,5426.61,82.4,82.67,2204.71,5.98,2671.0,25.6,High
Tamil Nadu,Chennai,Small,1377.13,67.66,52.27,1949.14,4.46,2466.38,12.595,Medium
Tamil Nadu,Dharmapuri,Small,1458.43,40.65,48.49,2066.43,9.98,2375.7,8.679,Medium
Karnataka,Bengaluru,Small,1770.48,73.68,71.24,1183.51,11.74,2543.91,13.795,Medium
Tamil Nadu,Madurai,Large,5529.72,92.02,69.29,1499.8,0.5,2386.77,23.96,High
Karnataka,Bengaluru,Medium,2866.76,68.5,44.88,1403.97,12.84,1828.87,9.97,Medium
Rajasthan,Makrana,Medium,2527.03,68.99,43.8,2566.19,3.85,2025.49,11.973,Medium
Tamil Nadu,Chennai,Small,1810.23,62.45,47.15,1389.56,3.44,2405.92,13.7,Medium
Gujarat,Vadodara,Medium,2178.32,74.85,55.46,1946.27,6.9,1788.22,8.264,Medium
Andhra Pradesh,Kadapa,Small,819.94,60.32,69.27,2397.11,4.93,1906.49,7.14,Low
Andhra Pradesh,Guntur,Medium,2784.68,84.66,84.47,1700.61,4.75,1956.09,17.916,High
Tamil Nadu,Dharmapuri,Small,2057.29,75.37,50.14,2341.66,3.45,2820.29,14.22,Medium
Tamil Nadu,Krishnagiri,Large,5990.89,67.44,45.48,1380.63,6.99,2267.29,19.611,High
Tamil Nadu,Krishnagiri,Medium,3270.17,88.74,37.97,1079.37,6.94,2327.31,18.129,High
Tamil Nadu,Dharmapuri,Medium,3298.05,83.86,55.61,2402.79,5.15,2346.79,19.946,High
Telangana,Karimnagar,Medium,1640.69,76.85,53.93,2148.78,6.23,2145.08,10.969,Medium
Andhra Pradesh,Guntur,Medium,3288.29,77.82,68.87,1790.28,4.74,2057.47,16.028,High
Rajasthan,Makrana,Small,2005.7,76.58,86.09,2129.17,8.96,2420.86,15.416,Medium
Rajasthan,Jodhpur,Medium,2909.4,71.69,65.74,1304.11,4.0,2049.98,16.589,High
Karnataka,Bengaluru,Large,5286.03,73.78,68.12,1361.77,2.74,2776.3,20.673,Low
Andhra Pradesh,Ongole,Medium,1788.46,87.3,76.64,2333.27,6.34,2159.1,13.877,Medium
Telangana,Khammam,Medium,2426.38,79.58,34.41,1573.0,8.21,1457.28,5.925,Low
Tamil Nadu,Salem,Large,5313.85,52.95,70.99,2651.8,6.63,2519.08,16.73,High
Andhra Pradesh,Ongole,Large,3952.87,64.32,44.06,1502.75,5.68,2156.04,12.711,Medium
Rajasthan,Makrana,Medium,2983.78,59.7,76.0,2341.25,3.23,2703.49,17.336,High
Karnataka,Chitradurga,Medium,3292.99,66.63,36.75,1124.51,7.93,1585.92,11.185,Medium
Tamil Nadu,Krishnagiri,Large,5483.84,89.63,75.89,1604.89,5.48,2464.33,23.381,High
Rajasthan,Kishangarh,Large,4842.1,75.67,79.38,1886.1,5.78,2202.56,19.952,High
Tamil Nadu,Dharmapuri,Large,5647.86,82.44,84.25,2125.79,11.69,2548.57,24.667,High
Andhra Pradesh,Ongole,Medium,2299.06,93.58,40.04,1297.19,5.08,1536.3,10.593,Medium
Rajasthan,Makrana,Small,1765.73,66.72,50.95,2198.82,11.93,2072.07,9.015,Medium
Telangana,Karimnagar,Small,1860.64,65.74,69.68,2185.65,4.9,1739.64,9.934,Medium
Rajasthan,Kishangarh,Small,1525.49,61.62,61.53,1713.96,,2394.11,11.1,Medium
Telangana,Khammam,Large,3808.76,68.05,61.46,1426.07,7.19,1752.94,12.203,Medium
Rajasthan,Kishangarh,Large,4567.93,86.54,76.82,1692.85,8.78,1843.72,18.507,High
Tamil Nadu,Madurai,Medium,3189.88,79.8,55.45,2056.08,11.5,2618.94,13.656,Medium
Tamil Nadu,Salem,Medium,3150.45,85.66,46.43,1571.01,5.3,2098.84,18.017,High
Tamil Nadu,Dharmapuri,Small,1841.57,62.67,40.59,1279.47,8.03,2473.39,11.297,Medium
Andhra Pradesh,Kurnool,Medium,2332.27,68.41,63.17,1570.34,1.8,1800.83,11.533,Medium
Andhra Pradesh,Nellore,Medium,2618.31,68.67,52.6,1458.63,4.1,1598.77,9.639,Medium
Tamil Nadu,Madurai,Medium,3028.86,94.29,53.64,1247.5,8.64,2003.32,16.668,High
Rajasthan,Jodhpur,Small,1477.63,75.09,50.01,1753.93,,2068.83,9.006,Medium
Gujarat,Rajkot,Medium,1917.88,73.62,80.61,1555.65,7.93,2162.49,10.511,Medium
Andhra Pradesh,Guntur,Small,1001.56,80.29,38.54,1785.19,7.59,1417.5,6.859,Low
Rajasthan,Kishangarh,Large,4957.74,70.15,55.58,2419.74,8.31,1888.72,15.59,Medium
Tamil Nadu,Krishnagiri,Small,1660.38,84.41,51.95,1574.3,8.94,2614.1,11.993,Medium
Tamil Nadu,Chennai,Large,5169.66,74.27,57.7,2120.31,1.99,2889.25,21.217,High
Rajasthan,Kishangarh,Small,975.09,88.76,20.0,1980.85,6.74,1904.69,10.56,Medium
Telangana,Karimnagar,Small,1649.7,62.51,46.5,1753.92,12.9,1601.93,4.258,Low
Andhra Pradesh,Kurnool,Medium,2822.42,77.53,58.02,1908.9,2.49,2172.04,12.834,Medium
Telangana,Warangal,Medium,2000.93,80.6,63.96,2390.42,7.8,1829.45,11.78,Medium
Gujarat,Rajkot,Medium,1984.68,75.02,43.64,988.93,5.13,1750.4,11.404,Medium
Rajasthan,Jaipur,Small,1322.13,72.34,77.22,2821.58,6.5,2214.7,12.193,Medium
Gujarat,Rajkot,Small,1074.74,69.19,63.91,1973.22,12.33,1608.51,6.922,Low
Rajasthan,Kishangarh,Medium,2887.68,63.78,47.41,2198.14,,1803.32,13.472,Medium
Rajasthan,Udaipur,Small,1979.21,92.95,44.61,2197.78,8.84,1832.72,12.555,Medium
Karnataka,Chitradurga,Small,1601.6,75.57,45.82,1313.44,7.81,2160.38,10.622,Medium
Rajasthan,Makrana,Medium,3031.18,60.82,42.5,2276.47,10.71,1787.29,5.927,Low
Tamil Nadu,Madurai,Small,1799.94,66.86,70.84,2408.55,10.33,2677.55,10.602,Medium
Andhra Pradesh,Guntur,Small,1491.43,90.28,38.15,2172.68,11.78,1558.8,4.122,Low
Tamil Nadu,Madurai,Small,1959.61,98.0,50.46,943.75,10.04,2302.62,17.378,High
Telangana,Khammam,Large,4060.12,83.69,61.64,2361.84,8.77,1275.4,12.652,High
Telangana,Nizamabad,Small,1486.56,80.97,53.37,2022.9,9.13,1764.07,7.24,Low
Gujarat,Ahmedabad,Large,3700.22,98.0,73.81,1991.13,3.49,2073.3,21.286,High
Rajasthan,Udaipur,Small,1537.7,58.73,49.48,1918.55,9.05,2196.1,5.672,Low
Karnataka,Ramanagara,Medium,3172.71,83.08,64.04,2299.62,4.34,2269.38,18.25,High
Karnataka,Ramanagara,Small,1966.73,96.1,58.0,1297.64,4.4,2209.25,16.409,High
Andhra Pradesh,Kurnool,Medium,3383.09,88.18,61.14,1969.45,9.56,1917.57,9.969,Medium
Gujarat,Bhavnagar,Large,4230.04,79.41,52.47,1586.63,3.16,1709.06,14.969,Medium
Telangana,Khammam,Large,4611.64,84.13,56.09,1920.85,4.4,1842.27,14.117,Medium
Andhra Pradesh,Kadapa,Medium,2456.37,97.69,55.04,907.9,0.61,2424.88,14.555,Medium
Rajasthan,Kishangarh,Large,4031.3,80.54,56.6,2252.61,2.73,2458.25,15.545,Medium
Tamil Nadu,Madurai,Small,2211.38,62.63,43.19,1243.51,5.28,2381.69,11.106,Low
Gujarat,Bhavnagar,Medium,2905.08,79.01,64.13,1955.56,4.62,1724.71,10.513,Medium
Rajasthan,Jaipur,Medium,3041.29,68.16,71.44,1730.66,4.1,2194.72,15.968,Medium
Andhra Pradesh,Kurnool,Large,4148.63,71.75,79.37,2136.07,6.48,2259.71,13.335,Medium
Rajasthan,Kishangarh,Small,1985.19,70.96,79.08,2740.6,8.72,2423.88,11.375,Medium
Tamil Nadu,Dharmapuri,Large,5921.63,78.46,66.38,2248.26,4.75,2654.28,23.482,High
Tamil Nadu,Krishnagiri,Medium,2593.95,68.59,59.14,1332.13,0.5,2954.18,19.7,High
Karnataka,Hassan,Medium,2755.2,76.75,53.73,2033.8,8.09,2308.56,12.136,Low
Andhra Pradesh,Guntur,Small,1576.06,69.49,62.03,1525.6,10.65,2286.77,11.505,Medium
Telangana,Hyderabad,Medium,1927.26,82.41,75.25,2220.33,4.76,2485.45,11.437,Medium
Rajasthan,Jodhpur,Medium,2288.1,75.32,56.01,1764.48,,1757.75,9.59,Medium
Telangana,Warangal,Medium,2921.35,70.08,63.4,1506.11,5.46,1844.92,12.116,Medium
Rajasthan,Jaipur,Large,4900.46,80.4,80.75,2025.03,5.17,2083.42,19.641,High
Andhra Pradesh,Kadapa,Medium,2365.72,92.31,42.71,998.93,8.7,1788.34,13.486,Medium
Andhra Pradesh,Nellore,Medium,2538.91,84.11,67.93,1547.03,2.43,2542.34,14.999,Medium
Rajasthan,Jaipur,Large,4367.69,59.66,70.33,2184.09,2.8,2682.31,19.832,High
Rajasthan,Makrana,Medium,2966.47,67.77,32.2,2168.58,7.05,2001.82,13.132,Medium
Telangana,Hyderabad,Medium,2730.46,74.84,48.23,2169.01,5.48,1824.52,11.504,High
Rajasthan,Jaipur,Small,2052.37,50.58,38.21,2513.09,8.75,1845.01,4.519,Low
Rajasthan,Jaipur,Small,1324.18,78.28,45.0,2006.63,10.96,2278.97,8.346,Medium
Rajasthan,Kishangarh,Medium,2500.18,60.88,54.23,1800.89,0.5,2138.85,13.254,Medium
Rajasthan,Makrana,Large,5128.58,65.87,67.09,2091.46,7.24,2297.57,18.644,High
Tamil Nadu,Salem,Small,1959.65,69.02,65.06,1103.14,7.51,2313.89,13.708,Medium
Rajasthan,Jodhpur,Small,1619.62,88.57,67.62,1581.78,5.81,2027.19,13.358,Medium
Telangana,Nizamabad,Medium,2782.12,82.3,61.49,1552.06,,2043.4,13.392,Medium
Telangana,Hyderabad,Small,1898.57,67.05,75.17,1790.53,7.2,1842.63,11.415,Medium
Tamil Nadu,Krishnagiri,Medium,2643.17,65.46,68.41,1354.06,4.48,2521.95,18.207,High
Tamil Nadu,Madurai,Medium,3676.8,75.69,52.32,1663.48,6.8,2284.24,18.889,High
Tamil Nadu,Dharmapuri,Small,2231.28,90.64,75.13,1600.92,11.23,2580.35,16.684,High
Karnataka,Ramanagara,Large,4767.47,75.81,67.98,1575.25,8.34,2273.46,19.452,High
Gujarat,Bhavnagar,Medium,2469.8,53.79,66.87,1286.28,8.71,1805.42,8.387,Medium
Andhra Pradesh,Kurnool,Medium,2652.37,78.12,46.63,1110.54,2.5,2074.45,15.594,Medium
Tamil Nadu,Dharmapuri,Small,1490.99,75.77,62.02,1799.05,9.03,2729.75,14.364,Medium
Rajasthan,Jodhpur,Medium,2735.36,77.74,70.84,2103.88,5.15,2062.91,14.058,Medium
Andhra Pradesh,Guntur,Large,4611.56,73.77,77.0,1437.86,3.6,2757.86,23.846,High
Karnataka,Mysuru,Small,1222.93,70.63,48.43,1634.47,8.65,2049.22,12.874,Medium
Telangana,Nizamabad,Small,1201.83,60.69,46.23,1601.96,11.73,1583.0,4.576,Low
Tamil Nadu,Salem,Small,2067.55,87.22,58.05,2078.2,4.58,2363.76,14.942,Medium
Karnataka,Chitradurga,Small,2001.64,63.9,60.74,1685.56,6.67,2342.94,11.53,Medium
Rajasthan,Udaipur,Small,1028.81,73.02,46.21,2139.96,3.68,1993.91,11.75,Medium
Andhra Pradesh,Ongole,Small,557.84,81.27,37.74,1949.64,4.93,2000.39,6.741,Low
Gujarat,Surat,Large,4096.06,80.01,52.16,1504.66,4.36,1628.92,13.435,Low
Telangana,Nizamabad,Medium,2881.17,90.25,82.82,2008.31,7.67,1473.81,13.051,Medium
Andhra Pradesh,Nellore,Small,1564.01,90.95,35.46,2082.22,12.41,1963.7,7.297,Low
Andhra Pradesh,Kadapa,Medium,2351.81,73.09,38.17,2159.5,7.79,1699.42,9.223,Medium
Andhra Pradesh,Kurnool,Small,1236.19,96.49,81.68,1774.72,6.59,1940.91,15.867,Medium
Tamil Nadu,Dharmapuri,Medium,3366.98,88.2,50.06,1925.88,4.99,2506.4,16.195,High
Andhra Pradesh,Kurnool,Small,1937.0,75.48,39.39,1209.41,5.62,1758.02,8.026,Medium
Telangana,Khammam,Small,1166.47,66.23,34.88,1954.35,6.12,1480.5,3.153,Low
Telangana,Khammam,Large,4425.6,78.66,75.82,1966.43,8.57,1799.67,14.494,Medium
Tamil Nadu,Chennai,Small,1588.01,53.81,51.97,2102.44,3.18,2270.38,11.652,Medium
Telangana,Warangal,Large,4426.31,92.46,66.84,2034.7,2.05,2070.58,17.94,High
Andhra Pradesh,Kadapa,Medium,1952.56,60.74,43.05,1677.09,4.41,1965.97,7.192,Low
Telangana,Karimnagar,Small,1375.03,76.32,25.22,2027.66,3.36,2151.28,7.046,Low
Gujarat,Ahmedabad,Medium,2146.09,67.49,56.19,1260.92,8.24,1369.32,3.919,Low
Andhra Pradesh,Nellore,Medium,3345.13,69.69,46.78,995.84,3.85,2060.94,12.069,Medium
Tamil Nadu,Madurai,Small,1917.78,72.77,57.74,1937.13,6.56,2316.48,15.639,Medium
Telangana,Khammam,Small,1531.28,66.4,40.08,2521.25,9.35,1778.41,6.32,Low
Andhra Pradesh,Kadapa,Small,1309.76,80.4,75.2,2194.72,9.23,2025.18,11.779,Medium
Gujarat,Rajkot,Large,3973.31,73.28,76.51,2060.46,6.26,1564.17,13.391,Medium
Gujarat,Rajkot,Medium,2323.48,68.83,92.0,2005.81,6.48,1834.49,13.425,Medium
Andhra Pradesh,Guntur,Small,1460.84,58.89,54.76,915.45,5.09,1941.98,12.846,Low
Rajasthan,Kishangarh,Large,4624.38,88.55,71.15,2415.32,4.92,2128.93,21.451,High
Telangana,Hyderabad,Small,1230.81,57.05,68.88,1680.14,9.15,1488.27,7.524,Low
Karnataka,Bengaluru,Small,855.71,75.77,30.63,1332.87,6.99,1950.08,13.131,Medium
Andhra Pradesh,Kurnool,Small,1371.45,98.0,25.88,1668.11,11.91,1835.27,8.488,Medium
Andhra Pradesh,Nellore,Medium,2684.33,59.27,74.09,2064.98,8.21,2179.84,10.081,Medium
Rajasthan,Jaipur,Small,1220.85,65.64,51.5,1952.95,2.0,2438.81,8.643,Medium
Tamil Nadu,Chennai,Medium,3706.67,89.89,64.0,1859.47,6.29,2418.98,20.943,High
Rajasthan,Jaipur,Large,4851.56,64.16,42.86,2325.69,5.95,1881.41,13.132,Medium
Gujarat,Vadodara,Small,603.23,86.88,48.12,991.08,3.29,1895.81,10.372,Medium
Karnataka,Bengaluru,Small,1563.2,68.82,53.03,1752.59,1.76,2314.61,11.261,Medium
Andhra Pradesh,Nellore,Small,1091.7,86.9,62.98,1059.49,5.45,1646.21,11.273,Medium
Telangana,Karimnagar,Medium,2408.02,74.29,56.34,1552.6,4.92,1582.88,12.513,Medium
Karnataka,Chitradurga,Large,4803.72,84.93,48.37,1258.91,7.3,2265.02,15.835,Medium
Andhra Pradesh,Kadapa,Small,1398.95,67.77,40.64,1702.27,7.49,1735.1,10.757,Medium
Rajasthan,Udaipur,Small,2066.02,71.61,62.75,1760.22,11.37,1917.36,8.193,Medium
Tamil Nadu,Krishnagiri,Small,1183.83,67.75,43.45,2229.26,9.17,2135.2,8.562,Medium
Karnataka,Ramanagara,Small,1368.43,86.02,61.23,2367.93,7.64,2304.59,12.822,Medium
Rajasthan,Kishangarh,Medium,2781.53,72.34,46.45,1448.77,6.43,1636.97,12.298,Medium
Telangana,Karimnagar,Small,1748.03,98.0,57.31,2155.63,12.75,1780.21,7.31,Low
Karnataka,Chitradurga,Small,1575.49,72.81,53.96,1258.74,6.55,2271.5,15.757,Medium
Andhra Pradesh,Ongole,Medium,2264.19,74.87,50.98,1565.55,5.21,2055.89,11.026,Medium
Rajasthan,Jaipur,Small,1495.02,74.21,35.19,2104.92,10.02,1958.07,9.697,Medium
Telangana,Khammam,Medium,2175.78,69.29,36.15,1829.11,2.83,1439.46,6.629,Low
Tamil Nadu,Dharmapuri,Small,1531.14,79.99,51.36,1052.8,7.89,2471.1,11.717,Medium
Gujarat,Ahmedabad,Large,4054.91,83.03,66.63,1576.34,,1836.02,17.448,High
Tamil Nadu,Chennai,Small,695.84,61.24,45.62,1479.28,10.4,2624.95,12.015,Medium
Rajasthan,Jodhpur,Large,4724.24,83.22,55.23,1990.46,3.32,2580.79,20.623,High
Andhra Pradesh,Kadapa,Small,1123.56,69.48,74.3,1679.97,9.51,2016.72,13.97,Medium
Gujarat,Ahmedabad,Medium,2758.05,75.73,75.14,2001.57,4.47,1610.65,11.68,Medium
Gujarat,Vadodara,Small,1306.1,79.04,62.62,1873.15,4.55,1848.43,9.469,Medium
Rajasthan,Jaipur,Medium,2778.84,66.56,77.01,1982.84,9.47,2428.16,13.55,Medium
Tamil Nadu,Madurai,Small,1556.54,75.66,34.72,1141.41,6.43,2266.5,11.53,Medium
Gujarat,Rajkot,Medium,2299.3,64.72,62.7,1182.18,6.93,1690.14,11.511,Medium
Karnataka,Chitradurga,Medium,2868.92,86.15,43.71,2042.29,9.26,2454.63,17.214,High
Telangana,Warangal,Medium,2434.46,59.81,43.18,2740.36,10.33,1519.75,6.581,Low
Tamil Nadu,Krishnagiri,Medium,3654.29,68.04,54.07,1580.18,9.46,2276.32,13.512,Medium
Rajasthan,Jaipur,Small,1584.9,84.54,41.9,1704.99,7.79,2089.17,10.54,Medium
Karnataka,Bengaluru,Small,1843.69,67.3,52.55,2020.8,6.76,2110.96,8.09,Medium
Karnataka,Ramanagara,Medium,3013.55,67.53,82.62,2199.03,0.78,2605.1,21.947,High
Rajasthan,Udaipur,Small,2034.14,74.67,59.32,1821.54,7.72,2316.12,14.831,Medium
Tamil Nadu,Salem,Small,1328.59,47.25,65.64,1008.55,1.27,2385.06,14.831,Medium
Karnataka,Bengaluru,Small,1674.55,76.74,52.39,1318.13,3.9,2231.61,15.174,Medium
Tamil Nadu,Dharmapuri,Small,1062.69,72.14,30.14,2197.94,7.71,2561.83,10.963,Medium
Tamil Nadu,Chennai,Medium,3382.03,74.53,50.47,1732.77,9.08,2402.53,13.769,Medium
Andhra Pradesh,Guntur,Medium,2008.25,90.12,50.61,1272.68,5.36,1835.08,11.743,Medium
Rajasthan,Makrana,Large,5254.2,80.39,63.21,,5.77,2036.24,19.634,High
Karnataka,Chitradurga,Small,2187.27,60.36,59.6,2029.86,8.31,2377.03,12.231,Medium
Tamil Nadu,Dharmapuri,Large,6080.09,60.15,78.17,2227.83,4.13,2352.43,21.491,High
Tamil Nadu,Krishnagiri,Medium,3201.07,74.91,70.17,2080.65,7.68,2674.56,18.443,High
Rajasthan,Jodhpur,Large,4834.29,69.41,81.3,1939.98,7.1,2148.64,21.057,High
Telangana,Nizamabad,Large,4234.75,93.37,59.53,2355.64,6.06,1628.11,17.551,High
Karnataka,Chitradurga,Medium,3006.15,61.31,69.31,2545.93,8.59,2023.36,11.083,Medium
Gujarat,Bhavnagar,Small,1311.35,71.73,59.1,1141.14,5.88,1691.29,3.977,High
Karnataka,Chitradurga,Small,1695.44,53.77,70.09,936.51,4.7,2282.75,11.258,Medium
Rajasthan,Jodhpur,Small,2067.39,55.0,35.01,2063.1,5.84,1755.87,7.944,Low
Rajasthan,Jodhpur,Large,4802.42,75.41,92.0,1208.39,5.07,2173.8,19.153,High
Gujarat,Rajkot,Large,3691.38,98.0,59.4,2311.38,5.12,1287.38,14.991,Medium
Karnataka,Ramanagara,Medium,2566.06,59.36,53.57,2195.22,5.7,2090.3,13.986,Medium
Andhra Pradesh,Kadapa,Large,4802.73,87.47,69.29,2204.95,4.33,2492.34,19.671,High
Gujarat,Rajkot,Large,3851.31,77.93,45.18,2352.04,5.38,1163.1,12.035,Medium
Karnataka,Hassan,Medium,2938.34,84.8,44.76,2263.23,8.04,2184.93,13.112,Medium
Rajasthan,Udaipur,Medium,2326.41,69.0,59.49,1701.09,8.29,2192.2,13.786,Medium
Andhra Pradesh,Kadapa,Medium,3080.15,61.11,31.21,1815.95,0.5,1816.71,9.93,Medium
Gujarat,Bhavnagar,Medium,1664.18,70.68,50.22,2066.58,1.07,1859.02,8.074,Medium
Tamil Nadu,Dharmapuri,Small,1760.81,53.21,52.66,1670.8,11.42,2210.29,7.037,Low
Andhra Pradesh,Kurnool,Medium,2252.87,64.35,51.61,2215.53,5.5,1712.64,6.698,Low
Karnataka,Bengaluru,Medium,2499.58,81.31,83.56,2317.89,6.66,2491.06,19.749,High
Karnataka,Hassan,Medium,3166.74,69.39,65.78,1585.88,2.82,1914.57,17.438,High
Tamil Nadu,Madurai,Large,5413.2,75.94,80.04,1637.65,6.48,2446.86,21.499,High
Telangana,Khammam,Small,1513.99,88.8,50.8,2227.36,3.13,2001.89,8.508,Medium
Tamil Nadu,Krishnagiri,Small,2304.01,67.92,61.4,1548.43,8.83,2370.03,13.593,Medium
Telangana,Khammam,Large,4839.85,87.11,68.13,1598.02,3.38,2287.85,19.775,Low
Tamil Nadu,Krishnagiri,Medium,3120.43,66.95,38.19,1379.97,3.38,2473.18,14.516,Medium
Andhra Pradesh,Ongole,Small,1101.75,81.48,57.59,1080.88,9.76,1938.8,8.794,Medium
Andhra Pradesh,Guntur,Medium,3085.61,94.18,45.61,1602.28,6.06,1894.28,13.85,Medium
Tamil Nadu,Krishnagiri,Medium,2814.06,50.56,73.05,1964.7,5.23,2301.85,15.062,Medium
Andhra Pradesh,Ongole,Large,4751.74,72.98,69.17,1213.35,2.87,2254.93,18.05,High
Gujarat,Ahmedabad,Medium,2264.18,72.57,45.14,1361.42,,1978.62,8.496,Medium
Rajasthan,Udaipur,Small,1485.43,67.06,82.21,1645.37,8.58,1855.14,8.163,Medium
Tamil Nadu,Chennai,Medium,3345.22,87.14,76.27,1508.37,5.46,2314.37,21.465,Medium
Rajasthan,Jodhpur,Large,4776.02,83.53,68.48,1256.55,1.82,2429.63,24.384,High
Andhra Pradesh,Kurnool,Medium,4895.925379217717,60.81,61.65,1968.92,10.96,1867.72,8.106,Medium
Rajasthan,Jodhpur,Large,5203.01,96.61,76.82,2537.22,5.91,2202.77,25.044,High
Rajasthan,Jaipur,Small,2207.35,94.31,45.9,1939.85,13.14,2064.66,9.853,Medium
Telangana,Khammam,Large,4922.42,66.2,71.08,1720.27,6.13,1622.5,15.231,Medium
Rajasthan,Jodhpur,Medium,2337.81,64.19,55.72,1668.26,3.63,2101.97,12.062,Medium
Tamil Nadu,Chennai,Medium,3123.7,84.94,40.91,1231.05,5.1,2347.29,17.394,High
Telangana,Nizamabad,Small,1141.82,82.22,46.82,1891.41,7.62,1607.23,6.795,Low
Andhra Pradesh,Ongole,Large,4920.64,97.14,54.07,1300.25,5.46,1576.83,16.496,High
Gujarat,Surat,Medium,2324.57,98.0,23.18,1712.3,8.56,1365.87,8.542,Medium
Gujarat,Rajkot,Large,4289.97,83.22,79.24,2007.56,5.21,1884.33,17.362,High
Tamil Nadu,Madurai,Small,1673.1,89.04,45.51,1931.7,7.74,2668.31,13.95,Medium
Rajasthan,Jaipur,Small,1699.68,98.0,48.23,2497.05,8.41,1961.04,10.217,Medium
Rajasthan,Kishangarh,Small,1331.05,75.66,72.85,2010.02,1.88,2406.54,16.568,High
Tamil Nadu,Dharmapuri,Medium,3114.27,65.03,45.49,2365.07,2.84,2262.29,15.235,High
Rajasthan,Udaipur,Medium,2450.54,75.14,53.71,2453.25,1.74,1816.4,17.828,High
Telangana,Khammam,Medium,2681.52,94.38,30.88,2271.84,8.32,1387.43,6.759,Low
Rajasthan,Jodhpur,Medium,2576.0,95.69,46.55,1974.57,9.08,1992.43,14.531,Medium
Andhra Pradesh,Guntur,Large,4583.96,83.27,58.93,1745.5,3.83,2223.72,22.047,High
Rajasthan,Jaipur,Small,2250.53,69.25,67.31,2204.0,9.14,2012.72,12.937,Medium
Rajasthan,Jaipur,Small,2005.47,57.74,31.37,2008.58,8.89,1908.94,6.621,Low
Rajasthan,Jaipur,Large,4597.59,81.37,83.71,1970.3,7.62,2349.75,19.22,High
Telangana,Hyderabad,Medium,1956.51,61.92,92.0,2421.4,13.93,1550.27,9.984,Medium
Telangana,Karimnagar,Medium,2746.84,59.41,83.11,1853.76,10.76,2129.69,9.815,Medium
Tamil Nadu,Chennai,Medium,3136.35,77.18,20.0,1199.64,10.36,1973.71,11.209,Medium
Gujarat,Surat,Medium,2624.83,61.65,61.62,1106.52,10.13,1856.68,11.464,High
Karnataka,Chitradurga,Small,984.92,78.45,73.73,2264.4,9.25,2427.35,15.272,Medium
Rajasthan,Kishangarh,Medium,3134.71,84.44,49.5,2796.68,7.26,2296.23,14.246,Medium
Karnataka,Bengaluru,Large,4660.87,65.75,69.13,1498.18,4.75,2327.23,19.391,High
Karnataka,Hassan,Medium,3348.58,65.37,63.63,1252.01,8.03,2322.71,12.105,Medium
Karnataka,Chitradurga,Small,1232.89,57.32,65.97,2692.87,3.86,2696.73,12.582,Medium
Rajasthan,Jaipur,Medium,2497.78,75.17,48.71,1956.16,8.75,1841.89,12.049,Medium
Tamil Nadu,Krishnagiri,Small,2321.4,54.51,81.76,828.18,4.2,2595.65,17.91,High
Andhra Pradesh,Nellore,Small,2161.9,83.65,65.25,878.05,7.68,1945.38,7.947,Low
Tamil Nadu,Salem,Large,5556.88,85.71,45.47,1984.48,3.98,2797.74,20.131,High
Telangana,Karimnagar,Small,1361.01,97.1,38.81,1594.66,10.32,1560.91,6.676,Low
Tamil Nadu,Dharmapuri,Large,5386.42,98.0,67.71,1773.5,7.41,2662.47,24.575,High
Andhra Pradesh,Kurnool,Medium,2878.86,59.98,52.47,1492.08,2.69,2045.76,11.812,Medium
Rajasthan,Udaipur,Medium,3019.88,97.76,51.39,2218.89,5.18,1919.4,15.401,Medium
Telangana,Karimnagar,Medium,2159.93,66.47,50.61,1065.24,10.49,1998.74,8.842,Medium
Tamil Nadu,Madurai,Small,901.13,63.94,31.13,2157.72,7.14,2160.06,11.331,Medium
Gujarat,Rajkot,Medium,1923.63,68.92,53.97,970.18,7.8,1515.73,8.79,Medium
Telangana,Warangal,Large,3653.74,73.08,67.21,2263.4,0.98,1859.37,17.148,High
Andhra Pradesh,Kurnool,Medium,2980.09,98.0,76.77,1490.11,3.93,2406.45,19.046,High
Tamil Nadu,Krishnagiri,Medium,3314.54,40.47,74.21,1098.25,9.34,2573.41,14.139,Medium
Karnataka,Hassan,Large,5221.55,98.0,72.03,1677.28,4.34,2102.46,23.486,High
Andhra Pradesh,Nellore,Small,1373.42,87.38,57.87,993.85,5.56,1935.67,12.52,Medium
Karnataka,Chitradurga,Small,2323.25,76.4,26.7,1769.7,8.02,2009.84,11.731,Medium
Tamil Nadu,Chennai,Small,1981.96,66.29,64.52,761.93,6.62,2603.9,17.616,High
Andhra Pradesh,Nellore,Medium,2737.53,74.0,79.31,1856.3,0.5,2474.94,18.786,High
Karnataka,Hassan,Large,4985.28,90.34,79.97,1106.19,6.32,2183.69,24.173,High
Telangana,Karimnagar,Medium,2952.17,83.7,53.8,2627.31,6.88,1539.6,11.717,Medium
Rajasthan,Kishangarh,Large,4949.92,73.22,52.65,2934.99,6.6,2295.41,15.627,Medium
Rajasthan,Kishangarh,Medium,2652.14,78.79,39.98,2382.43,6.93,1999.14,14.169,Medium
Rajasthan,Kishangarh,Small,1232.23,65.73,50.27,2451.24,6.97,2153.45,11.122,Medium
Tamil Nadu,Dharmapuri,Small,2011.5,77.45,47.63,1841.41,9.31,2261.98,12.229,Medium
Karnataka,Chitradurga,Large,5515.11,96.07,33.05,1011.84,,1968.77,18.543,High
Andhra Pradesh,Ongole,Small,1670.89,78.77,30.44,2206.14,9.31,1481.85,4.489,Low
Andhra Pradesh,Guntur,Medium,2656.69,57.96,71.07,1835.01,7.68,2194.73,8.86,Medium
Andhra Pradesh,Guntur,Small,1257.78,74.77,80.3,2249.05,9.39,2065.39,9.585,Medium
Andhra Pradesh,Nellore,Small,1246.07,75.85,42.58,2058.72,8.6,1961.55,4.481,Low
Rajasthan,Kishangarh,Medium,2918.41,78.95,70.58,1683.17,3.41,2474.62,16.393,High
Telangana,Khammam,Small,1221.88,47.09,51.73,1664.01,8.32,1668.85,4.452,Low
Tamil Nadu,Madurai,Large,5240.86,68.03,69.38,1292.14,4.23,2639.47,21.439,High
Karnataka,Hassan,Medium,2838.4,49.81,41.55,1287.85,5.44,2184.82,9.374,Medium
Gujarat,Bhavnagar,Medium,2237.92,65.97,68.67,1792.17,8.2,1882.8,9.245,Medium
Andhra Pradesh,Nellore,Medium,2592.67,74.78,46.87,2333.19,7.01,1513.96,9.742,Medium
Telangana,Hyderabad,Medium,2965.61,64.94,57.85,1317.03,,1360.8,6.506,Low
Rajasthan,Udaipur,Large,4620.2,74.26,75.74,2030.66,0.5,2047.93,22.263,High
Andhra Pradesh,Guntur,Small,1105.83,56.39,61.24,1943.23,1.88,2499.52,10.671,Medium
Rajasthan,Jodhpur,Small,1163.76,57.65,36.56,1818.14,9.79,1853.03,3.132,Low
Tamil Nadu,Dharmapuri,Small,1797.7,63.0,46.06,2249.61,,2100.26,13.17,Medium
Karnataka,Ramanagara,Large,4987.68,91.01,60.61,1452.7,3.51,2711.98,26.729,High
Karnataka,Chitradurga,Large,4913.52,88.43,73.33,2398.69,8.46,2399.8,23.503,High
Tamil Nadu,Chennai,Small,1026.45,83.43,53.51,2276.54,9.01,2188.05,10.767,Medium
Rajasthan,Makrana,Medium,2619.4,79.64,69.4,2754.35,6.01,1803.88,11.569,Medium
Andhra Pradesh,Guntur,Small,972.3,86.61,72.32,1073.73,9.93,2012.15,10.039,Medium
Telangana,Hyderabad,Small,1639.97,57.98,54.08,1676.58,10.3,1652.5,6.608,Low
Gujarat,Surat,Medium,2054.54,88.33,77.16,1346.25,8.26,1961.1,13.238,Medium
Telangana,Khammam,Small,1464.3,83.3,66.37,2483.27,8.23,2104.95,11.03,Medium
Karnataka,Mysuru,Medium,2940.26,67.66,42.33,1961.93,6.86,2278.99,13.744,Medium
Telangana,Warangal,Medium,2876.22,86.37,59.62,1329.06,6.68,1712.43,17.279,High
Andhra Pradesh,Ongole,Medium,2282.54,84.69,75.22,1207.05,4.82,1991.27,19.471,High
Andhra Pradesh,Kurnool,Medium,2913.93,74.18,68.4,1426.45,2.92,2357.65,15.74,Medium
Telangana,Karimnagar,Medium,2634.17,75.91,59.95,,3.12,1870.34,13.863,Medium
Gujarat,Bhavnagar,Medium,2410.39,64.78,55.91,1406.04,7.03,1649.35,6.283,Low
Rajasthan,Jaipur,Small,1711.82,91.8,68.27,2446.43,6.82,2597.14,13.078,High
Andhra Pradesh,Nellore,Medium,2915.67,67.24,47.9,1765.01,0.5,1816.73,15.572,Medium
Tamil Nadu,Dharmapuri,Small,2016.27,78.46,56.17,1667.68,1.8,2715.47,15.782,Medium
Rajasthan,Jodhpur,Small,1376.89,73.32,54.99,1873.42,8.72,2090.62,12.189,Medium
Andhra Pradesh,Kurnool,Medium,2558.21,71.68,55.73,1154.12,7.11,1857.17,9.663,Medium
Tamil Nadu,Krishnagiri,Large,5122.03,59.95,73.95,1805.92,3.93,2676.41,19.429,Medium
Tamil Nadu,Madurai,Small,1852.47,81.57,64.49,2006.82,7.47,2064.47,18.482,High
Andhra Pradesh,Ongole,Small,1685.6,75.4,52.5,1768.43,6.11,1997.02,9.739,Medium
Andhra Pradesh,Guntur,Small,1285.68,92.82,34.39,1232.73,8.17,1574.65,8.738,Medium
Andhra Pradesh,Kurnool,Small,847.84,91.58,73.05,1169.82,7.32,2012.32,16.306,High
Gujarat,Rajkot,Medium,2096.07,90.81,55.23,1395.1,2.43,1738.83,12.832,Medium
Telangana,Warangal,Small,1267.95,83.69,50.42,1121.15,10.06,1681.24,7.89,Low
Telangana,Warangal,Large,4313.08,91.32,58.51,986.52,5.45,1662.68,17.863,High
Gujarat,Vadodara,Medium,3090.3,79.4,37.61,982.3,3.92,1686.9,10.718,Medium
Rajasthan,Jaipur,Medium,3065.93,83.81,72.81,2063.79,4.71,1916.02,17.379,High
Gujarat,Vadodara,Medium,2473.91,69.14,89.8,1738.51,4.79,2351.74,16.873,High
Tamil Nadu,Chennai,Small,1546.87,45.42,36.8,1107.62,9.95,2210.02,10.648,Medium
Andhra Pradesh,Guntur,Small,1479.28,80.29,20.0,1370.02,9.47,2013.91,5.311,Low
Rajasthan,Makrana,Medium,3054.55,81.03,70.13,2178.74,3.17,2278.02,16.086,Medium
Tamil Nadu,Krishnagiri,Small,1165.03,58.31,57.0,1711.78,6.96,2343.58,7.608,Low
Gujarat,Ahmedabad,Medium,2266.32,80.15,28.55,1844.78,6.95,1302.13,5.439,Low
Telangana,Karimnagar,Small,1707.33,80.74,38.45,1685.38,7.39,1853.57,5.882,Low
Telangana,Nizamabad,Small,1362.95,85.47,70.94,2435.33,9.49,1686.54,11.346,Medium
Karnataka,Bengaluru,Small,1582.05,68.31,59.88,1395.39,,2001.94,11.61,Medium
Karnataka,Mysuru,Small,1284.07,60.15,64.57,1709.11,7.63,2251.2,12.644,Medium
Tamil Nadu,Madurai,Large,5715.95,70.01,46.48,2203.67,8.82,2325.41,17.834,Low
Karnataka,Bengaluru,Small,905.85,70.59,58.93,2045.76,7.91,2052.19,9.732,Medium
Tamil Nadu,Madurai,Large,5475.78,77.68,62.34,2107.74,6.2,2509.19,19.372,High
Rajasthan,Jodhpur,Medium,2948.68,76.06,77.58,2409.39,8.12,1775.74,3.198398525097156,Medium
Tamil Nadu,Chennai,Large,5434.68,79.14,58.33,1823.79,6.29,2269.68,20.398,High
Tamil Nadu,Dharmapuri,Medium,2487.82,77.38,41.68,1433.31,9.74,1997.69,13.689,Medium
Karnataka,Chitradurga,Large,4715.76,62.72,68.15,2205.37,3.15,2402.45,21.087,High
Andhra Pradesh,Ongole,Small,1356.24,81.32,59.81,1478.32,7.67,2201.96,9.606,Medium
Telangana,Karimnagar,Medium,1881.15,66.9,54.54,2425.43,2.83,1526.94,8.659,Medium
Rajasthan,Jaipur,Small,1465.84,71.8,54.31,2184.23,4.73,2160.94,13.325,Medium
Tamil Nadu,Krishnagiri,Medium,3212.55,54.53,74.14,1462.06,2.63,2593.07,17.644,High
Rajasthan,Jodhpur,Medium,3102.71,86.31,61.31,1842.69,7.4,1980.23,16.761,High
Andhra Pradesh,Guntur,Medium,2445.54,70.16,54.33,2290.38,6.91,2042.63,13.213,Medium
Karnataka,Chitradurga,Small,1492.95,77.46,52.03,2312.08,3.35,1914.95,13.692,Medium
Karnataka,Mysuru,Small,1272.76,57.7,59.17,1141.96,6.67,2006.19,10.239,Medium
Rajasthan,Makrana,Medium,2657.65,68.09,60.41,2539.99,2.06,2047.94,15.267,Medium
Karnataka,Mysuru,Medium,3197.94,59.36,64.34,2192.79,3.23,2052.51,16.02,High
Andhra Pradesh,Nellore,Small,1336.05,77.22,65.54,1860.77,9.55,2030.54,9.824,Medium
Tamil Nadu,Salem,Large,5538.95,86.03,72.08,1049.03,4.5,2480.77,26.994,High
Rajasthan,Jaipur,Large,4944.13,62.8,81.27,2774.38,7.83,2345.83,20.067,High
Rajasthan,Jaipur,Large,4556.82,81.49,63.94,2419.76,2.9,2441.91,20.53,High
Andhra Pradesh,Kurnool,Large,4280.78,75.71,58.87,1861.12,0.5,2295.99,20.882,High
Telangana,Khammam,Small,2025.9,80.46,73.24,2096.3,7.48,1972.28,8.788,Medium
Karnataka,Hassan,Large,4916.11,63.21,36.84,1936.56,7.18,1967.71,14.592,Medium
Telangana,Warangal,Medium,1741.61,77.09,64.42,1706.1,5.25,1936.4,10.029,Medium
Andhra Pradesh,Guntur,Small,1001.25,67.12,43.39,880.93,9.55,1744.01,6.117,Low
Andhra Pradesh,Kurnool,Large,4138.54,80.71,78.91,1895.47,4.66,2238.73,21.937,High
Telangana,Hyderabad,Small,1008.8,98.0,38.04,1556.82,8.42,1877.43,6.771,Low
Karnataka,Bengaluru,Medium,2588.88,55.1,61.82,1438.45,4.91,2041.8,12.419,Medium
Rajasthan,Udaipur,Small,2184.62,77.14,62.4,1931.49,10.32,1797.01,14.434,Medium
Telangana,Karimnagar,Medium,2663.02,76.33,71.25,2210.18,4.38,1718.04,11.665,Medium
Karnataka,Bengaluru,Medium,2885.69,81.74,44.77,2511.85,6.3,2399.04,17.209,Medium
Tamil Nadu,Chennai,Medium,2861.84,86.23,49.45,1130.84,4.7,2795.63,18.572,High
Tamil Nadu,Chennai,Small,1506.58,77.95,62.9,1899.55,9.25,2071.23,14.403,Medium
Andhra Pradesh,Guntur,Medium,3148.62,76.27,68.21,1839.13,1.57,2359.99,14.551,Medium
Andhra Pradesh,Kadapa,Medium,2362.66,98.0,30.8,2109.67,4.5,1559.57,12.181,Medium
Rajasthan,Jaipur,Small,1124.92,73.72,42.8,2768.93,8.63,1884.03,3.547,Low
Rajasthan,Jaipur,Large,5243.99,73.73,77.42,2231.15,9.62,2487.26,19.296,High
Rajasthan,Makrana,Medium,3024.97,60.43,54.6,2159.9,,2156.42,10.53,Medium
Karnataka,Ramanagara,Large,5436.01,69.56,47.35,2453.37,5.53,2350.37,15.369,Medium
Andhra Pradesh,Guntur,Small,1343.37,82.07,49.45,1540.88,5.65,1760.42,9.688,Medium
Rajasthan,Jodhpur,Small,1457.0,78.72,51.82,2168.49,4.51,2294.48,8.772,Medium
Andhra Pradesh,Kurnool,Small,1961.11,77.64,41.76,1590.48,12.55,1738.12,6.605,Low
Gujarat,Surat,Medium,2425.55,79.58,77.64,1172.81,5.89,1834.54,15.561,Medium
Karnataka,Hassan,Small,1506.13,70.83,48.44,2446.03,10.09,2256.49,7.513,Low
Telangana,Warangal,Medium,2616.8,98.0,59.77,1944.99,4.6,1734.55,13.53,Medium
Rajasthan,Makrana,Small,1316.9,77.68,46.1,1637.18,6.35,2447.25,11.161,High
Karnataka,Hassan,Small,1728.31,80.93,34.26,981.09,5.92,1860.74,13.781,Medium
Telangana,Karimnagar,Medium,2598.52,74.96,68.74,2300.43,7.24,2022.97,11.919,Medium
Gujarat,Rajkot,Large,4309.0,74.91,61.79,,3.33,1809.02,13.909,Medium
Andhra Pradesh,Kadapa,Small,1279.25,70.35,20.0,1314.74,10.76,1825.63,3.266,Low
Tamil Nadu,Salem,Medium,3215.15,61.15,36.43,2501.86,8.27,2299.37,11.78,Medium
Telangana,Khammam,Medium,2022.03,58.75,54.34,,4.63,1947.47,10.198,Low
Rajasthan,Kishangarh,Medium,3375.25,85.6,71.81,2190.35,7.04,1996.63,17.773,High
Gujarat,Ahmedabad,Large,3526.95,73.67,74.94,1491.1,5.53,1822.41,16.753,High
Rajasthan,Kishangarh,Large,4236.82,80.02,73.22,1713.24,8.02,2138.63,21.17,High
Karnataka,Hassan,Small,2307.43,94.5,51.97,1783.18,6.33,2012.0,13.767,Medium
Tamil Nadu,Dharmapuri,Medium,3011.8,88.1,63.47,952.36,4.87,2357.15,23.601,High
Tamil Nadu,Chennai,Medium,3095.68,72.73,62.69,952.8,3.74,2546.35,21.848,High
Karnataka,Hassan,Medium,2183.0,72.61,50.74,1403.93,4.37,2170.07,17.57,High
Telangana,Warangal,Small,1379.27,67.55,43.74,1550.89,5.98,1625.18,10.544,Medium
Telangana,Nizamabad,Large,4793.04,98.0,65.89,1834.09,7.28,1632.88,19.214,High
Andhra Pradesh,Kadapa,Medium,2913.57,79.59,45.73,2335.0,0.5,2183.82,16.537,High
Andhra Pradesh,Kadapa,Small,925.67,98.0,29.6,1258.33,7.24,1691.49,7.603,Low
Tamil Nadu,Madurai,Small,1325.4,56.83,64.34,1486.16,5.94,2357.96,13.767,Medium
Telangana,Nizamabad,Large,4318.37,74.71,77.38,,2.43,2075.38,18.293,High
Andhra Pradesh,Guntur,Small,1760.58,87.83,23.06,2293.72,11.98,1691.35,5.153,Low
Telangana,Hyderabad,Medium,2130.8,88.11,40.43,1394.3,4.82,1359.6,12.962,Medium
Tamil Nadu,Madurai,Small,1849.07,82.58,53.17,2027.79,9.12,1766.62,8.0,Medium
Karnataka,Hassan,Small,1205.68,67.48,30.11,847.64,11.47,2363.77,8.254,Medium
Rajasthan,Jodhpur,Small,1290.18,57.45,56.98,1845.04,8.2,2064.44,7.639,Low
Rajasthan,Udaipur,Small,763.12,74.59,68.79,1711.57,12.46,2195.78,11.43,Medium
Tamil Nadu,Salem,Small,2033.13,83.62,44.75,1023.41,10.96,2503.28,10.447,Medium
Rajasthan,Udaipur,Medium,2694.15,91.58,65.43,2000.84,6.39,1956.44,14.875,Medium
Rajasthan,Jaipur,Medium,2984.83,71.28,49.42,1960.98,7.71,1815.45,12.654,Medium
Rajasthan,Kishangarh,Small,602.6,70.85,40.33,,9.47,2061.61,5.335,Low
Rajasthan,Kishangarh,Medium,2586.11,73.07,68.19,1665.76,5.52,2237.95,18.227,High
Andhra Pradesh,Guntur,Medium,2798.77,69.78,65.49,1698.47,8.16,1894.06,10.702,Medium
Rajasthan,Kishangarh,Medium,2076.92,86.07,39.53,2647.06,5.46,2001.86,12.115,Medium
Telangana,Nizamabad,Medium,2226.99,72.01,40.74,1966.9,5.6,1808.96,12.729,Medium
Andhra Pradesh,Ongole,Medium,2551.34,73.45,28.47,2334.31,,1252.62,4.888,Low
Rajasthan,Makrana,Large,4860.53,87.43,89.54,1417.76,3.66,2394.29,28.0,High
Telangana,Karimnagar,Medium,2819.96,68.0,52.43,2478.46,4.38,1742.23,10.531,Medium
Telangana,Khammam,Small,1717.44,62.0,40.0,2226.45,15.17,1187.98,1.632,Low
Andhra Pradesh,Ongole,Medium,3717.56,90.16,70.6,1426.33,5.06,1897.77,16.236,High
Rajasthan,Udaipur,Small,1220.27,71.56,23.99,1647.07,9.05,1812.86,9.318,Medium
Rajasthan,Udaipur,Small,1632.2,85.43,48.66,1471.08,8.09,1689.36,11.539,Medium
Andhra Pradesh,Ongole,Medium,3027.96,90.86,53.97,1586.74,3.38,2509.61,18.039,High
Telangana,Hyderabad,Medium,1980.33,53.58,45.49,2628.77,6.8,1701.0,5.945,Low
Tamil Nadu,Krishnagiri,Small,2107.89,69.16,31.4,2150.44,6.07,2654.58,7.542,Low
Andhra Pradesh,Ongole,Large,4847.09,79.17,64.48,2248.96,2.6,1781.58,19.413,High
Andhra Pradesh,Kadapa,Small,1008.02,75.47,46.52,1552.5,8.63,1591.2,10.115,Medium
Tamil Nadu,Krishnagiri,Small,1203.56,78.04,38.2,1350.62,6.31,1926.24,10.558,Medium
Gujarat,Vadodara,Large,3624.76,80.51,45.66,1597.35,2.51,1920.45,14.466,Medium
Tamil Nadu,Salem,Medium,3247.73,82.72,34.91,1947.76,3.3,2538.39,18.33,High
Andhra Pradesh,Kadapa,Large,4846.48,81.63,82.99,1139.49,5.45,2179.81,22.603,High
Gujarat,Ahmedabad,Large,3834.32,85.9,40.98,1419.39,12.93,1328.07,7.167,Low
Gujarat,Surat,Large,4042.61,65.17,68.7,1974.0,8.05,2098.62,14.37,Medium
Telangana,Warangal,Small,1402.44,65.45,45.85,2267.0,3.0,2245.5,6.271,Low
Gujarat,Rajkot,Small,1385.99,68.84,44.33,2325.16,6.61,1899.97,4.126,Low
Tamil Nadu,Madurai,Medium,3160.48,73.46,52.19,607.48,5.26,2146.98,19.912,High
Tamil Nadu,Madurai,Medium,3415.04,70.94,52.01,2185.39,4.7,2683.34,19.922,High
Telangana,Hyderabad,Medium,2501.29,80.81,51.74,1563.86,6.87,1932.58,11.625,Medium
Rajasthan,Udaipur,Small,1333.5,91.02,66.41,2345.28,8.77,2119.97,14.321,Medium
Rajasthan,Kishangarh,Small,1473.06,61.49,44.28,1527.77,7.53,1794.43,10.214,Medium
Tamil Nadu,Krishnagiri,Medium,2817.15,71.21,48.7,2084.38,1.59,2496.02,16.469,High
Andhra Pradesh,Ongole,Small,1451.5,61.48,71.16,2019.13,6.2,2242.14,12.447,Medium
Rajasthan,Makrana,Small,1820.84,60.14,38.07,2232.2,6.3,2104.46,9.512,Medium
Rajasthan,Jodhpur,Small,1442.78,69.98,50.49,2807.16,2.79,2097.78,8.747,Medium
Andhra Pradesh,Nellore,Small,2116.65,58.6,47.49,921.54,5.47,1840.92,9.292,Medium
Rajasthan,Udaipur,Medium,3226.94,74.53,77.05,2203.59,,1970.6,16.3,High
Tamil Nadu,Salem,Medium,2930.95,73.74,78.97,1873.53,3.6,2724.07,18.34,High
Telangana,Warangal,Small,1104.82,74.05,25.25,2341.63,11.49,1223.34,3.967,Medium
Tamil Nadu,Chennai,Small,1317.72,76.71,63.48,1731.82,11.95,2317.15,9.827,Medium
Rajasthan,Jodhpur,Medium,3074.17,56.2,27.91,2260.57,10.93,2199.48,8.995,Medium
Telangana,Nizamabad,Small,1111.49,59.77,20.18,1496.24,7.37,1955.07,7.08,Low
Karnataka,Chitradurga,Large,4511.14,87.96,35.84,1826.01,9.08,1977.1,15.366,Medium
Rajasthan,Kishangarh,Medium,2288.27,63.69,41.64,2708.62,8.15,2121.53,10.49,Medium
Andhra Pradesh,Nellore,Large,4165.28,52.15,57.98,2190.58,3.15,2803.48,15.338,Medium
Tamil Nadu,Chennai,Medium,3330.66,98.0,35.72,1638.53,7.98,2713.98,18.328,Medium
Andhra Pradesh,Kadapa,Small,1523.47,88.46,32.57,1204.49,9.16,1652.71,13.139,Low
Andhra Pradesh,Nellore,Medium,2769.64,80.79,67.46,1129.71,6.14,1710.08,13.315,Medium
Tamil Nadu,Chennai,Small,1309.42,66.34,48.82,1812.32,9.83,2342.17,7.978,Low
Rajasthan,Jodhpur,Small,1619.66,52.77,65.23,3043.07,8.28,2623.88,10.452,Medium
Tamil Nadu,Krishnagiri,Small,2241.79,76.56,62.18,1156.14,,2205.95,14.927,Medium
Tamil Nadu,Salem,Medium,2998.69,56.38,64.15,2414.54,5.78,2011.05,12.979,Medium
Telangana,Hyderabad,Small,1315.89,90.64,68.14,1296.31,11.83,2002.24,8.185,Medium
Tamil Nadu,Madurai,Small,1487.41,75.76,49.23,1404.26,10.74,2389.38,12.555,Medium
Tamil Nadu,Dharmapuri,Medium,3125.17,79.37,37.82,1750.06,9.18,2316.45,18.467,High
Tamil Nadu,Madurai,Large,5570.02,82.99,45.19,1059.47,3.02,2491.78,23.574,High
Rajasthan,Makrana,Small,1676.18,98.0,20.0,2804.27,4.75,1824.42,9.561,Medium
Rajasthan,Jodhpur,Medium,2676.2,78.23,66.35,1620.84,5.32,1898.3,15.316,Medium
Karnataka,Hassan,Small,1683.16,64.99,55.58,1594.36,10.14,2278.7,9.98,Medium
Tamil Nadu,Dharmapuri,Large,5615.33,79.9,24.95,1305.12,5.68,2193.19,17.753,High
Andhra Pradesh,Ongole,Small,1310.98,62.44,61.94,2054.87,6.67,2378.11,10.244,Medium
Tamil Nadu,Dharmapuri,Large,5433.67,68.93,59.36,930.35,4.51,2352.72,22.365,Medium
Rajasthan,Jodhpur,Small,1652.55,90.3,41.03,2448.55,7.35,2018.71,10.407,Medium
Rajasthan,Jodhpur,Large,5374.8,81.66,49.87,1141.49,4.71,1715.37,18.854,High
Tamil Nadu,Dharmapuri,Small,1530.0,87.15,46.11,1239.41,9.77,2074.94,12.285,Medium
Gujarat,Bhavnagar,Small,1279.7,66.43,64.71,814.22,10.87,1887.1,5.541,Low
Karnataka,Ramanagara,Small,1197.19,82.66,57.56,1912.15,6.09,2641.89,11.425,Medium
Tamil Nadu,Dharmapuri,Small,1532.16,68.16,35.6,,4.9,2315.97,11.497,Medium
Tamil Nadu,Salem,Large,5827.88,77.58,92.0,1220.01,4.57,2563.84,23.896,High
Rajasthan,Kishangarh,Medium,2576.74,74.13,65.55,2045.83,5.6,1778.69,12.947,Medium
Tamil Nadu,Salem,Medium,3066.87,75.54,74.44,1609.75,7.1,2541.11,20.804,High
Karnataka,Ramanagara,Large,4737.83,79.84,80.05,1796.05,3.59,2805.17,23.745,High
Tamil Nadu,Krishnagiri,Medium,2895.54,84.52,70.15,1525.42,11.12,2341.12,18.137,High
Andhra Pradesh,Nellore,Large,4171.74,62.36,72.21,2149.44,4.31,1855.02,14.061,Medium
Gujarat,Surat,Small,1145.71,81.98,48.97,1928.58,6.73,1423.68,6.412,Low
Telangana,Warangal,Large,4405.01,70.03,70.83,1283.26,6.13,2090.02,16.198,High
Telangana,Khammam,Small,1285.89,64.22,40.79,1606.81,6.05,1695.86,6.712,Low
Andhra Pradesh,Nellore,Medium,2903.49,98.0,21.31,1779.42,11.11,1585.72,9.728,Medium
Tamil Nadu,Dharmapuri,Medium,3134.0,66.14,73.53,2023.93,10.41,2647.44,15.976,Medium
Tamil Nadu,Madurai,Medium,2729.76,56.49,88.37,1731.29,2.41,2630.85,17.614,High
Karnataka,Bengaluru,Medium,2656.48,85.55,51.39,1831.46,,1900.32,13.846,Medium
Rajasthan,Makrana,Small,658.44,70.66,74.28,2212.22,8.48,2260.63,10.281,Medium
Gujarat,Rajkot,Large,3734.69,91.24,88.47,1368.12,4.53,1852.61,17.253,High
Telangana,Warangal,Large,4086.24,51.56,58.6,1635.88,3.91,1998.24,13.544,Medium
Telangana,Warangal,Large,4050.51,98.0,80.98,1981.35,4.87,2259.41,20.277,High
Rajasthan,Udaipur,Large,5615.55,89.98,77.66,2060.39,5.16,2354.93,22.553,Low
Gujarat,Ahmedabad,Medium,2425.99,70.67,51.34,1970.09,7.27,1407.88,7.856,Low
Andhra Pradesh,Ongole,Large,4949.49,56.29,77.44,2187.59,4.93,2012.09,14.196,Medium
Karnataka,Bengaluru,Large,5515.36,69.22,66.56,2288.95,6.43,2170.26,17.196,High
Telangana,Warangal,Medium,2318.98,62.84,38.87,1840.09,9.45,1602.63,4.248,Low
Rajasthan,Jodhpur,Medium,2860.12,84.88,88.29,2600.4,2.84,2223.71,20.461,High
Telangana,Karimnagar,Large,4366.23,68.14,62.29,2564.23,6.85,1752.71,14.485,Medium
Andhra Pradesh,Guntur,Medium,2567.35,51.26,59.33,2150.12,3.2,1929.55,9.646,Medium
Tamil Nadu,Chennai,Medium,2878.19,74.85,86.79,1860.71,8.19,2499.35,21.144,High
Rajasthan,Jodhpur,Small,1970.39,84.89,52.14,2073.78,5.64,2065.24,13.447,Medium
Telangana,Warangal,Large,4355.46,98.0,56.34,1627.29,4.63,1719.08,16.947,High
Tamil Nadu,Dharmapuri,Large,4773.24,69.51,72.32,1392.4,2.27,2319.62,23.17,High
Rajasthan,Jodhpur,Small,1615.45,65.59,44.75,2419.36,9.99,1902.27,9.267,Medium
Gujarat,Rajkot,Small,1231.18,38.16,64.22,2219.15,7.34,1611.71,3.753,Low
Tamil Nadu,Krishnagiri,Small,1438.49,58.65,40.5,1800.65,10.77,2422.84,7.441,Low
Tamil Nadu,Chennai,Medium,2803.67,61.9,53.08,1469.68,4.13,2435.68,15.519,Medium
Telangana,Hyderabad,Small,1011.75,62.83,48.43,2189.93,10.87,1882.96,3.248,Low
Telangana,Nizamabad,Medium,1731.95,70.13,41.11,2387.35,5.59,1744.12,4.641,Low
Tamil Nadu,Chennai,Large,4796.71,87.42,53.03,1660.09,3.07,2566.79,20.864,High
Telangana,Nizamabad,Medium,2335.01,80.85,51.4,2205.62,7.09,1749.02,11.352,Medium
Andhra Pradesh,Guntur,Small,1463.03,64.87,32.53,2424.96,6.76,1969.18,5.298,Low
Telangana,Karimnagar,Large,3904.36,78.26,58.05,2020.35,9.18,2102.23,13.368,Medium
Rajasthan,Makrana,Medium,2403.67,58.93,68.83,2643.91,2.44,2434.83,14.74,Medium
Andhra Pradesh,Ongole,Small,1271.62,64.57,20.22,2347.02,9.07,1775.11,3.122,Low
Gujarat,Vadodara,Medium,2724.92,58.58,72.79,2384.56,8.9,1552.24,8.783,Medium
Andhra Pradesh,Ongole,Medium,2981.41,59.43,48.56,1771.15,5.73,1777.82,11.42,Medium
Tamil Nadu,Dharmapuri,Large,5666.6,98.0,74.28,1667.26,1.85,2653.67,26.356,High
Rajasthan,Jaipur,Large,4508.33,83.77,83.78,2369.31,6.55,2158.67,21.67,High
Gujarat,Bhavnagar,Small,1112.73,65.52,39.67,1072.15,7.19,1952.66,4.125,Low
Andhra Pradesh,Ongole,Small,1874.13,84.26,58.68,2208.09,9.16,1952.09,7.264,Low
Andhra Pradesh,Nellore,Small,1024.49,66.59,36.65,1513.73,,1723.76,5.113,Low
Rajasthan,Jaipur,Medium,2532.3,92.52,42.22,1835.14,6.92,1716.54,13.105,Medium
Rajasthan,Udaipur,Medium,2704.85,79.75,60.78,2122.21,6.07,2264.34,14.768,Medium
Tamil Nadu,Salem,Medium,2516.66,62.87,54.77,1184.11,5.24,2485.53,14.611,Medium
Karnataka,Mysuru,Small,1630.42,88.11,60.47,1243.08,8.7,2068.09,14.108,Medium
Andhra Pradesh,Kadapa,Large,5075.45,88.81,49.2,2543.26,7.18,1734.57,13.503,Medium
Telangana,Karimnagar,Large,4671.55,86.62,80.59,1745.21,4.11,1823.1,20.649,High
Tamil Nadu,Chennai,Small,1572.41,83.84,46.44,970.79,4.54,2379.43,16.956,High
Rajasthan,Kishangarh,Medium,3134.79,81.12,55.82,2131.91,3.7,2179.55,16.764,High
Telangana,Karimnagar,Medium,1788.03,82.67,34.36,2298.66,9.04,1417.02,7.582,Low
Gujarat,Bhavnagar,Small,1353.06,66.02,44.44,1404.66,5.92,2009.11,6.394,Low
Andhra Pradesh,Ongole,Small,1385.73,85.29,61.09,1620.31,5.06,1965.52,10.493,Medium
Andhra Pradesh,Ongole,Small,1293.44,69.88,44.95,1370.2,14.35,1546.78,4.178,Low
Tamil Nadu,Chennai,Small,1792.51,89.57,46.74,1395.03,7.02,2060.09,16.603,High
Tamil Nadu,Salem,Medium,3176.42,77.89,87.79,2612.94,7.68,2747.93,16.207,High
Andhra Pradesh,Guntur,Small,899.91,72.63,46.04,,7.12,1600.69,6.367,Low
Rajasthan,Udaipur,Small,1141.97,79.65,30.87,1988.33,10.18,1783.46,8.06,Medium
Tamil Nadu,Krishnagiri,Medium,2956.25,74.23,32.32,1918.13,9.44,1965.06,11.002,Medium
Telangana,Khammam,Small,865.53,88.6,74.06,1968.31,9.14,1753.8,10.66,Medium
Karnataka,Ramanagara,Medium,2841.99,85.35,41.51,1151.63,7.0,2245.71,14.212,Medium
Andhra Pradesh,Guntur,Medium,2939.26,76.76,60.8,956.06,4.88,1913.44,13.584,Medium
Tamil Nadu,Dharmapuri,Medium,3705.73,39.34,51.78,1340.83,4.52,2225.57,14.647,Medium
Gujarat,Surat,Large,3821.03,90.56,76.34,1640.33,7.15,1479.05,16.061,High
Andhra Pradesh,Kadapa,Small,1845.45,75.87,49.61,2430.07,1.74,1773.93,9.74,Medium
Andhra Pradesh,Nellore,Medium,2398.63,98.0,49.36,1723.76,5.33,1737.45,15.573,Medium
Telangana,Khammam,Small,773.63,59.2,62.55,2334.89,9.58,1833.38,4.512,Low
Tamil Nadu,Dharmapuri,Large,5251.11,74.39,50.25,2419.07,,2447.31,21.622,High
Telangana,Warangal,Large,4233.42,61.67,71.54,2275.24,4.0,1634.8,15.783,Medium
Telangana,Karimnagar,Small,1403.11,67.29,63.55,1627.39,5.05,1917.14,8.626,Medium
Rajasthan,Udaipur,Medium,2947.6,90.16,33.66,2374.94,1.61,2179.99,14.432,Medium
Telangana,Khammam,Small,1200.75,52.33,92.0,1535.64,7.92,2068.7,10.13,Medium
Andhra Pradesh,Kurnool,Large,4777.71,63.52,60.88,1228.86,6.63,1497.23,16.766,High
Karnataka,Mysuru,Small,1351.07,80.09,43.56,938.93,9.7,2127.64,11.014,Medium
Tamil Nadu,Dharmapuri,Large,5508.14,77.68,87.98,892.75,11.54,2517.95,26.538,High
Gujarat,Bhavnagar,Small,1176.16,77.08,32.25,1263.07,9.36,1487.01,4.943,Low
Tamil Nadu,Krishnagiri,Medium,3183.63,41.4,46.63,2024.09,7.45,2693.66,11.336,Medium
Tamil Nadu,Salem,Large,5469.04,93.09,68.9,2011.03,1.82,2300.73,22.969,High
Karnataka,Chitradurga,Large,4527.58,76.05,54.42,1900.33,4.34,2591.23,17.948,High
Gujarat,Vadodara,Small,1225.21,61.42,47.69,1548.72,9.89,1102.09,2.818,Low
Tamil Nadu,Chennai,Medium,2939.28,78.79,70.85,1464.09,5.32,2417.11,21.33,High
Rajasthan,Jaipur,Small,1221.9,85.83,45.53,1588.47,9.99,2131.98,9.365,Medium
Andhra Pradesh,Kurnool,Medium,2297.0,74.54,78.54,1945.29,9.1,1797.23,13.371,Medium
Rajasthan,Jaipur,Small,1522.38,61.91,50.49,2289.67,12.86,2108.97,4.926,Low
Gujarat,Surat,Small,1188.41,73.06,57.85,1852.65,8.71,1542.2,1.0,Medium
Telangana,Karimnagar,Medium,1830.21,80.85,52.73,2392.66,5.0,1814.94,7.577,Low
Tamil Nadu,Dharmapuri,Small,1475.47,81.79,38.78,1160.28,10.45,2240.64,9.95,Low
Gujarat,Vadodara,Medium,1599.44,62.66,58.38,1517.85,2.97,1846.5,10.12,Medium
Andhra Pradesh,Kurnool,Small,1528.69,88.55,76.82,1734.4,13.01,2334.83,11.798,Medium
Tamil Nadu,Chennai,Small,2199.91,63.6,65.91,1155.89,6.34,2663.72,16.462,High
Rajasthan,Udaipur,Medium,2932.1,72.6,45.88,1915.93,3.35,2074.59,12.309,Medium
Andhra Pradesh,Ongole,Small,1377.32,70.03,55.76,2395.45,9.23,2019.64,6.789,Low
Andhra Pradesh,Kadapa,Small,1120.56,54.72,50.08,1276.32,8.81,1883.29,7.611,Low
Tamil Nadu,Madurai,Medium,2348.63,79.88,72.03,1959.8,7.62,2317.85,17.695,High
Rajasthan,Makrana,Medium,2863.22,77.33,64.4,1742.05,2.87,2246.34,15.191,Medium
Tamil Nadu,Salem,Medium,3173.25,67.38,33.99,1105.32,4.89,2430.12,15.003,Medium
Andhra Pradesh,Kurnool,Small,1358.83,81.44,57.24,2228.61,5.95,1700.81,10.051,Medium
Andhra Pradesh,Kadapa,Small,1803.32,72.69,45.74,2160.89,7.94,1739.82,7.225,Low
Telangana,Nizamabad,Large,4105.25,98.0,66.73,1600.71,7.12,2041.87,21.418,High
Tamil Nadu,Chennai,Large,5735.14,83.03,77.98,1892.96,6.02,2736.33,25.099,High
Rajasthan,Jaipur,Small,1393.58,79.81,49.94,1601.2,9.16,2081.94,12.953,Medium
Karnataka,Mysuru,Medium,2002.82,60.29,57.87,824.28,7.02,2044.61,15.876,Medium
Rajasthan,Jaipur,Small,1776.44,50.22,51.83,1739.06,11.28,2165.04,5.417,Low
Andhra Pradesh,Kadapa,Small,1245.94,82.65,48.55,1476.49,9.79,1475.44,7.077,Low
Gujarat,Surat,Small,563.0,51.57,49.27,1911.79,,1415.04,4.298,Low
Tamil Nadu,Madurai,Medium,3196.82,72.96,61.8,901.46,5.93,2704.79,19.102,High
Gujarat,Surat,Small,943.38,81.28,36.95,1316.79,10.57,1827.01,6.339,Low
Tamil Nadu,Krishnagiri,Large,4906.47,73.19,75.39,1484.41,4.44,2352.16,21.657,High
Andhra Pradesh,Kurnool,Medium,2943.32,61.42,31.11,2060.93,9.59,1445.05,5.663,Low
Andhra Pradesh,Ongole,Small,1277.15,52.2,62.04,1593.65,8.66,1652.67,5.815,Low
Tamil Nadu,Salem,Medium,2531.89,65.76,72.13,1483.58,6.85,2348.11,16.528,High
Andhra Pradesh,Ongole,Small,1421.36,64.77,68.01,1473.96,4.96,1999.22,9.521,Medium
Andhra Pradesh,Kadapa,Medium,3451.9,73.57,43.88,1517.8,3.36,1807.27,12.436,Medium
Telangana,Warangal,Small,1436.02,77.85,65.29,,8.55,1769.85,11.744,Medium
Tamil Nadu,Madurai,Small,1311.61,76.81,81.11,1106.88,9.82,2477.32,20.441,High
Tamil Nadu,Dharmapuri,Small,1979.93,89.87,49.04,2187.04,3.7,2685.08,18.368,High
Telangana,Khammam,Small,1187.39,66.28,54.27,1368.37,8.24,1593.91,5.288,Low
Rajasthan,Jodhpur,Small,1480.23,81.78,60.81,2042.41,0.79,2284.1,13.058,Medium
Tamil Nadu,Krishnagiri,Small,1469.9,64.63,30.73,801.07,14.0,2673.13,13.041,Medium
Telangana,Nizamabad,Large,4289.78,98.0,37.11,2097.88,4.78,1649.05,12.517,Medium
Karnataka,Hassan,Small,1730.02,73.45,59.15,,6.88,2182.39,11.735,Medium
Gujarat,Vadodara,Small,1642.77,72.12,51.37,2409.63,6.2,1588.79,7.892,Low
Andhra Pradesh,Kadapa,Large,4797.82,75.12,62.11,2377.17,4.36,1939.22,15.649,Medium
Tamil Nadu,Chennai,Medium,3684.09,86.54,67.0,1419.95,4.24,2459.93,21.392,High
Telangana,Khammam,Medium,2551.85,74.15,54.71,2001.38,7.94,1857.88,9.124,Medium
Rajasthan,Jodhpur,Small,1546.45,77.51,50.77,2454.56,6.61,2368.45,9.983,Medium
Gujarat,Bhavnagar,Medium,2154.76,62.16,58.01,762.34,3.33,1783.98,12.253,Medium
Rajasthan,Jaipur,Small,2004.7,65.23,57.83,1749.31,7.88,2015.87,8.032,Medium
Karnataka,Bengaluru,Medium,3285.18,54.01,58.62,1600.44,2.03,2716.83,14.869,Medium
Telangana,Karimnagar,Large,4583.99,76.61,37.67,2400.01,5.88,1564.91,11.179,Medium
Karnataka,Chitradurga,Medium,2379.61,71.47,32.22,1343.37,4.96,1980.66,14.73,Medium
Karnataka,Chitradurga,Small,893.66,57.87,79.32,2122.27,5.0,2352.15,11.893,Medium
Karnataka,Ramanagara,Medium,2514.0,69.0,74.84,1956.55,7.25,2201.86,14.238,Medium
Karnataka,Hassan,Medium,2754.69,70.08,52.28,1488.87,6.81,2202.38,14.659,Medium
Rajasthan,Kishangarh,Medium,2706.99,64.82,63.21,2071.44,5.97,1887.78,11.536,Medium
Telangana,Warangal,Medium,2239.56,65.36,40.16,1589.53,8.83,1303.49,9.038,Medium
Rajasthan,Makrana,Medium,2635.24,72.36,36.23,2673.83,10.52,1669.22,7.996,Low
Rajasthan,Makrana,Medium,2202.45,66.16,22.35,1516.31,4.78,2112.23,10.449,High
Rajasthan,Makrana,Large,4909.81,98.0,49.34,2311.68,8.43,2468.47,19.972,High
Karnataka,Bengaluru,Large,5271.62,74.87,51.11,2085.82,2.44,1994.58,19.476,High
Andhra Pradesh,Kadapa,Small,1896.89,78.8,60.83,2028.53,8.2,1937.27,9.165,Medium
Gujarat,Surat,Medium,2376.56,62.86,54.71,1907.09,7.1,1828.5,5.23,Low
Telangana,Nizamabad,Small,1568.9,69.09,49.26,1454.38,10.41,1549.11,6.454,Low
Rajasthan,Makrana,Medium,2626.96,58.12,48.7,2317.12,,2165.17,11.239,Medium
Tamil Nadu,Madurai,Small,2003.95,77.42,52.41,1822.64,9.76,2496.89,12.904,Medium
Tamil Nadu,Salem,Medium,3298.11,76.76,50.91,2382.24,10.27,2372.7,14.49,Medium
